<xocs:doc xsi:schemaLocation="http://www.elsevier.com/xml/xocs/dtd http://schema.elsevier.com/dtds/document/fulltext/xcr/xocs-article.xsd" xmlns:xocs="http://www.elsevier.com/xml/xocs/dtd" xmlns:xs="http://www.w3.org/2001/XMLSchema" xmlns:xsi="http://www.w3.org/2001/XMLSchema-instance" xmlns="http://www.elsevier.com/xml/ja/dtd" xmlns:ja="http://www.elsevier.com/xml/ja/dtd" xmlns:mml="http://www.w3.org/1998/Math/MathML" xmlns:tb="http://www.elsevier.com/xml/common/table/dtd" xmlns:sb="http://www.elsevier.com/xml/common/struct-bib/dtd" xmlns:ce="http://www.elsevier.com/xml/common/dtd" xmlns:xlink="http://www.w3.org/1999/xlink" xmlns:cals="http://www.elsevier.com/xml/common/cals/dtd"><xocs:meta><xocs:content-family>serial</xocs:content-family><xocs:content-type>JL</xocs:content-type><xocs:cid>271350</xocs:cid><xocs:ssids><xocs:ssid type="alllist">291210</xocs:ssid><xocs:ssid type="subj">291687</xocs:ssid><xocs:ssid type="subj">291720</xocs:ssid><xocs:ssid type="subj">291790</xocs:ssid><xocs:ssid type="subj">291821</xocs:ssid><xocs:ssid type="subj">291940</xocs:ssid><xocs:ssid type="content">31</xocs:ssid><xocs:ssid type="oa">90</xocs:ssid></xocs:ssids><xocs:srctitle>Chemical Physics Letters</xocs:srctitle><xocs:normalized-srctitle>CHEMICALPHYSICSLETTERS</xocs:normalized-srctitle><xocs:orig-load-date yyyymmdd="20150828">2015-08-28</xocs:orig-load-date><xocs:available-online-date yyyymmdd="20150828">2015-08-28</xocs:available-online-date><xocs:vor-load-date yyyymmdd="20150908">2015-09-08</xocs:vor-load-date><xocs:vor-available-online-date yyyymmdd="20150908">2015-09-08</xocs:vor-available-online-date><xocs:ew-transaction-id>2015-10-27T01:01:15</xocs:ew-transaction-id><xocs:eid>1-s2.0-S000926141500651X</xocs:eid><xocs:pii-formatted>S0009-2614(15)00651-X</xocs:pii-formatted><xocs:pii-unformatted>S000926141500651X</xocs:pii-unformatted><xocs:doi>10.1016/j.cplett.2015.08.054</xocs:doi><xocs:item-stage>S300</xocs:item-stage><xocs:item-version-number>S300.1</xocs:item-version-number><xocs:item-weight>FULL-TEXT</xocs:item-weight><xocs:hub-eid>1-s2.0-S0009261415X00170</xocs:hub-eid><xocs:timestamp yyyymmdd="20151026">2015-10-26T21:07:04.234509-04:00</xocs:timestamp><xocs:dco>0</xocs:dco><xocs:tomb>0</xocs:tomb><xocs:date-search-begin>20151001</xocs:date-search-begin><xocs:year-nav>2015</xocs:year-nav><xocs:indexeddate epoch="1440763327">2015-08-28T12:02:07.605142Z</xocs:indexeddate><xocs:articleinfo>absattachment articleinfo articletitlenorm authfirstinitialnorm authfirstsurnamenorm cid cids contenttype copyright crossmark dateloaded dateloadedtxt datesearch datesort dateupdated dco docsubtype doctype doi eid ewtransactionid fundingbodyid hubeid indexeddate issn issnnorm itemstage itemtransactionid itemweight oauserlicense openaccess openarchive pg pgfirst pglast pii piinorm pubdatestart pubdatetxt pubyr sectiontitle sortorder sponsoredaccesstype srctitle srctitlenorm srctype ssids alllist content oa subj subheadings suppl tomb volfirst volissue volumelist webpdf webpdfpagecount yearnav figure body mmlmath acknowledge affil articletitle auth authfirstini authfull authlast grantnumber grantsponsor highlightsabst primabst ref specialabst</xocs:articleinfo><xocs:issns><xocs:issn-primary-formatted>0009-2614</xocs:issn-primary-formatted><xocs:issn-primary-unformatted>00092614</xocs:issn-primary-unformatted></xocs:issns><xocs:sponsored-access-type>UNLIMITED</xocs:sponsored-access-type><xocs:funding-body-id>NONE</xocs:funding-body-id><xocs:crossmark is-crossmark="1">true</xocs:crossmark><xocs:vol-first>638</xocs:vol-first><xocs:volume-list><xocs:volume>638</xocs:volume></xocs:volume-list><xocs:suppl>C</xocs:suppl><xocs:vol-iss-suppl-text>Volume 638</xocs:vol-iss-suppl-text><xocs:sort-order>41</xocs:sort-order><xocs:first-fp>205</xocs:first-fp><xocs:last-lp>209</xocs:last-lp><xocs:pages><xocs:first-page>205</xocs:first-page><xocs:last-page>209</xocs:last-page></xocs:pages><xocs:cover-date-orig><xocs:start-date>20151001</xocs:start-date></xocs:cover-date-orig><xocs:cover-date-text>1 October 2015</xocs:cover-date-text><xocs:cover-date-start>2015-10-01</xocs:cover-date-start><xocs:cover-date-year>2015</xocs:cover-date-year><xocs:hub-sec><xocs:hub-sec-title>Biomolecules</xocs:hub-sec-title></xocs:hub-sec><xocs:document-type>article</xocs:document-type><xocs:document-subtype>fla</xocs:document-subtype><xocs:copyright-line>Copyright © 2015 The Authors. Published by Elsevier B.V.</xocs:copyright-line><xocs:normalized-article-title>PROTECTIVEEFFECTASCORBICACIDAGAINSTDOUBLESTRANDBREAKSINGIANTDNAMARKEDDIFFERENCESAMONGDAMAGEINDUCEDBYPHOTOIRRADIATIONGAMMARAYSULTRASOUND</xocs:normalized-article-title><xocs:normalized-first-auth-surname>MA</xocs:normalized-first-auth-surname><xocs:normalized-first-auth-initial>Y</xocs:normalized-first-auth-initial><xocs:item-toc><xocs:item-toc-entry ref-elem="ce:sections"><xocs:item-toc-label>1</xocs:item-toc-label><xocs:item-toc-section-title>Introduction</xocs:item-toc-section-title></xocs:item-toc-entry><xocs:item-toc-entry ref-elem="ce:sections"><xocs:item-toc-label>2</xocs:item-toc-label><xocs:item-toc-section-title>Materials and methods</xocs:item-toc-section-title><xocs:item-toc-entry ref-elem="ce:sections"><xocs:item-toc-label>2.1</xocs:item-toc-label><xocs:item-toc-section-title>Materials</xocs:item-toc-section-title></xocs:item-toc-entry><xocs:item-toc-entry ref-elem="ce:sections"><xocs:item-toc-label>2.2</xocs:item-toc-label><xocs:item-toc-section-title>Real-time observation of photo-induced breakage</xocs:item-toc-section-title></xocs:item-toc-entry><xocs:item-toc-entry ref-elem="ce:sections"><xocs:item-toc-label>2.3</xocs:item-toc-label><xocs:item-toc-section-title>Gamma-ray and ultrasound irradiation</xocs:item-toc-section-title></xocs:item-toc-entry><xocs:item-toc-entry ref-elem="ce:sections"><xocs:item-toc-label>2.4</xocs:item-toc-label><xocs:item-toc-section-title>Measurement of the length of single DNA molecules by fluorescence microscopy</xocs:item-toc-section-title></xocs:item-toc-entry></xocs:item-toc-entry><xocs:item-toc-entry ref-elem="ce:sections"><xocs:item-toc-label>3</xocs:item-toc-label><xocs:item-toc-section-title>Results and analysis</xocs:item-toc-section-title><xocs:item-toc-entry ref-elem="ce:sections"><xocs:item-toc-label>3.1</xocs:item-toc-label><xocs:item-toc-section-title>Protective effect of ascorbic acid against photo-induced DNA double-strand breaks</xocs:item-toc-section-title></xocs:item-toc-entry><xocs:item-toc-entry ref-elem="ce:sections"><xocs:item-toc-label>3.2</xocs:item-toc-label><xocs:item-toc-section-title>Protective effect of ascorbic acid against gamma-ray-induced DNA double-strand breaks</xocs:item-toc-section-title></xocs:item-toc-entry><xocs:item-toc-entry ref-elem="ce:sections"><xocs:item-toc-label>3.3</xocs:item-toc-label><xocs:item-toc-section-title>Protective effect of ascorbic acid against ultrasound-induced DNA double-strand breaks</xocs:item-toc-section-title></xocs:item-toc-entry><xocs:item-toc-entry ref-elem="ce:sections"><xocs:item-toc-label>3.4</xocs:item-toc-label><xocs:item-toc-section-title>Comparison of the protective effects of ascorbic acid among photo-irradiation, gamma-rays and ultrasound</xocs:item-toc-section-title></xocs:item-toc-entry></xocs:item-toc-entry><xocs:item-toc-entry ref-elem="ce:sections"><xocs:item-toc-label>4</xocs:item-toc-label><xocs:item-toc-section-title>Discussion</xocs:item-toc-section-title></xocs:item-toc-entry><xocs:item-toc-entry ref-elem="ce:acknowledgment"><xocs:item-toc-section-title>Acknowledgement</xocs:item-toc-section-title></xocs:item-toc-entry><xocs:item-toc-entry ref-elem="ce:bibliography"><xocs:item-toc-section-title>References</xocs:item-toc-section-title></xocs:item-toc-entry></xocs:item-toc><xocs:references><xocs:ref-info refid="sbref0140"><xocs:ref-normalized-surname>LOFT</xocs:ref-normalized-surname><xocs:ref-pub-year>1996</xocs:ref-pub-year><xocs:ref-first-fp>297</xocs:ref-first-fp><xocs:ref-normalized-initial>S</xocs:ref-normalized-initial></xocs:ref-info><xocs:ref-info refid="sbref0145"><xocs:ref-normalized-surname>WEINERT</xocs:ref-normalized-surname><xocs:ref-pub-year>1998</xocs:ref-pub-year><xocs:ref-first-fp>555</xocs:ref-first-fp><xocs:ref-normalized-initial>T</xocs:ref-normalized-initial></xocs:ref-info><xocs:ref-info refid="sbref0150"><xocs:ref-normalized-surname>FENECH</xocs:ref-normalized-surname><xocs:ref-pub-year>1998</xocs:ref-pub-year><xocs:ref-first-fp>23</xocs:ref-first-fp><xocs:ref-normalized-initial>M</xocs:ref-normalized-initial></xocs:ref-info><xocs:ref-info refid="sbref0155"><xocs:ref-normalized-surname>RICH</xocs:ref-normalized-surname><xocs:ref-pub-year>2000</xocs:ref-pub-year><xocs:ref-first-fp>777</xocs:ref-first-fp><xocs:ref-normalized-initial>T</xocs:ref-normalized-initial></xocs:ref-info><xocs:ref-info refid="sbref0160"><xocs:ref-normalized-surname>BRADBURY</xocs:ref-normalized-surname><xocs:ref-pub-year>2003</xocs:ref-pub-year><xocs:ref-first-fp>40</xocs:ref-first-fp><xocs:ref-normalized-initial>J</xocs:ref-normalized-initial></xocs:ref-info><xocs:ref-info refid="sbref0165"><xocs:ref-normalized-surname>HOEIJMAKERS</xocs:ref-normalized-surname><xocs:ref-pub-year>2009</xocs:ref-pub-year><xocs:ref-first-fp>1475</xocs:ref-first-fp><xocs:ref-normalized-initial>J</xocs:ref-normalized-initial></xocs:ref-info><xocs:ref-info refid="sbref0170"><xocs:ref-normalized-surname>KUMARI</xocs:ref-normalized-surname><xocs:ref-pub-year>2008</xocs:ref-pub-year><xocs:ref-first-fp>44</xocs:ref-first-fp><xocs:ref-normalized-initial>S</xocs:ref-normalized-initial></xocs:ref-info><xocs:ref-info refid="sbref0175"><xocs:ref-normalized-surname>SCHOCHETMAN</xocs:ref-normalized-surname><xocs:ref-pub-year>1988</xocs:ref-pub-year><xocs:ref-first-fp>1154</xocs:ref-first-fp><xocs:ref-normalized-initial>G</xocs:ref-normalized-initial></xocs:ref-info><xocs:ref-info refid="sbref0180"><xocs:ref-normalized-surname>AMARO</xocs:ref-normalized-surname><xocs:ref-pub-year>1994</xocs:ref-pub-year><xocs:ref-first-fp>3470</xocs:ref-first-fp><xocs:ref-normalized-initial>A</xocs:ref-normalized-initial></xocs:ref-info><xocs:ref-info refid="sbref0185"><xocs:ref-normalized-surname>MCFADDEN</xocs:ref-normalized-surname><xocs:ref-pub-year>1995</xocs:ref-pub-year><xocs:ref-first-fp>165</xocs:ref-first-fp><xocs:ref-normalized-initial>G</xocs:ref-normalized-initial></xocs:ref-info><xocs:ref-info refid="sbref0190"><xocs:ref-normalized-surname>LIAO</xocs:ref-normalized-surname><xocs:ref-pub-year>2009</xocs:ref-pub-year><xocs:ref-first-fp>46</xocs:ref-first-fp><xocs:ref-normalized-initial>W</xocs:ref-normalized-initial></xocs:ref-info><xocs:ref-info refid="sbref0195"><xocs:ref-normalized-surname>ESTEVEZTORRES</xocs:ref-normalized-surname><xocs:ref-pub-year>2011</xocs:ref-pub-year><xocs:ref-first-fp>6746</xocs:ref-first-fp><xocs:ref-normalized-initial>A</xocs:ref-normalized-initial></xocs:ref-info><xocs:ref-info refid="sbref0200"><xocs:ref-normalized-surname>LUNDBERG</xocs:ref-normalized-surname><xocs:ref-pub-year>2010</xocs:ref-pub-year><xocs:ref-first-fp>12488</xocs:ref-first-fp><xocs:ref-normalized-initial>D</xocs:ref-normalized-initial></xocs:ref-info><xocs:ref-info refid="sbref0205"><xocs:ref-normalized-surname>ZINCHENKO</xocs:ref-normalized-surname><xocs:ref-pub-year>2012</xocs:ref-pub-year><xocs:ref-first-fp>80</xocs:ref-first-fp><xocs:ref-normalized-initial>A</xocs:ref-normalized-initial></xocs:ref-info><xocs:ref-info refid="sbref0210"><xocs:ref-normalized-surname>KURITA</xocs:ref-normalized-surname><xocs:ref-pub-year>2010</xocs:ref-pub-year><xocs:ref-first-fp>165</xocs:ref-first-fp><xocs:ref-normalized-initial>H</xocs:ref-normalized-initial></xocs:ref-info><xocs:ref-info refid="sbref0215"><xocs:ref-normalized-surname>YOSHIKAWA</xocs:ref-normalized-surname><xocs:ref-pub-year>2004</xocs:ref-pub-year><xocs:ref-first-fp>39</xocs:ref-first-fp><xocs:ref-normalized-initial>Y</xocs:ref-normalized-initial></xocs:ref-info><xocs:ref-info refid="sbref0220"><xocs:ref-normalized-surname>YOSHIKAWA</xocs:ref-normalized-surname><xocs:ref-pub-year>2010</xocs:ref-pub-year><xocs:ref-first-fp>146</xocs:ref-first-fp><xocs:ref-normalized-initial>Y</xocs:ref-normalized-initial></xocs:ref-info><xocs:ref-info refid="sbref0225"><xocs:ref-normalized-surname>YOSHIDA</xocs:ref-normalized-surname><xocs:ref-pub-year>2013</xocs:ref-pub-year><xocs:ref-first-fp>063705</xocs:ref-first-fp><xocs:ref-normalized-initial>K</xocs:ref-normalized-initial></xocs:ref-info><xocs:ref-info refid="sbref0230"><xocs:ref-normalized-surname>SHIMOBAYASHI</xocs:ref-normalized-surname><xocs:ref-pub-year>2013</xocs:ref-pub-year><xocs:ref-first-fp>174907</xocs:ref-first-fp><xocs:ref-normalized-initial>S</xocs:ref-normalized-initial></xocs:ref-info><xocs:ref-info refid="sbref0235"><xocs:ref-normalized-surname>YOSHIKAWA</xocs:ref-normalized-surname><xocs:ref-pub-year>2003</xocs:ref-pub-year><xocs:ref-first-fp>3101</xocs:ref-first-fp><xocs:ref-normalized-initial>Y</xocs:ref-normalized-initial></xocs:ref-info><xocs:ref-info refid="sbref0240"><xocs:ref-normalized-surname>SUZUKI</xocs:ref-normalized-surname><xocs:ref-pub-year>2009</xocs:ref-pub-year><xocs:ref-first-fp>113</xocs:ref-first-fp><xocs:ref-normalized-initial>M</xocs:ref-normalized-initial></xocs:ref-info><xocs:ref-info refid="sbref0245"><xocs:ref-normalized-surname>YOSHIKAWA</xocs:ref-normalized-surname><xocs:ref-pub-year>2013</xocs:ref-pub-year><xocs:ref-first-fp>3712</xocs:ref-first-fp><xocs:ref-normalized-initial>Y</xocs:ref-normalized-initial></xocs:ref-info><xocs:ref-info refid="sbref0250"><xocs:ref-normalized-surname>IWAKI</xocs:ref-normalized-surname><xocs:ref-pub-year>2015</xocs:ref-pub-year><xocs:ref-first-fp>145101</xocs:ref-first-fp><xocs:ref-normalized-initial>T</xocs:ref-normalized-initial></xocs:ref-info><xocs:ref-info refid="sbref0255"><xocs:ref-normalized-surname>BREEN</xocs:ref-normalized-surname><xocs:ref-pub-year>1995</xocs:ref-pub-year><xocs:ref-first-fp>1033</xocs:ref-first-fp><xocs:ref-normalized-initial>A</xocs:ref-normalized-initial></xocs:ref-info><xocs:ref-info refid="sbref0260"><xocs:ref-normalized-surname>PAULING</xocs:ref-normalized-surname><xocs:ref-pub-year>1970</xocs:ref-pub-year><xocs:ref-first-fp>1643</xocs:ref-first-fp><xocs:ref-normalized-initial>L</xocs:ref-normalized-initial></xocs:ref-info><xocs:ref-info refid="sbref0265"><xocs:ref-normalized-surname>CAMERON</xocs:ref-normalized-surname><xocs:ref-pub-year>1979</xocs:ref-pub-year><xocs:ref-first-fp>663</xocs:ref-first-fp><xocs:ref-normalized-initial>E</xocs:ref-normalized-initial></xocs:ref-info><xocs:ref-info refid="sbref0270"><xocs:ref-normalized-surname>FRAGA</xocs:ref-normalized-surname><xocs:ref-pub-year>1991</xocs:ref-pub-year><xocs:ref-first-fp>11003</xocs:ref-first-fp><xocs:ref-normalized-initial>C</xocs:ref-normalized-initial></xocs:ref-info></xocs:references><xocs:attachment-metadata-doc><xocs:attachment-set-type>item</xocs:attachment-set-type><xocs:pii-formatted>S0009-2614(15)00651-X</xocs:pii-formatted><xocs:pii-unformatted>S000926141500651X</xocs:pii-unformatted><xocs:eid>1-s2.0-S000926141500651X</xocs:eid><xocs:doi>10.1016/j.cplett.2015.08.054</xocs:doi><xocs:cid>271350</xocs:cid><xocs:timestamp>2015-10-26T21:07:04.234509-04:00</xocs:timestamp><xocs:path>/271350/1-s2.0-S0009261415X00170/1-s2.0-S000926141500651X/</xocs:path><xocs:cover-date-start>2015-10-01</xocs:cover-date-start><xocs:sponsored-access-type>UNLIMITED</xocs:sponsored-access-type><xocs:funding-body-id>NONE</xocs:funding-body-id><xocs:attachments><xocs:web-pdf><xocs:attachment-eid>1-s2.0-S000926141500651X-main.pdf</xocs:attachment-eid><xocs:ucs-locator>https://s3-eu-west-1.amazonaws.com/prod-ucs-content-store-eu-west/content/pii:S000926141500651X/MAIN/application/pdf/695318c2242e47faf88cebff80a16dc0/main.pdf</xocs:ucs-locator><xocs:ucs-locator>https://s3.amazonaws.com/prod-ucs-content-store-us-east/content/pii:S000926141500651X/MAIN/application/pdf/695318c2242e47faf88cebff80a16dc0/main.pdf</xocs:ucs-locator><xocs:filename>main.pdf</xocs:filename><xocs:extension>pdf</xocs:extension><xocs:pdf-optimized>true</xocs:pdf-optimized><xocs:filesize>1350514</xocs:filesize><xocs:web-pdf-purpose>MAIN</xocs:web-pdf-purpose><xocs:web-pdf-page-count>5</xocs:web-pdf-page-count><xocs:web-pdf-images><xocs:web-pdf-image><xocs:attachment-eid>1-s2.0-S000926141500651X-main_1.png</xocs:attachment-eid><xocs:ucs-locator>https://s3-eu-west-1.amazonaws.com/prod-ucs-content-store-eu-west/content/pii:S000926141500651X/PREVIEW/image/png/42a840af790064d7e136900a4077bcad/main_1.png</xocs:ucs-locator><xocs:ucs-locator>https://s3.amazonaws.com/prod-ucs-content-store-us-east/content/pii:S000926141500651X/PREVIEW/image/png/42a840af790064d7e136900a4077bcad/main_1.png</xocs:ucs-locator><xocs:filename>main_1.png</xocs:filename><xocs:extension>png</xocs:extension><xocs:filesize>60947</xocs:filesize><xocs:pixel-height>849</xocs:pixel-height><xocs:pixel-width>656</xocs:pixel-width><xocs:attachment-type>IMAGE-WEB-PDF</xocs:attachment-type><xocs:pdf-page-num>1</xocs:pdf-page-num></xocs:web-pdf-image></xocs:web-pdf-images></xocs:web-pdf><xocs:attachment><xocs:attachment-eid>1-s2.0-S000926141500651X-fx1.sml</xocs:attachment-eid><xocs:ucs-locator>https://s3-eu-west-1.amazonaws.com/prod-ucs-content-store-eu-west/content/pii:S000926141500651X/fx1/THUMBNAIL/image/gif/9cadc21b262708a7ece39ce571aa935c/fx1.sml</xocs:ucs-locator><xocs:ucs-locator>https://s3.amazonaws.com/prod-ucs-content-store-us-east/content/pii:S000926141500651X/fx1/THUMBNAIL/image/gif/9cadc21b262708a7ece39ce571aa935c/fx1.sml</xocs:ucs-locator><xocs:file-basename>fx1</xocs:file-basename><xocs:abstract-attachment>true</xocs:abstract-attachment><xocs:filename>fx1.sml</xocs:filename><xocs:extension>sml</xocs:extension><xocs:filesize>7930</xocs:filesize><xocs:pixel-height>158</xocs:pixel-height><xocs:pixel-width>219</xocs:pixel-width><xocs:attachment-type>IMAGE-THUMBNAIL</xocs:attachment-type></xocs:attachment><xocs:attachment><xocs:attachment-eid>1-s2.0-S000926141500651X-gr1.sml</xocs:attachment-eid><xocs:ucs-locator>https://s3-eu-west-1.amazonaws.com/prod-ucs-content-store-eu-west/content/pii:S000926141500651X/gr1/THUMBNAIL/image/gif/fdeab009ce8036c5db378e9ac990626b/gr1.sml</xocs:ucs-locator><xocs:ucs-locator>https://s3.amazonaws.com/prod-ucs-content-store-us-east/content/pii:S000926141500651X/gr1/THUMBNAIL/image/gif/fdeab009ce8036c5db378e9ac990626b/gr1.sml</xocs:ucs-locator><xocs:file-basename>gr1</xocs:file-basename><xocs:filename>gr1.sml</xocs:filename><xocs:extension>sml</xocs:extension><xocs:filesize>14962</xocs:filesize><xocs:pixel-height>164</xocs:pixel-height><xocs:pixel-width>132</xocs:pixel-width><xocs:attachment-type>IMAGE-THUMBNAIL</xocs:attachment-type></xocs:attachment><xocs:attachment><xocs:attachment-eid>1-s2.0-S000926141500651X-gr2.sml</xocs:attachment-eid><xocs:ucs-locator>https://s3-eu-west-1.amazonaws.com/prod-ucs-content-store-eu-west/content/pii:S000926141500651X/gr2/THUMBNAIL/image/gif/0d2a8c3aadbca521b961c5f59ca0068d/gr2.sml</xocs:ucs-locator><xocs:ucs-locator>https://s3.amazonaws.com/prod-ucs-content-store-us-east/content/pii:S000926141500651X/gr2/THUMBNAIL/image/gif/0d2a8c3aadbca521b961c5f59ca0068d/gr2.sml</xocs:ucs-locator><xocs:file-basename>gr2</xocs:file-basename><xocs:filename>gr2.sml</xocs:filename><xocs:extension>sml</xocs:extension><xocs:filesize>13421</xocs:filesize><xocs:pixel-height>163</xocs:pixel-height><xocs:pixel-width>112</xocs:pixel-width><xocs:attachment-type>IMAGE-THUMBNAIL</xocs:attachment-type></xocs:attachment><xocs:attachment><xocs:attachment-eid>1-s2.0-S000926141500651X-gr3.sml</xocs:attachment-eid><xocs:ucs-locator>https://s3-eu-west-1.amazonaws.com/prod-ucs-content-store-eu-west/content/pii:S000926141500651X/gr3/THUMBNAIL/image/gif/fb71658c639322f13b1baec5e68d89fa/gr3.sml</xocs:ucs-locator><xocs:ucs-locator>https://s3.amazonaws.com/prod-ucs-content-store-us-east/content/pii:S000926141500651X/gr3/THUMBNAIL/image/gif/fb71658c639322f13b1baec5e68d89fa/gr3.sml</xocs:ucs-locator><xocs:file-basename>gr3</xocs:file-basename><xocs:filename>gr3.sml</xocs:filename><xocs:extension>sml</xocs:extension><xocs:filesize>17214</xocs:filesize><xocs:pixel-height>164</xocs:pixel-height><xocs:pixel-width>118</xocs:pixel-width><xocs:attachment-type>IMAGE-THUMBNAIL</xocs:attachment-type></xocs:attachment><xocs:attachment><xocs:attachment-eid>1-s2.0-S000926141500651X-gr4.sml</xocs:attachment-eid><xocs:ucs-locator>https://s3-eu-west-1.amazonaws.com/prod-ucs-content-store-eu-west/content/pii:S000926141500651X/gr4/THUMBNAIL/image/gif/9055bc9efd6e2b19efb00bc8261e22e3/gr4.sml</xocs:ucs-locator><xocs:ucs-locator>https://s3.amazonaws.com/prod-ucs-content-store-us-east/content/pii:S000926141500651X/gr4/THUMBNAIL/image/gif/9055bc9efd6e2b19efb00bc8261e22e3/gr4.sml</xocs:ucs-locator><xocs:file-basename>gr4</xocs:file-basename><xocs:filename>gr4.sml</xocs:filename><xocs:extension>sml</xocs:extension><xocs:filesize>11747</xocs:filesize><xocs:pixel-height>163</xocs:pixel-height><xocs:pixel-width>79</xocs:pixel-width><xocs:attachment-type>IMAGE-THUMBNAIL</xocs:attachment-type></xocs:attachment><xocs:attachment><xocs:attachment-eid>1-s2.0-S000926141500651X-gr5.sml</xocs:attachment-eid><xocs:ucs-locator>https://s3-eu-west-1.amazonaws.com/prod-ucs-content-store-eu-west/content/pii:S000926141500651X/gr5/THUMBNAIL/image/gif/e0c73c7b29857bfa03af0fcfc53bdc18/gr5.sml</xocs:ucs-locator><xocs:ucs-locator>https://s3.amazonaws.com/prod-ucs-content-store-us-east/content/pii:S000926141500651X/gr5/THUMBNAIL/image/gif/e0c73c7b29857bfa03af0fcfc53bdc18/gr5.sml</xocs:ucs-locator><xocs:file-basename>gr5</xocs:file-basename><xocs:filename>gr5.sml</xocs:filename><xocs:extension>sml</xocs:extension><xocs:filesize>10905</xocs:filesize><xocs:pixel-height>164</xocs:pixel-height><xocs:pixel-width>79</xocs:pixel-width><xocs:attachment-type>IMAGE-THUMBNAIL</xocs:attachment-type></xocs:attachment><xocs:attachment><xocs:attachment-eid>1-s2.0-S000926141500651X-gr6.sml</xocs:attachment-eid><xocs:ucs-locator>https://s3-eu-west-1.amazonaws.com/prod-ucs-content-store-eu-west/content/pii:S000926141500651X/gr6/THUMBNAIL/image/gif/50771ab28b4a369c67332e47015d60c5/gr6.sml</xocs:ucs-locator><xocs:ucs-locator>https://s3.amazonaws.com/prod-ucs-content-store-us-east/content/pii:S000926141500651X/gr6/THUMBNAIL/image/gif/50771ab28b4a369c67332e47015d60c5/gr6.sml</xocs:ucs-locator><xocs:file-basename>gr6</xocs:file-basename><xocs:filename>gr6.sml</xocs:filename><xocs:extension>sml</xocs:extension><xocs:filesize>14044</xocs:filesize><xocs:pixel-height>153</xocs:pixel-height><xocs:pixel-width>219</xocs:pixel-width><xocs:attachment-type>IMAGE-THUMBNAIL</xocs:attachment-type></xocs:attachment><xocs:attachment><xocs:attachment-eid>1-s2.0-S000926141500651X-fx1.jpg</xocs:attachment-eid><xocs:ucs-locator>https://s3-eu-west-1.amazonaws.com/prod-ucs-content-store-eu-west/content/pii:S000926141500651X/fx1/DOWNSAMPLED/image/jpeg/a1b8246256226a5f6d92de3a28392c56/fx1.jpg</xocs:ucs-locator><xocs:ucs-locator>https://s3.amazonaws.com/prod-ucs-content-store-us-east/content/pii:S000926141500651X/fx1/DOWNSAMPLED/image/jpeg/a1b8246256226a5f6d92de3a28392c56/fx1.jpg</xocs:ucs-locator><xocs:file-basename>fx1</xocs:file-basename><xocs:abstract-attachment>true</xocs:abstract-attachment><xocs:filename>fx1.jpg</xocs:filename><xocs:extension>jpg</xocs:extension><xocs:filesize>16309</xocs:filesize><xocs:pixel-height>200</xocs:pixel-height><xocs:pixel-width>277</xocs:pixel-width><xocs:attachment-type>IMAGE-DOWNSAMPLED</xocs:attachment-type></xocs:attachment><xocs:attachment><xocs:attachment-eid>1-s2.0-S000926141500651X-gr1.jpg</xocs:attachment-eid><xocs:ucs-locator>https://s3-eu-west-1.amazonaws.com/prod-ucs-content-store-eu-west/content/pii:S000926141500651X/gr1/DOWNSAMPLED/image/jpeg/5df76bca4b1fd98088fe32f2f8433510/gr1.jpg</xocs:ucs-locator><xocs:ucs-locator>https://s3.amazonaws.com/prod-ucs-content-store-us-east/content/pii:S000926141500651X/gr1/DOWNSAMPLED/image/jpeg/5df76bca4b1fd98088fe32f2f8433510/gr1.jpg</xocs:ucs-locator><xocs:file-basename>gr1</xocs:file-basename><xocs:filename>gr1.jpg</xocs:filename><xocs:extension>jpg</xocs:extension><xocs:filesize>44180</xocs:filesize><xocs:pixel-height>373</xocs:pixel-height><xocs:pixel-width>301</xocs:pixel-width><xocs:attachment-type>IMAGE-DOWNSAMPLED</xocs:attachment-type></xocs:attachment><xocs:attachment><xocs:attachment-eid>1-s2.0-S000926141500651X-gr2.jpg</xocs:attachment-eid><xocs:ucs-locator>https://s3-eu-west-1.amazonaws.com/prod-ucs-content-store-eu-west/content/pii:S000926141500651X/gr2/DOWNSAMPLED/image/jpeg/17959198da47cfe41fd5946a8cf5f69d/gr2.jpg</xocs:ucs-locator><xocs:ucs-locator>https://s3.amazonaws.com/prod-ucs-content-store-us-east/content/pii:S000926141500651X/gr2/DOWNSAMPLED/image/jpeg/17959198da47cfe41fd5946a8cf5f69d/gr2.jpg</xocs:ucs-locator><xocs:file-basename>gr2</xocs:file-basename><xocs:filename>gr2.jpg</xocs:filename><xocs:extension>jpg</xocs:extension><xocs:filesize>63664</xocs:filesize><xocs:pixel-height>488</xocs:pixel-height><xocs:pixel-width>335</xocs:pixel-width><xocs:attachment-type>IMAGE-DOWNSAMPLED</xocs:attachment-type></xocs:attachment><xocs:attachment><xocs:attachment-eid>1-s2.0-S000926141500651X-gr3.jpg</xocs:attachment-eid><xocs:ucs-locator>https://s3-eu-west-1.amazonaws.com/prod-ucs-content-store-eu-west/content/pii:S000926141500651X/gr3/DOWNSAMPLED/image/jpeg/9b6a40cd33e809d712710f94017ff8a9/gr3.jpg</xocs:ucs-locator><xocs:ucs-locator>https://s3.amazonaws.com/prod-ucs-content-store-us-east/content/pii:S000926141500651X/gr3/DOWNSAMPLED/image/jpeg/9b6a40cd33e809d712710f94017ff8a9/gr3.jpg</xocs:ucs-locator><xocs:file-basename>gr3</xocs:file-basename><xocs:filename>gr3.jpg</xocs:filename><xocs:extension>jpg</xocs:extension><xocs:filesize>71829</xocs:filesize><xocs:pixel-height>511</xocs:pixel-height><xocs:pixel-width>368</xocs:pixel-width><xocs:attachment-type>IMAGE-DOWNSAMPLED</xocs:attachment-type></xocs:attachment><xocs:attachment><xocs:attachment-eid>1-s2.0-S000926141500651X-gr4.jpg</xocs:attachment-eid><xocs:ucs-locator>https://s3-eu-west-1.amazonaws.com/prod-ucs-content-store-eu-west/content/pii:S000926141500651X/gr4/DOWNSAMPLED/image/jpeg/d467744f6736bf1ee93311d00ef38046/gr4.jpg</xocs:ucs-locator><xocs:ucs-locator>https://s3.amazonaws.com/prod-ucs-content-store-us-east/content/pii:S000926141500651X/gr4/DOWNSAMPLED/image/jpeg/d467744f6736bf1ee93311d00ef38046/gr4.jpg</xocs:ucs-locator><xocs:file-basename>gr4</xocs:file-basename><xocs:filename>gr4.jpg</xocs:filename><xocs:extension>jpg</xocs:extension><xocs:filesize>69294</xocs:filesize><xocs:pixel-height>697</xocs:pixel-height><xocs:pixel-width>339</xocs:pixel-width><xocs:attachment-type>IMAGE-DOWNSAMPLED</xocs:attachment-type></xocs:attachment><xocs:attachment><xocs:attachment-eid>1-s2.0-S000926141500651X-gr5.jpg</xocs:attachment-eid><xocs:ucs-locator>https://s3-eu-west-1.amazonaws.com/prod-ucs-content-store-eu-west/content/pii:S000926141500651X/gr5/DOWNSAMPLED/image/jpeg/05171fb766ae6d4df14b6e729b928292/gr5.jpg</xocs:ucs-locator><xocs:ucs-locator>https://s3.amazonaws.com/prod-ucs-content-store-us-east/content/pii:S000926141500651X/gr5/DOWNSAMPLED/image/jpeg/05171fb766ae6d4df14b6e729b928292/gr5.jpg</xocs:ucs-locator><xocs:file-basename>gr5</xocs:file-basename><xocs:filename>gr5.jpg</xocs:filename><xocs:extension>jpg</xocs:extension><xocs:filesize>66913</xocs:filesize><xocs:pixel-height>703</xocs:pixel-height><xocs:pixel-width>339</xocs:pixel-width><xocs:attachment-type>IMAGE-DOWNSAMPLED</xocs:attachment-type></xocs:attachment><xocs:attachment><xocs:attachment-eid>1-s2.0-S000926141500651X-gr6.jpg</xocs:attachment-eid><xocs:ucs-locator>https://s3-eu-west-1.amazonaws.com/prod-ucs-content-store-eu-west/content/pii:S000926141500651X/gr6/DOWNSAMPLED/image/jpeg/82749a54fa8317613bf8aa7197f90498/gr6.jpg</xocs:ucs-locator><xocs:ucs-locator>https://s3.amazonaws.com/prod-ucs-content-store-us-east/content/pii:S000926141500651X/gr6/DOWNSAMPLED/image/jpeg/82749a54fa8317613bf8aa7197f90498/gr6.jpg</xocs:ucs-locator><xocs:file-basename>gr6</xocs:file-basename><xocs:filename>gr6.jpg</xocs:filename><xocs:extension>jpg</xocs:extension><xocs:filesize>36825</xocs:filesize><xocs:pixel-height>198</xocs:pixel-height><xocs:pixel-width>284</xocs:pixel-width><xocs:attachment-type>IMAGE-DOWNSAMPLED</xocs:attachment-type></xocs:attachment><xocs:attachment><xocs:attachment-eid>1-s2.0-S000926141500651X-fx1_lrg.jpg</xocs:attachment-eid><xocs:ucs-locator>https://s3-eu-west-1.amazonaws.com/prod-ucs-content-store-eu-west/content/pii:S000926141500651X/fx1/HIGHRES/image/jpeg/54ee804463cee3d66d258faf5f989d36/fx1_lrg.jpg</xocs:ucs-locator><xocs:ucs-locator>https://s3.amazonaws.com/prod-ucs-content-store-us-east/content/pii:S000926141500651X/fx1/HIGHRES/image/jpeg/54ee804463cee3d66d258faf5f989d36/fx1_lrg.jpg</xocs:ucs-locator><xocs:file-basename>fx1</xocs:file-basename><xocs:abstract-attachment>true</xocs:abstract-attachment><xocs:filename>fx1_lrg.jpg</xocs:filename><xocs:extension>jpg</xocs:extension><xocs:filesize>119123</xocs:filesize><xocs:pixel-height>886</xocs:pixel-height><xocs:pixel-width>1230</xocs:pixel-width><xocs:attachment-type>IMAGE-HIGH-RES</xocs:attachment-type></xocs:attachment><xocs:attachment><xocs:attachment-eid>1-s2.0-S000926141500651X-gr1_lrg.jpg</xocs:attachment-eid><xocs:ucs-locator>https://s3-eu-west-1.amazonaws.com/prod-ucs-content-store-eu-west/content/pii:S000926141500651X/gr1/HIGHRES/image/jpeg/24cb8d5fd3003e169d7bb172628a7348/gr1_lrg.jpg</xocs:ucs-locator><xocs:ucs-locator>https://s3.amazonaws.com/prod-ucs-content-store-us-east/content/pii:S000926141500651X/gr1/HIGHRES/image/jpeg/24cb8d5fd3003e169d7bb172628a7348/gr1_lrg.jpg</xocs:ucs-locator><xocs:file-basename>gr1</xocs:file-basename><xocs:filename>gr1_lrg.jpg</xocs:filename><xocs:extension>jpg</xocs:extension><xocs:filesize>212953</xocs:filesize><xocs:pixel-height>1652</xocs:pixel-height><xocs:pixel-width>1333</xocs:pixel-width><xocs:attachment-type>IMAGE-HIGH-RES</xocs:attachment-type></xocs:attachment><xocs:attachment><xocs:attachment-eid>1-s2.0-S000926141500651X-gr2_lrg.jpg</xocs:attachment-eid><xocs:ucs-locator>https://s3-eu-west-1.amazonaws.com/prod-ucs-content-store-eu-west/content/pii:S000926141500651X/gr2/HIGHRES/image/jpeg/02fd718b798598e9309c6b625f16d956/gr2_lrg.jpg</xocs:ucs-locator><xocs:ucs-locator>https://s3.amazonaws.com/prod-ucs-content-store-us-east/content/pii:S000926141500651X/gr2/HIGHRES/image/jpeg/02fd718b798598e9309c6b625f16d956/gr2_lrg.jpg</xocs:ucs-locator><xocs:file-basename>gr2</xocs:file-basename><xocs:filename>gr2_lrg.jpg</xocs:filename><xocs:extension>jpg</xocs:extension><xocs:filesize>421450</xocs:filesize><xocs:pixel-height>2599</xocs:pixel-height><xocs:pixel-width>1784</xocs:pixel-width><xocs:attachment-type>IMAGE-HIGH-RES</xocs:attachment-type></xocs:attachment><xocs:attachment><xocs:attachment-eid>1-s2.0-S000926141500651X-gr3_lrg.jpg</xocs:attachment-eid><xocs:ucs-locator>https://s3-eu-west-1.amazonaws.com/prod-ucs-content-store-eu-west/content/pii:S000926141500651X/gr3/HIGHRES/image/jpeg/c052228a6d086bfbd467ea9401a6e96f/gr3_lrg.jpg</xocs:ucs-locator><xocs:ucs-locator>https://s3.amazonaws.com/prod-ucs-content-store-us-east/content/pii:S000926141500651X/gr3/HIGHRES/image/jpeg/c052228a6d086bfbd467ea9401a6e96f/gr3_lrg.jpg</xocs:ucs-locator><xocs:file-basename>gr3</xocs:file-basename><xocs:filename>gr3_lrg.jpg</xocs:filename><xocs:extension>jpg</xocs:extension><xocs:filesize>436257</xocs:filesize><xocs:pixel-height>2267</xocs:pixel-height><xocs:pixel-width>1632</xocs:pixel-width><xocs:attachment-type>IMAGE-HIGH-RES</xocs:attachment-type></xocs:attachment><xocs:attachment><xocs:attachment-eid>1-s2.0-S000926141500651X-gr4_lrg.jpg</xocs:attachment-eid><xocs:ucs-locator>https://s3-eu-west-1.amazonaws.com/prod-ucs-content-store-eu-west/content/pii:S000926141500651X/gr4/HIGHRES/image/jpeg/31c93ae36063a6e732888de2589ed699/gr4_lrg.jpg</xocs:ucs-locator><xocs:ucs-locator>https://s3.amazonaws.com/prod-ucs-content-store-us-east/content/pii:S000926141500651X/gr4/HIGHRES/image/jpeg/31c93ae36063a6e732888de2589ed699/gr4_lrg.jpg</xocs:ucs-locator><xocs:file-basename>gr4</xocs:file-basename><xocs:filename>gr4_lrg.jpg</xocs:filename><xocs:extension>jpg</xocs:extension><xocs:filesize>554090</xocs:filesize><xocs:pixel-height>3703</xocs:pixel-height><xocs:pixel-width>1800</xocs:pixel-width><xocs:attachment-type>IMAGE-HIGH-RES</xocs:attachment-type></xocs:attachment><xocs:attachment><xocs:attachment-eid>1-s2.0-S000926141500651X-gr5_lrg.jpg</xocs:attachment-eid><xocs:ucs-locator>https://s3-eu-west-1.amazonaws.com/prod-ucs-content-store-eu-west/content/pii:S000926141500651X/gr5/HIGHRES/image/jpeg/533c95a2ec3a9b940bf5a1c1b0f8310d/gr5_lrg.jpg</xocs:ucs-locator><xocs:ucs-locator>https://s3.amazonaws.com/prod-ucs-content-store-us-east/content/pii:S000926141500651X/gr5/HIGHRES/image/jpeg/533c95a2ec3a9b940bf5a1c1b0f8310d/gr5_lrg.jpg</xocs:ucs-locator><xocs:file-basename>gr5</xocs:file-basename><xocs:filename>gr5_lrg.jpg</xocs:filename><xocs:extension>jpg</xocs:extension><xocs:filesize>375315</xocs:filesize><xocs:pixel-height>3109</xocs:pixel-height><xocs:pixel-width>1500</xocs:pixel-width><xocs:attachment-type>IMAGE-HIGH-RES</xocs:attachment-type></xocs:attachment><xocs:attachment><xocs:attachment-eid>1-s2.0-S000926141500651X-gr6_lrg.jpg</xocs:attachment-eid><xocs:ucs-locator>https://s3-eu-west-1.amazonaws.com/prod-ucs-content-store-eu-west/content/pii:S000926141500651X/gr6/HIGHRES/image/jpeg/a7126b07f0f79e4fb9d2cde4f3a49b72/gr6_lrg.jpg</xocs:ucs-locator><xocs:ucs-locator>https://s3.amazonaws.com/prod-ucs-content-store-us-east/content/pii:S000926141500651X/gr6/HIGHRES/image/jpeg/a7126b07f0f79e4fb9d2cde4f3a49b72/gr6_lrg.jpg</xocs:ucs-locator><xocs:file-basename>gr6</xocs:file-basename><xocs:filename>gr6_lrg.jpg</xocs:filename><xocs:extension>jpg</xocs:extension><xocs:filesize>143985</xocs:filesize><xocs:pixel-height>879</xocs:pixel-height><xocs:pixel-width>1258</xocs:pixel-width><xocs:attachment-type>IMAGE-HIGH-RES</xocs:attachment-type></xocs:attachment><xocs:attachment><xocs:attachment-eid>1-s2.0-S000926141500651X-si1.gif</xocs:attachment-eid><xocs:ucs-locator>https://s3-eu-west-1.amazonaws.com/prod-ucs-content-store-eu-west/content/pii:S000926141500651X/STRIPIN/image/gif/907ea6066fd0aba9ed4da205840df076/si1.gif</xocs:ucs-locator><xocs:ucs-locator>https://s3.amazonaws.com/prod-ucs-content-store-us-east/content/pii:S000926141500651X/STRIPIN/image/gif/907ea6066fd0aba9ed4da205840df076/si1.gif</xocs:ucs-locator><xocs:file-basename>si1</xocs:file-basename><xocs:filename>si1.gif</xocs:filename><xocs:extension>gif</xocs:extension><xocs:filesize>361</xocs:filesize><xocs:pixel-height>16</xocs:pixel-height><xocs:pixel-width>77</xocs:pixel-width><xocs:attachment-type>ALTIMG</xocs:attachment-type></xocs:attachment><xocs:attachment><xocs:attachment-eid>1-s2.0-S000926141500651X-si2.gif</xocs:attachment-eid><xocs:ucs-locator>https://s3-eu-west-1.amazonaws.com/prod-ucs-content-store-eu-west/content/pii:S000926141500651X/STRIPIN/image/gif/91c68727955ca82d98511661d483c90d/si2.gif</xocs:ucs-locator><xocs:ucs-locator>https://s3.amazonaws.com/prod-ucs-content-store-us-east/content/pii:S000926141500651X/STRIPIN/image/gif/91c68727955ca82d98511661d483c90d/si2.gif</xocs:ucs-locator><xocs:file-basename>si2</xocs:file-basename><xocs:filename>si2.gif</xocs:filename><xocs:extension>gif</xocs:extension><xocs:filesize>616</xocs:filesize><xocs:pixel-height>16</xocs:pixel-height><xocs:pixel-width>166</xocs:pixel-width><xocs:attachment-type>ALTIMG</xocs:attachment-type></xocs:attachment><xocs:attachment><xocs:attachment-eid>1-s2.0-S000926141500651X-si3.gif</xocs:attachment-eid><xocs:ucs-locator>https://s3-eu-west-1.amazonaws.com/prod-ucs-content-store-eu-west/content/pii:S000926141500651X/STRIPIN/image/gif/9d83af9b46072f976b2fb7f9af5845f3/si3.gif</xocs:ucs-locator><xocs:ucs-locator>https://s3.amazonaws.com/prod-ucs-content-store-us-east/content/pii:S000926141500651X/STRIPIN/image/gif/9d83af9b46072f976b2fb7f9af5845f3/si3.gif</xocs:ucs-locator><xocs:file-basename>si3</xocs:file-basename><xocs:filename>si3.gif</xocs:filename><xocs:extension>gif</xocs:extension><xocs:filesize>616</xocs:filesize><xocs:pixel-height>17</xocs:pixel-height><xocs:pixel-width>137</xocs:pixel-width><xocs:attachment-type>ALTIMG</xocs:attachment-type></xocs:attachment><xocs:attachment><xocs:attachment-eid>1-s2.0-S000926141500651X-si4.gif</xocs:attachment-eid><xocs:ucs-locator>https://s3-eu-west-1.amazonaws.com/prod-ucs-content-store-eu-west/content/pii:S000926141500651X/STRIPIN/image/gif/7b0dda4257295ac7ee5306ce9a394b1d/si4.gif</xocs:ucs-locator><xocs:ucs-locator>https://s3.amazonaws.com/prod-ucs-content-store-us-east/content/pii:S000926141500651X/STRIPIN/image/gif/7b0dda4257295ac7ee5306ce9a394b1d/si4.gif</xocs:ucs-locator><xocs:file-basename>si4</xocs:file-basename><xocs:filename>si4.gif</xocs:filename><xocs:extension>gif</xocs:extension><xocs:filesize>445</xocs:filesize><xocs:pixel-height>17</xocs:pixel-height><xocs:pixel-width>119</xocs:pixel-width><xocs:attachment-type>ALTIMG</xocs:attachment-type></xocs:attachment><xocs:attachment><xocs:attachment-eid>1-s2.0-S000926141500651X-si5.gif</xocs:attachment-eid><xocs:ucs-locator>https://s3-eu-west-1.amazonaws.com/prod-ucs-content-store-eu-west/content/pii:S000926141500651X/STRIPIN/image/gif/f4539c942c959ec7dda82946567a4e28/si5.gif</xocs:ucs-locator><xocs:ucs-locator>https://s3.amazonaws.com/prod-ucs-content-store-us-east/content/pii:S000926141500651X/STRIPIN/image/gif/f4539c942c959ec7dda82946567a4e28/si5.gif</xocs:ucs-locator><xocs:file-basename>si5</xocs:file-basename><xocs:filename>si5.gif</xocs:filename><xocs:extension>gif</xocs:extension><xocs:filesize>312</xocs:filesize><xocs:pixel-height>18</xocs:pixel-height><xocs:pixel-width>47</xocs:pixel-width><xocs:attachment-type>ALTIMG</xocs:attachment-type></xocs:attachment><xocs:attachment><xocs:attachment-eid>1-s2.0-S000926141500651X-si6.gif</xocs:attachment-eid><xocs:ucs-locator>https://s3-eu-west-1.amazonaws.com/prod-ucs-content-store-eu-west/content/pii:S000926141500651X/STRIPIN/image/gif/69745b92ebf8caeb9fe123d52c226fd9/si6.gif</xocs:ucs-locator><xocs:ucs-locator>https://s3.amazonaws.com/prod-ucs-content-store-us-east/content/pii:S000926141500651X/STRIPIN/image/gif/69745b92ebf8caeb9fe123d52c226fd9/si6.gif</xocs:ucs-locator><xocs:file-basename>si6</xocs:file-basename><xocs:filename>si6.gif</xocs:filename><xocs:extension>gif</xocs:extension><xocs:filesize>472</xocs:filesize><xocs:pixel-height>16</xocs:pixel-height><xocs:pixel-width>115</xocs:pixel-width><xocs:attachment-type>ALTIMG</xocs:attachment-type></xocs:attachment><xocs:attachment><xocs:attachment-eid>1-s2.0-S000926141500651X-si7.gif</xocs:attachment-eid><xocs:ucs-locator>https://s3-eu-west-1.amazonaws.com/prod-ucs-content-store-eu-west/content/pii:S000926141500651X/STRIPIN/image/gif/5148de41f6c7422f61d44923099fbb79/si7.gif</xocs:ucs-locator><xocs:ucs-locator>https://s3.amazonaws.com/prod-ucs-content-store-us-east/content/pii:S000926141500651X/STRIPIN/image/gif/5148de41f6c7422f61d44923099fbb79/si7.gif</xocs:ucs-locator><xocs:file-basename>si7</xocs:file-basename><xocs:filename>si7.gif</xocs:filename><xocs:extension>gif</xocs:extension><xocs:filesize>276</xocs:filesize><xocs:pixel-height>12</xocs:pixel-height><xocs:pixel-width>58</xocs:pixel-width><xocs:attachment-type>ALTIMG</xocs:attachment-type></xocs:attachment><xocs:attachment><xocs:attachment-eid>1-s2.0-S000926141500651X-si8.gif</xocs:attachment-eid><xocs:ucs-locator>https://s3-eu-west-1.amazonaws.com/prod-ucs-content-store-eu-west/content/pii:S000926141500651X/STRIPIN/image/gif/08aed973e9512e54581bfe1b1f584b1f/si8.gif</xocs:ucs-locator><xocs:ucs-locator>https://s3.amazonaws.com/prod-ucs-content-store-us-east/content/pii:S000926141500651X/STRIPIN/image/gif/08aed973e9512e54581bfe1b1f584b1f/si8.gif</xocs:ucs-locator><xocs:file-basename>si8</xocs:file-basename><xocs:filename>si8.gif</xocs:filename><xocs:extension>gif</xocs:extension><xocs:filesize>443</xocs:filesize><xocs:pixel-height>17</xocs:pixel-height><xocs:pixel-width>104</xocs:pixel-width><xocs:attachment-type>ALTIMG</xocs:attachment-type></xocs:attachment></xocs:attachments></xocs:attachment-metadata-doc><xocs:refkeys><xocs:refkey3>MAX2015X205</xocs:refkey3><xocs:refkey4lp>MAX2015X205X209</xocs:refkey4lp><xocs:refkey4ai>MAX2015X205XY</xocs:refkey4ai><xocs:refkey5>MAX2015X205X209XY</xocs:refkey5></xocs:refkeys><xocs:open-access><xocs:oa-article-status is-open-access="1" is-open-archive="0">Full</xocs:oa-article-status><xocs:oa-access-effective-date>2015-08-26T11:37:04Z</xocs:oa-access-effective-date><xocs:oa-sponsor><xocs:oa-sponsor-type>Author</xocs:oa-sponsor-type></xocs:oa-sponsor><xocs:oa-user-license>http://creativecommons.org/licenses/by/4.0/</xocs:oa-user-license></xocs:open-access></xocs:meta><xocs:serial-item><article version="5.4" xml:lang="en" docsubtype="fla" xmlns:sa="http://www.elsevier.com/xml/common/struct-aff/dtd"><item-info><jid>CPLETT</jid><aid>33251</aid><ce:pii>S0009-2614(15)00651-X</ce:pii><ce:doi>10.1016/j.cplett.2015.08.054</ce:doi><ce:copyright type="other" year="2015">The Authors</ce:copyright></item-info><ce:floats><ce:figure id="fig0005"><ce:label>Figure 1</ce:label><ce:caption id="cap0005"><ce:simple-para id="spar0020" view="all">Example of the real-time observation of double-strand breaks. Fluorescence microscopic images on single T4 DNA molecule under photo-irradiation (left) and the corresponding quasi-three-dimensional profiles of the fluorescence-intensity distribution (right). (Fluorescent dye YOYO-1: 0.05<ce:hsp sp="0.25"/>μM, ascorbic acid: 1.0<ce:hsp sp="0.25"/>mM.)</ce:simple-para></ce:caption><ce:link id="lk0010" xlink:type="simple" xlink:href="pii:S000926141500651X/gr1" locator="gr1"/></ce:figure><ce:figure id="fig0010"><ce:label>Figure 2</ce:label><ce:caption id="cap0010"><ce:simple-para id="spar0025" view="all">Photo-induced DSBs. (a) Time-dependence of the percentage of damaged DNA molecules. (b) Relationship between <ce:italic>t</ce:italic><ce:sup loc="post">2</ce:sup> and log<ce:inf loc="post">10</ce:inf><ce:hsp sp="0.25"/><ce:italic>P</ce:italic>. (<ce:italic>P</ce:italic> is the percentage of surviving DNA molecules under photo-irradiation, which was calculated as [100%<ce:hsp sp="0.25"/>−<ce:hsp sp="0.25"/>(percentage of damaged DNA)].)</ce:simple-para></ce:caption><ce:link id="lk0015" xlink:type="simple" xlink:href="pii:S000926141500651X/gr2" locator="gr2"/></ce:figure><ce:figure id="fig0015"><ce:label>Figure 3</ce:label><ce:caption id="cap0015"><ce:simple-para id="spar0030" view="all">Schematic illustrations of a double-strand break. (a) Two-step mechanism. (b) One-step mechanism.</ce:simple-para></ce:caption><ce:link id="lk0020" xlink:type="simple" xlink:href="pii:S000926141500651X/gr3" locator="gr3"/></ce:figure><ce:figure id="fig0020"><ce:label>Figure 4</ce:label><ce:caption id="cap0020"><ce:simple-para id="spar0035" view="all">γ-Ray-induced DSBs. (a) Fluorescence microscopic images of DNA molecules fixed on a glass surface after irradiation with different doses of γ-rays. (b) Average lengths of DNA, 〈<ce:italic>L</ce:italic>〉, vs. the irradiation dose of γ-rays. (c) Number of DSBs per DNA molecule, vs. the irradiation dose of γ-rays.</ce:simple-para></ce:caption><ce:link id="lk0025" xlink:type="simple" xlink:href="pii:S000926141500651X/gr4" locator="gr4"/></ce:figure><ce:figure id="fig0025"><ce:label>Figure 5</ce:label><ce:caption id="cap0025"><ce:simple-para id="spar0040" view="all">Ultrasound-induced DSBs. (a) Fluorescence microscopic images of DNA molecules fixed on a glass surface after exposure to ultrasound at different sound pressures. (b) Average lengths of DNA, 〈<ce:italic>L</ce:italic>〉, vs. the sound pressure of ultrasound. (c) Number of DNA double-strand breaks per molecule, 〈<ce:italic>n</ce:italic>〉, vs. the sound pressure of ultrasound.</ce:simple-para></ce:caption><ce:link id="lk0030" xlink:type="simple" xlink:href="pii:S000926141500651X/gr5" locator="gr5"/></ce:figure><ce:figure id="fig0030"><ce:label>Figure 6</ce:label><ce:caption id="cap0030"><ce:simple-para id="spar0045" view="all">Difference in the protective effect of AA. Vertical axis is the relative kinetic constant <ce:italic>K</ce:italic><ce:inf loc="post">1</ce:inf><ce:hsp sp="0.25"/>=<ce:hsp sp="0.25"/><ce:italic>K</ce:italic>/<ce:italic>K</ce:italic><ce:inf loc="post">0</ce:inf> on the reaction to cause DSBs at different concentrations of ascorbic acid, where <ce:italic>K</ce:italic><ce:inf loc="post">0</ce:inf> is the rate constant in the absence of AA. (For ultrasound-induced DNA damage, the kinetic constants are adapted from the threshold sound pressure, whereas the data are essentially the same for the kinetic parameters provided from the slopes, as shown in <ce:cross-ref id="crf0005" refid="fig0025">Figure 5</ce:cross-ref>c.)</ce:simple-para></ce:caption><ce:link id="lk0035" xlink:type="simple" xlink:href="pii:S000926141500651X/gr6" locator="gr6"/></ce:figure></ce:floats><head><ce:title id="tit0005">Protective effect of ascorbic acid against double-strand breaks in giant DNA: Marked differences among the damage induced by photo-irradiation, gamma-rays and ultrasound</ce:title><ce:author-group id="aug0005"><ce:author id="aut0005"><ce:given-name>Yue</ce:given-name><ce:surname>Ma</ce:surname><ce:cross-ref id="crf0010" refid="aff0005"><ce:sup loc="post">a</ce:sup></ce:cross-ref></ce:author><ce:author id="aut0010"><ce:given-name>Naoki</ce:given-name><ce:surname>Ogawa</ce:surname><ce:cross-ref id="crf0015" refid="aff0005"><ce:sup loc="post">a</ce:sup></ce:cross-ref></ce:author><ce:author id="aut0015"><ce:given-name>Yuko</ce:given-name><ce:surname>Yoshikawa</ce:surname><ce:cross-ref id="crf0020" refid="aff0010"><ce:sup loc="post">b</ce:sup></ce:cross-ref></ce:author><ce:author id="aut0020"><ce:given-name>Toshiaki</ce:given-name><ce:surname>Mori</ce:surname><ce:cross-ref id="crf0025" refid="aff0015"><ce:sup loc="post">c</ce:sup></ce:cross-ref></ce:author><ce:author id="aut0025"><ce:given-name>Tadayuki</ce:given-name><ce:surname>Imanaka</ce:surname><ce:cross-ref id="crf0030" refid="aff0010"><ce:sup loc="post">b</ce:sup></ce:cross-ref></ce:author><ce:author id="aut0030"><ce:given-name>Yoshiaki</ce:given-name><ce:surname>Watanabe</ce:surname><ce:cross-ref id="crf0035" refid="aff0005"><ce:sup loc="post">a</ce:sup></ce:cross-ref></ce:author><ce:author id="aut0035"><ce:given-name>Kenichi</ce:given-name><ce:surname>Yoshikawa</ce:surname><ce:cross-ref id="crf0040" refid="aff0005"><ce:sup loc="post">a</ce:sup></ce:cross-ref><ce:cross-ref id="crf0045" refid="cor0005"><ce:sup loc="post">⁎</ce:sup></ce:cross-ref><ce:e-address id="eadd0005" type="email">keyoshik@mail.doshisha.ac.jp</ce:e-address></ce:author><ce:affiliation id="aff0005"><ce:label>a</ce:label><ce:textfn>Faculty of Biological and Medical Sciences, Doshisha University, Kyotanabe 610-0394, Japan</ce:textfn><sa:affiliation><sa:organization>Faculty of Biological and Medical Sciences, Doshisha University</sa:organization><sa:city>Kyotanabe</sa:city><sa:postal-code>610-0394</sa:postal-code><sa:country>Japan</sa:country></sa:affiliation></ce:affiliation><ce:affiliation id="aff0010"><ce:label>b</ce:label><ce:textfn>Research Organization of Science and Technology, Ritsumeikan University, Kusatsu 525-8577, Japan</ce:textfn><sa:affiliation><sa:organization>Research Organization of Science and Technology, Ritsumeikan University</sa:organization><sa:city>Kusatsu</sa:city><sa:postal-code>525-8577</sa:postal-code><sa:country>Japan</sa:country></sa:affiliation></ce:affiliation><ce:affiliation id="aff0015"><ce:label>c</ce:label><ce:textfn>Radiation Research Laboratory, Osaka Prefecture University, Sakai 599-8570, Japan</ce:textfn><sa:affiliation><sa:organization>Radiation Research Laboratory, Osaka Prefecture University</sa:organization><sa:city>Sakai</sa:city><sa:postal-code>599-8570</sa:postal-code><sa:country>Japan</sa:country></sa:affiliation></ce:affiliation><ce:correspondence id="cor0005"><ce:label>⁎</ce:label><ce:text>Corresponding author.</ce:text></ce:correspondence></ce:author-group><ce:date-received day="18" month="7" year="2015"/><ce:date-accepted day="21" month="8" year="2015"/><ce:abstract id="abs0005" class="graphical" view="all"><ce:section-title id="sect0005">Graphical abstract</ce:section-title><ce:abstract-sec id="abst0005" view="all"><ce:simple-para id="spar0005" view="all"/></ce:abstract-sec><ce:figure id="fig0035"><ce:link locator="fx1"/></ce:figure></ce:abstract><ce:abstract id="abs0010" class="author-highlights" view="all"><ce:section-title id="sect0010">Highlights</ce:section-title><ce:abstract-sec id="abst0010" view="all"><ce:simple-para id="spar0010" view="all"><ce:list id="lis0005"><ce:list-item id="lsti0005"><ce:label>•</ce:label><ce:para id="par0005" view="all">Double-strand breaks, DSBs, in genomic DNA were evaluated.</ce:para></ce:list-item><ce:list-item id="lsti0010"><ce:label>•</ce:label><ce:para id="par0010" view="all">Single DNA molecular observation was applied to analyze DSB quantitatively.</ce:para></ce:list-item><ce:list-item id="lsti0015"><ce:label>•</ce:label><ce:para id="par0015" view="all">Protective effect of ascorbic acid on DSBs against reactive oxygen was confirmed.</ce:para></ce:list-item><ce:list-item id="lsti0020"><ce:label>•</ce:label><ce:para id="par0020" view="all">Ascorbic acid did not decrease DSBs caused by ultrasound.</ce:para></ce:list-item><ce:list-item id="lsti0025"><ce:label>•</ce:label><ce:para id="par0025" view="all">Intermediate protection of ascorbic acid was found against γ-ray irradiation.</ce:para></ce:list-item></ce:list></ce:simple-para></ce:abstract-sec></ce:abstract><ce:abstract id="abs0015" view="all" class="author"><ce:section-title id="sect0015">Abstract</ce:section-title><ce:abstract-sec id="abst0015" view="all"><ce:simple-para id="spar0015" view="all">The protective effect of ascorbic acid against double-strand breaks in DNA was evaluated by single-molecule observation of giant DNA (T4 DNA; 166<ce:hsp sp="0.25"/>kbp) through fluorescence microscopy. Samples were exposed to three different forms of radiation: visible light, γ-ray and ultrasound. With regard to irradiation with visible light, 1<ce:hsp sp="0.25"/>mM AA reduced the damage down to ca. 30%. Same concentration of AA decreased the damage done by γ-ray to ca. 70%. However, AA had almost no protective effect against the damage caused by ultrasound. This significant difference is discussed in relation to the physico-chemical mechanism of double-strand breaks depending on the radiation source.</ce:simple-para></ce:abstract-sec></ce:abstract></head><body view="all"><ce:sections><ce:section id="sec0005" role="introduction" view="all"><ce:label>1</ce:label><ce:section-title id="sect0020">Introduction</ce:section-title><ce:para id="par0030" view="all">DNA plays an essential role in the development and function of all known living organisms, since it encodes the genetic instructions. Therefore, damage to DNA is a major problem for living things. DNA damage is currently categorized into 4 types: base changes, cross-linking, and single- and double-strand breaks (DSBs). Among these, DSBs are considered to be the most serious because they lead to cancer and cell death <ce:cross-refs id="crfs0005" refid="bib0140 bib0145 bib0150 bib0155 bib0160 bib0165">[1–6]</ce:cross-refs>. Many studies have been performed to detect DSBs both in vivo and in vitro. The polymerase chain reaction can be used to detect DNA damage through observation of the termination of amplification <ce:cross-refs id="crfs0010" refid="bib0170 bib0175">[7,8]</ce:cross-refs>. Immunological assays are also commonly used for the detection of oxidative DNA damage through the use of an antibody or immunoglobulin <ce:cross-refs id="crfs0015" refid="bib0170 bib0180">[7,9]</ce:cross-refs>. In situ hybridization provides information on specific changes in certain DNA sequences <ce:cross-refs id="crfs0020" refid="bib0170 bib0185">[7,10]</ce:cross-refs>. A comet assay can detect double-strand breaks in DNA, although a quantitative evaluation is almost impossible <ce:cross-refs id="crfs0025" refid="bib0170 bib0190">[7,11]</ce:cross-refs>. Despite the availability of these methods, it has been difficult to estimate the number of double-strand breaks in a reliable manner, especially for genome-sized long DNA molecules. Recently, it has been demonstrated that the direct visualization of single giant DNA molecules by the use of fluorescence microscopy provide useful information on the structure and function of genomic DNA molecules <ce:cross-refs id="crfs0030" refid="bib0195 bib0200 bib0205">[12–14]</ce:cross-refs>, including the application to analyze DSBs in a quantitative manner <ce:cross-refs id="crfs0035" refid="bib0210 bib0215 bib0220 bib0225 bib0230 bib0235 bib0240 bib0245 bib0250">[15–23]</ce:cross-refs>.</ce:para><ce:para id="par0035" view="all">Reactive oxygen species (ROS), which are generated through various processes, have been considered to be a major contributing factor to DNA strand breaks. The use of an antioxidant is an efficient method for protecting DNA from damage induced by reactive oxygen radicals <ce:cross-refs id="crfs0040" refid="bib0140 bib0255">[1,24]</ce:cross-refs>. Ascorbic acid (AA), or vitamin C, is a representative antioxidant. Pauling claimed that AA could play a significant role in maintaining good health in humans <ce:cross-refs id="crfs0045" refid="bib0260 bib0265">[25,26]</ce:cross-refs>. It has been reported that AA can reduce ROS in human sperm cells to minimize the risk of DNA damage <ce:cross-ref id="crf0050" refid="bib0270">[27]</ce:cross-ref>. In the present study, to evaluate the protective effects of AA on genome DNA molecules in a quantitative manner, we measured DSBs caused by photo-irradiation in the presence of sensitizer, γ-rays and ultrasound through single-molecule observation by fluorescence microscopy. To observe the effect of photo-induced reaction oxygen species, we used YOYO-1, quinolinium, 1,1′-[1,3-propanediyl-bis [(dimethylimino)-3,1-propanediyl]] bis [4-[(3-methyl-2(3H)-benzoxazolylidene)-methyl]]-tetraiodide, as a photosensitizer to generate reactive oxygen, and performed the real-time observation of double-strand breaks in individual DNA molecules, where YOYO-1 also helps to visualize DNA as a fluorescence dye <ce:cross-ref id="crf0055" refid="bib0220">[17]</ce:cross-ref>. With regard to γ-ray and ultrasound, the numbers of DSBs were evaluated in terms of the average length of DNA molecules at different degrees of irradiation in the presence of AA.</ce:para></ce:section><ce:section id="sec0010" role="materials-methods" view="all"><ce:label>2</ce:label><ce:section-title id="sect0025">Materials and methods</ce:section-title><ce:section id="sec0015" view="all"><ce:label>2.1</ce:label><ce:section-title id="sect0030">Materials</ce:section-title><ce:para id="par0040" view="all">T4 phage DNA (166<ce:hsp sp="0.25"/>kbp, contour length 57<ce:hsp sp="0.25"/>μm) was purchased from Nippon Gene (Toyama, Japan). A fluorescent cyanine dye, YOYO-1 (quinolinium, 1,1′-[1,3-propanediyl-bis [(dimethylimino)-3,1-propanediyl]] bis [4-[(3-methyl-2(3H)-benzoxazolylidene)-methyl]]-tetraiodide), was purchased from Molecular Probes, Inc. (Oregon, USA). Antioxidants, 2-mercaptoethanol (2-ME) and AA, and other necessary chemicals were purchased from Wako Pure Chemical Industries (Osaka, Japan).</ce:para></ce:section><ce:section id="sec0020" view="all"><ce:label>2.2</ce:label><ce:section-title id="sect0035">Real-time observation of photo-induced breakage</ce:section-title><ce:para id="par0045" view="all">In fluorescence microscopic observations, to minimize intermolecular aggregation, measurements were conducted at a low DNA concentration (0.1<ce:hsp sp="0.25"/>μM in nucleotide units). T4 phage DNA was dissolved in buffer solution with YOYO-1 in 10<ce:hsp sp="0.25"/>mM Tris–HCl (pH: 7.5). To evaluate the protective effects against double-strand breaks, AA was added to samples with final concentrations of 0.5<ce:hsp sp="0.25"/>mM and 1.0<ce:hsp sp="0.25"/>mM. 2-ME (concentration: 4% (v/v)) was added to the samples to slow the photo-cleavage reaction to a level that was suitable for real-time observation.</ce:para><ce:para id="par0050" view="all">The double-strand damage in individual DNA molecules was observed at a peak emission wavelength of 510<ce:hsp sp="0.25"/>nm under strong light illumination. Fluorescence DNA images were captured by use of an Axiovert 135 TV microscope (Carl Zeiss, Oberkochen, Germany) equipped with an oil-immersed 100× objective lens, and recorded on DVD through an EBCCD camera (Hamamatsu Photonics, Hamamatsu, Japan). The recorded videos were analyzed by VirtualDub, a free and open-source video-capture and video-processing utility for Microsoft Windows written by Avery Lee. All observations were carried out at around 20<ce:hsp sp="0.25"/>°C <ce:cross-refs id="crfs0050" refid="bib0215 bib0220">[16,17]</ce:cross-refs>.</ce:para></ce:section><ce:section id="sec0025" view="all"><ce:label>2.3</ce:label><ce:section-title id="sect0040">Gamma-ray and ultrasound irradiation</ce:section-title><ce:para id="par0055" view="all">T4 phage DNA (final concentration: 0.1<ce:hsp sp="0.25"/>μM) was dissolved in Tris–HCl (concentration: 10<ce:hsp sp="0.25"/>mM) buffer solution at pH 7.5. After AA was added to the DNA solution at either 0.5<ce:hsp sp="0.25"/>mM or 1.0<ce:hsp sp="0.25"/>mM, the samples were irradiated by <ce:sup loc="pre">60</ce:sup>Co γ-ray at a dose rate of 3860<ce:hsp sp="0.25"/>Gy/h. The quantity of γ-rays was controlled by the duration of irradiation <ce:cross-refs id="crfs0055" refid="bib0220 bib0240">[17,21]</ce:cross-refs>.</ce:para><ce:para id="par0060" view="all">Ultrasound for irradiation was provided by two Langevin transducers (FBL28452HS; FUJI CERAMICS, Fujinomiya, Japan) and the power was controlled by adjusting the transducers. The solutions for irradiation contained 0.1<ce:hsp sp="0.25"/>μM T4 in the presence and absence of 0.1<ce:hsp sp="0.25"/>μM. AA (final concentration: 1.0<ce:hsp sp="0.25"/>mM) with 10<ce:hsp sp="0.25"/>mM Tris–HCl buffer <ce:cross-ref id="crf0060" refid="bib0225">[18]</ce:cross-ref>.</ce:para></ce:section><ce:section id="sec0030" view="all"><ce:label>2.4</ce:label><ce:section-title id="sect0045">Measurement of the length of single DNA molecules by fluorescence microscopy</ce:section-title><ce:para id="par0065" view="all">DNA molecules were fixed on a glass surface after the addition of YOYO-1 (final concentration: 1<ce:hsp sp="0.25"/>μM). Glasses were pre-treated with poly-(<ce:small-caps>l</ce:small-caps>-lysine) (concentration: 0.05% (v/v)) solution, and washed repeatedly with distilled water. A droplet (15<ce:hsp sp="0.25"/>μl) of a sample was adsorbed on a modified glass slide and covered with a glass coverslip under weak shear. Fluorescence images were observed with an Axiovert 135 TV microscope (Carl Zeiss, Oberkochen, Germany) and analyzed by free software, ImageJ (National Institute of Mental Health, MD, USA) <ce:cross-refs id="crfs0060" refid="bib0220 bib0225">[17,18]</ce:cross-refs>.</ce:para></ce:section></ce:section><ce:section id="sec0035" view="all"><ce:label>3</ce:label><ce:section-title id="sect0050">Results and analysis</ce:section-title><ce:section id="sec0040" view="all"><ce:label>3.1</ce:label><ce:section-title id="sect0055">Protective effect of ascorbic acid against photo-induced DNA double-strand breaks</ce:section-title><ce:para id="par0070" view="all"><ce:cross-ref id="crf0065" refid="fig0005">Figure 1</ce:cross-ref><ce:float-anchor refid="fig0005"/> exemplifies the real-time observation of double-strand breaks and the corresponding quasi-three-dimensional profiles of the fluorescence-intensity distribution for a DNA molecule. From the visual confirmation of breakage, the breakage time, <ce:italic>τ</ce:italic>, was evaluated by taking time zero as the moment when focused illumination was initiated. The average breakage time, 〈<ce:italic>τ</ce:italic>〉, was calculated from the data for 40–50 DNA molecules. In the absence of AA, 〈<ce:italic>τ</ce:italic>〉 was 13<ce:hsp sp="0.25"/>s. 〈<ce:italic>τ</ce:italic>〉 increased with the addition of AA: 〈<ce:italic>τ</ce:italic>〉 was 22 and 26<ce:hsp sp="0.25"/>s in the presence of 0.5 and 1.0<ce:hsp sp="0.25"/>mM AA, respectively. <ce:cross-ref id="crf0070" refid="fig0010">Figure 2</ce:cross-ref><ce:float-anchor refid="fig0010"/>a shows the time-dependent increase on the percentage of damaged DNA molecules under of the double-strand breaks under photo-irradiation. In order to gain further insight on the mechanism of the double-strand breaks, as in <ce:cross-ref id="crf0075" refid="fig0010">Figure 2</ce:cross-ref>b we rescaled the graph by placing the logarithm of the probability <ce:italic>P</ce:italic> of surviving DNA and the square of the duration of irradiation on the vertical and horizontal axes, respectively. The linear relationships in the figure implies that the kinetics is given as the multiplication of two independent events, i.e., the double-strand breaks are induced as a two-step mechanism as the result of occurrence of two single-strand breaks nearby each other on the both sides of double-stranded helix <ce:cross-refs id="crfs0065" refid="bib0215 bib0220">[16,17]</ce:cross-refs>. As illustrated in <ce:cross-ref id="crf0080" refid="fig0015">Figure 3</ce:cross-ref><ce:float-anchor refid="fig0015"/>a, in the two-step mechanism, single-strand breaks, or nicks, are generated randomly along double-strand DNA molecules under irradiation (Step 1). When another single-strand break occurs on the other DNA strand near a certain nick, a double-strand break (Step 2) is generated, which is recognized as fragmentation in the single-molecule measurement (<ce:cross-ref id="crf0085" refid="fig0005">Figure 1</ce:cross-ref>). A DNA chain is cut into fragments only when the sugar phosphate backbones on both sides are broken. We have previously reported the details of the kinetics of DSBs through such a two-step mechanism <ce:cross-refs id="crfs0070" refid="bib0215 bib0220">[16,17]</ce:cross-refs>. In the following discussion, we only describe the essence on the theoretical scheme to analyze the experimental data.</ce:para><ce:para id="par0075" view="all">Under constant illumination with a power of I, the number of nicks along a single DNA molecule will increase as in Eq. <ce:cross-ref id="crf0090" refid="eq0005">(1)</ce:cross-ref>, where <ce:italic>α</ce:italic> is a constant:<ce:display><ce:formula id="eq0005"><ce:label>(1)</ce:label><mml:math altimg="si1.gif" overflow="scroll"><mml:mrow><mml:mtext>d</mml:mtext><mml:mi>n</mml:mi><mml:mo>/</mml:mo><mml:mtext>d</mml:mtext><mml:mi>t</mml:mi><mml:mo>=</mml:mo><mml:mi>α</mml:mi><mml:mi>I</mml:mi></mml:mrow></mml:math></ce:formula></ce:display>By denoting <ce:italic>P</ce:italic> as the probability of surviving DNA molecules against double-strand damage, the rate of the decrease in <ce:italic>P</ce:italic> can be represented as the product of <ce:italic>n</ce:italic> (number of nicks) and <ce:italic>P</ce:italic>:<ce:display><ce:formula id="eq0010"><ce:label>(2)</ce:label><mml:math altimg="si2.gif" overflow="scroll"><mml:mrow><mml:mtext>d</mml:mtext><mml:mi>P</mml:mi><mml:mo>/</mml:mo><mml:mtext>d</mml:mtext><mml:mi>t</mml:mi><mml:mo>=</mml:mo><mml:mo>−</mml:mo><mml:mi>k</mml:mi><mml:mi>n</mml:mi><mml:mi>P</mml:mi><mml:mo>=</mml:mo><mml:mo>−</mml:mo><mml:mi>k</mml:mi><mml:mi>α</mml:mi><mml:mi>I</mml:mi><mml:mi>t</mml:mi><mml:mi>P</mml:mi></mml:mrow></mml:math></ce:formula></ce:display>where <ce:italic>k</ce:italic> is a rate constant. Then, we obtain<ce:display><ce:formula id="eq0015"><ce:label>(3)</ce:label><mml:math altimg="si3.gif" overflow="scroll"><mml:mrow><mml:msub><mml:mtext>log</mml:mtext><mml:mrow><mml:mn>10</mml:mn></mml:mrow></mml:msub><mml:mtext> </mml:mtext><mml:mo stretchy="false">(</mml:mo><mml:mi>P</mml:mi><mml:mo>/</mml:mo><mml:msub><mml:mi>P</mml:mi><mml:mn>0</mml:mn></mml:msub><mml:mo stretchy="false">)</mml:mo><mml:mo>∝</mml:mo><mml:mo>−</mml:mo><mml:mi>α</mml:mi><mml:mi>I</mml:mi><mml:msup><mml:mi>t</mml:mi><mml:mn>2</mml:mn></mml:msup></mml:mrow></mml:math></ce:formula></ce:display>By considering the initial condition as <ce:italic>P</ce:italic><ce:inf loc="post">0</ce:inf><ce:hsp sp="0.25"/>=<ce:hsp sp="0.25"/>1 at <ce:italic>t</ce:italic><ce:hsp sp="0.25"/>=<ce:hsp sp="0.25"/>0, we obtain Eq. <ce:cross-ref id="crf0095" refid="eq0020">(4)</ce:cross-ref>:<ce:display><ce:formula id="eq0020"><ce:label>(4)</ce:label><mml:math altimg="si4.gif" overflow="scroll"><mml:mrow><mml:msub><mml:mtext>log</mml:mtext><mml:mrow><mml:mn>10</mml:mn></mml:mrow></mml:msub><mml:mtext> </mml:mtext><mml:mo stretchy="false">(</mml:mo><mml:mi>P</mml:mi><mml:mo stretchy="false">)</mml:mo><mml:mo>=</mml:mo><mml:mo>−</mml:mo><mml:msup><mml:mi>K</mml:mi><mml:mi>V</mml:mi></mml:msup><mml:msup><mml:mi>t</mml:mi><mml:mn>2</mml:mn></mml:msup></mml:mrow></mml:math></ce:formula></ce:display>where <ce:italic>K</ce:italic><ce:sup loc="post"><ce:italic>V</ce:italic></ce:sup> is a rescaled kinetic constant. Thus, the slopes in <ce:cross-ref id="crf0100" refid="fig0010">Figure 2</ce:cross-ref>b provide quantitative information on the protective effect of AA against photo-induced double-strand breaks.</ce:para><ce:para id="par0080" view="all">The linear relationships in <ce:cross-ref id="crf0105" refid="fig0010">Figure 2</ce:cross-ref>b actually demonstrate the validity of Eq. <ce:cross-ref id="crf0110" refid="eq0020">(4)</ce:cross-ref> for photo-induced DSBs, and from such relationships we can evaluate the relative kinetic constant <mml:math altimg="si5.gif" overflow="scroll"><mml:mrow><mml:msup><mml:mi>K</mml:mi><mml:mi>V</mml:mi></mml:msup><mml:mo>/</mml:mo><mml:msubsup><mml:mi>K</mml:mi><mml:mn>0</mml:mn><mml:mi>V</mml:mi></mml:msubsup></mml:mrow></mml:math>, where <ce:italic>A</ce:italic><ce:inf loc="post">0</ce:inf> is the case without AA. The difference in the slopes in <ce:cross-ref id="crf0115" refid="fig0010">Figure 2</ce:cross-ref>b indicate that the kinetics on the double-strand breaks in the presence of 0.5<ce:hsp sp="0.25"/>mM and 1.0<ce:hsp sp="0.25"/>mM AA are about 40% and 30%, respectively, of those in the absence of AA. It is also to be noted that such protective effect of AA is expected to work for the kinetics of single-strand breaks, as suggested from the above mentioned theoretical framework.</ce:para></ce:section><ce:section id="sec0045" view="all"><ce:label>3.2</ce:label><ce:section-title id="sect0060">Protective effect of ascorbic acid against gamma-ray-induced DNA double-strand breaks</ce:section-title><ce:para id="par0085" view="all">Fluorescence images of DNA fixed on a glass substrate for specimens after γ-ray radiation are exemplified in <ce:cross-ref id="crf0120" refid="fig0020">Figure 4</ce:cross-ref><ce:float-anchor refid="fig0020"/>a. As shown, the length of DNA molecules decreases with an increase in the intensity of γ-ray irradiation for both with and without AA. The average control length of DNA, 〈<ce:italic>L</ce:italic><ce:inf loc="post">0</ce:inf>〉, was determined to be 20.3<ce:hsp sp="0.25"/>μm for the samples without γ-ray radiation. This is somewhat smaller than the natural contour length (57<ce:hsp sp="0.25"/>μm) and can be attributed to the procedure used to extract and purify T4 DNA molecules from the phage. <ce:cross-ref id="crf0125" refid="fig0020">Figure 4</ce:cross-ref>b shows the change in the average length 〈<ce:italic>L</ce:italic>〉 of DNA as a function of the irradiation dose. If the average number of DSBs per individual DNA molecule is defined as 〈<ce:italic>n</ce:italic>〉, the following relationship is derived under the assumption of a one-step mechanism (<ce:cross-ref id="crf0130" refid="fig0010">Figure 2</ce:cross-ref>b) <ce:cross-refs id="crfs0075" refid="bib0215 bib0220">[16,17]</ce:cross-refs>:<ce:display><ce:formula id="eq0025"><ce:label>(5)</ce:label><mml:math altimg="si6.gif" overflow="scroll"><mml:mrow><mml:mo>〈</mml:mo><mml:mi>n</mml:mi><mml:mo>〉</mml:mo><mml:mo>≈</mml:mo><mml:mo>〈</mml:mo><mml:msub><mml:mi>L</mml:mi><mml:mn>0</mml:mn></mml:msub><mml:mo>〉</mml:mo><mml:mo>/</mml:mo><mml:mo>〈</mml:mo><mml:mi>L</mml:mi><mml:mo>〉</mml:mo><mml:mo>−</mml:mo><mml:mn>1</mml:mn></mml:mrow></mml:math></ce:formula></ce:display></ce:para><ce:para id="par0090" view="all">The proportionality of 〈<ce:italic>n</ce:italic>〉 with respect to the irradiation dose with γ-ray is shown in <ce:cross-ref id="crf0135" refid="fig0020">Figure 4</ce:cross-ref>c. Thus, we assumed Eq. <ce:cross-ref id="crf0140" refid="eq0030">(6)</ce:cross-ref> by introducing a kinetic constant <ce:italic>K</ce:italic><ce:sup loc="post"><ce:italic>γ</ce:italic></ce:sup>:<ce:display><ce:formula id="eq0030"><ce:label>(6)</ce:label><mml:math altimg="si7.gif" overflow="scroll"><mml:mrow><mml:mi>n</mml:mi><mml:mo>=</mml:mo><mml:msup><mml:mi>K</mml:mi><mml:mi>γ</mml:mi></mml:msup><mml:mi>D</mml:mi></mml:mrow></mml:math></ce:formula></ce:display></ce:para></ce:section><ce:section id="sec0050" view="all"><ce:label>3.3</ce:label><ce:section-title id="sect0065">Protective effect of ascorbic acid against ultrasound-induced DNA double-strand breaks</ce:section-title><ce:para id="par0095" view="all"><ce:cross-ref id="crf0145" refid="fig0025">Figure 5</ce:cross-ref><ce:float-anchor refid="fig0025"/>a exemplifies the DNA observations after exposure to ultrasound. We analyzed the experimental data in the same manner as for γ-ray-induced double-strand breaks. Based on the data on the sound pressure level-dependence of the average length 〈<ce:italic>L</ce:italic>〉 given in <ce:cross-ref id="crf0150" refid="fig0025">Figure 5</ce:cross-ref>b, we obtained a graph of the average number of breaks per original DNA molecule, 〈<ce:italic>n</ce:italic>〉, with respect to the sound pressure, as shown in <ce:cross-ref id="crf0155" refid="fig0025">Figure 5</ce:cross-ref>c. This confirms the existence of a threshold value of sound pressure for DNA double-strand breaks; below this threshold, the probability of double-strand breaks is essentially zero <ce:cross-ref id="crf0160" refid="bib0225">[18]</ce:cross-ref>. Above the threshold, 〈<ce:italic>n</ce:italic>〉 increases linearly with the sound pressure. Interestingly, the nature of the increase in 〈<ce:italic>n</ce:italic>〉 is almost the same independent of the presence or absence of AA. These results demonstrate that AA does not have an obvious protective effect against ultrasound-induced DSBs.</ce:para><ce:para id="par0100" view="all">As in the analysis of γ-ray-induced DSBs, the slope from the linear relationship with the intercept of horizontal axis at the threshold sound pressure <ce:italic>p</ce:italic><ce:inf loc="post">0</ce:inf><ce:hsp sp="0.25"/>=<ce:hsp sp="0.25"/>40<ce:hsp sp="0.25"/>kPa, kinetic constant, <ce:italic>K</ce:italic><ce:sup loc="post"><ce:italic>U</ce:italic></ce:sup>, is given as in Eq. <ce:cross-ref id="crf0165" refid="eq0035">(7)</ce:cross-ref>:<ce:display><ce:formula id="eq0035"><ce:label>(7)</ce:label><mml:math altimg="si8.gif" overflow="scroll"><mml:mrow><mml:mi>n</mml:mi><mml:mo>=</mml:mo><mml:msup><mml:mi>K</mml:mi><mml:mi>U</mml:mi></mml:msup><mml:mo stretchy="false">(</mml:mo><mml:mi>p</mml:mi><mml:mo>−</mml:mo><mml:mn>40</mml:mn><mml:mo stretchy="false">)</mml:mo></mml:mrow></mml:math></ce:formula></ce:display>where <ce:italic>n</ce:italic> is the number of DNA double-strand breaks and <ce:italic>p</ce:italic> (kPa) is the sound pressure of the ultrasound.</ce:para></ce:section><ce:section id="sec0055" view="all"><ce:label>3.4</ce:label><ce:section-title id="sect0070">Comparison of the protective effects of ascorbic acid among photo-irradiation, gamma-rays and ultrasound</ce:section-title><ce:para id="par0105" view="all">To compare the protective effects of AA against DSBs due to irradiation from different sources based on the experimentally available kinetic constants, <ce:italic>K</ce:italic><ce:sup loc="post"><ce:italic>V</ce:italic></ce:sup>, <ce:italic>K</ce:italic><ce:sup loc="post"><ce:italic>γ</ce:italic></ce:sup> and <ce:italic>K</ce:italic><ce:sup loc="post"><ce:italic>U</ce:italic></ce:sup>, we introduced a relative constant, <ce:italic>K</ce:italic><ce:inf loc="post">1</ce:inf><ce:hsp sp="0.25"/>=<ce:hsp sp="0.25"/><ce:italic>K</ce:italic>/<ce:italic>K</ce:italic><ce:inf loc="post">0</ce:inf>, where <ce:italic>K</ce:italic><ce:inf loc="post">0</ce:inf> is the kinetic constant of the control group for each radiation source. Thus, it becomes possible to compare the degree of protective effect by AA, regardless the mechanism of the DSBs, either one-step or two-step. Changes in the relative constant <ce:italic>K</ce:italic><ce:inf loc="post">1</ce:inf> under different concentrations of AA are shown in <ce:cross-ref id="crf0170" refid="fig0030">Figure 6</ce:cross-ref><ce:float-anchor refid="fig0030"/>.</ce:para><ce:para id="par0110" view="all">AA decreased the DNA damage caused by the exposure to visible light and this protective effect was enhanced with an increase in the concentration of AA. The DSBs induced by visible light decreased by about 65% in 1.0<ce:hsp sp="0.25"/>mM AA solution. Although AA had a similar protective effect against γ-ray-induced DSBs, the damage was reduced by only around 30% in 1.0<ce:hsp sp="0.25"/>mM AA solution, which is not as good as the protective effect against photo-induced damage. On the other hand, AA did not have any obvious protective effect against DSBs caused by ultrasound, where the kinetic constant is essentially the same as that in the absence of AA.</ce:para></ce:section></ce:section><ce:section id="sec0060" role="discussion" view="all"><ce:label>4</ce:label><ce:section-title id="sect0075">Discussion</ce:section-title><ce:para id="par0115" view="all">The protective effects of ascorbic acid against double-strand breaks in giant DNA molecules, which were caused by photo-irradiation in the presence of sensitizer, γ-rays and ultrasound, were tested at the level of single DNA molecules.</ce:para><ce:para id="par0120" view="all">With regard to photo-induced DSBs, AA obviously reduced the number of breaks and this inhibitory effect increased with an increase in the AA. As for the DNA damage caused by γ-rays, the protective effect of AA is somewhat weaker compared to the case of photo-induced damage. On the contrary, for the damage by ultrasound, AA did not show any obvious protective effects against DSBs.</ce:para><ce:para id="par0125" view="all">Previous studies have shown that there are two main mechanisms for the development of radiation-induced DSBs <ce:cross-refs id="crfs0080" refid="bib0215 bib0220">[16,17]</ce:cross-refs>. For γ-ray radiation, single step is the main process to cause DSBs (see <ce:cross-ref id="crf0175" refid="fig0015">Figure 3</ce:cross-ref>b), which is attributed to the generation of number of ROS upon the incident of individual photon of γ-ray. Whereas photo-radiation causes DSBs through two step mechanism (<ce:cross-ref id="crf0180" refid="fig0015">Figure 3</ce:cross-ref>a) by reflecting that each single photon causes mostly single ROS and thus induces only single strand break. Then, when a second single strand break occurs where near the existing single strand break, DBS is caused, i.e., the two step mechanism. Summarizing the results and discussion we may conclude as that: (1) The significant protective effect of AA against photo-induced damage may reflect the effective diminish of ROS by AA. (2) For the γ-ray induced DSB, the protective effect by AA is a little bit weaker than the case of photo irradiation. This may be due to the generation of numbers of ROS by single photon of γ-ray. Surviving oxygen species against the diminishment effect by AA may cause DSBs. (3) As for the DSBs by ultrasound, damage is caused by the shockwave through the generation of cavitations <ce:cross-ref id="crf0185" refid="bib0225">[18]</ce:cross-ref>. Thus, the chemical effect of AA to diminish ROS is considered to be negligibly small for the protection of DSBs.</ce:para></ce:section></ce:sections><ce:acknowledgment id="ack0005" view="all"><ce:section-title id="sect0080">Acknowledgement</ce:section-title><ce:para id="par0130" view="all">This work was partly supported by <ce:grant-sponsor id="gs1" xlink:type="simple" xlink:role="http://www.elsevier.com/xml/linking-roles/grant-sponsor">Kakenhi</ce:grant-sponsor> (Nos. <ce:grant-number refid="gs1">15H02121</ce:grant-number>, <ce:grant-number refid="gs1">25103012</ce:grant-number> and <ce:grant-number refid="gs1">25390038</ce:grant-number>).</ce:para></ce:acknowledgment></body><tail view="all"><ce:bibliography id="bibl0005" view="all"><ce:section-title id="sect0085">References</ce:section-title><ce:bibliography-sec id="bibs0005" view="all"><ce:bib-reference id="bib0140"><ce:label>[1]</ce:label><sb:reference id="sbref0140"><sb:contribution langtype="en"><sb:authors><sb:author><ce:given-name>S.</ce:given-name><ce:surname>Loft</ce:surname></sb:author><sb:author><ce:given-name>H.E.</ce:given-name><ce:surname>Poulsen</ce:surname></sb:author></sb:authors></sb:contribution><sb:host><sb:issue><sb:series><sb:title><sb:maintitle>J. Mol. Med.</sb:maintitle></sb:title><sb:volume-nr>74</sb:volume-nr></sb:series><sb:date>1996</sb:date></sb:issue><sb:pages><sb:first-page>297</sb:first-page></sb:pages></sb:host></sb:reference></ce:bib-reference><ce:bib-reference id="bib0145"><ce:label>[2]</ce:label><sb:reference id="sbref0145"><sb:contribution langtype="en"><sb:authors><sb:author><ce:given-name>T.</ce:given-name><ce:surname>Weinert</ce:surname></sb:author></sb:authors></sb:contribution><sb:host><sb:issue><sb:series><sb:title><sb:maintitle>Cell</sb:maintitle></sb:title><sb:volume-nr>94</sb:volume-nr></sb:series><sb:date>1998</sb:date></sb:issue><sb:pages><sb:first-page>555</sb:first-page></sb:pages></sb:host></sb:reference></ce:bib-reference><ce:bib-reference id="bib0150"><ce:label>[3]</ce:label><sb:reference id="sbref0150"><sb:contribution langtype="en"><sb:authors><sb:author><ce:given-name>M.</ce:given-name><ce:surname>Fenech</ce:surname></sb:author></sb:authors></sb:contribution><sb:host><sb:issue><sb:series><sb:title><sb:maintitle>Ann. N.Y. Acad. Sci.</sb:maintitle></sb:title><sb:volume-nr>854</sb:volume-nr></sb:series><sb:date>1998</sb:date></sb:issue><sb:pages><sb:first-page>23</sb:first-page></sb:pages></sb:host></sb:reference></ce:bib-reference><ce:bib-reference id="bib0155"><ce:label>[4]</ce:label><sb:reference id="sbref0155"><sb:contribution langtype="en"><sb:authors><sb:author><ce:given-name>T.</ce:given-name><ce:surname>Rich</ce:surname></sb:author><sb:author><ce:given-name>R.L.</ce:given-name><ce:surname>Allen</ce:surname></sb:author><sb:author><ce:given-name>A.H.</ce:given-name><ce:surname>Wyllie</ce:surname></sb:author></sb:authors></sb:contribution><sb:host><sb:issue><sb:series><sb:title><sb:maintitle>Nature</sb:maintitle></sb:title><sb:volume-nr>407</sb:volume-nr></sb:series><sb:date>2000</sb:date></sb:issue><sb:pages><sb:first-page>777</sb:first-page></sb:pages></sb:host></sb:reference></ce:bib-reference><ce:bib-reference id="bib0160"><ce:label>[5]</ce:label><sb:reference id="sbref0160"><sb:contribution langtype="en"><sb:authors><sb:author><ce:given-name>J.</ce:given-name><ce:surname>Bradbury</ce:surname></sb:author><sb:author><ce:given-name>S.</ce:given-name><ce:surname>Jackson</ce:surname></sb:author></sb:authors></sb:contribution><sb:host><sb:issue><sb:series><sb:title><sb:maintitle>Biochem. Soc. Trans.</sb:maintitle></sb:title><sb:volume-nr>31</sb:volume-nr></sb:series><sb:date>2003</sb:date></sb:issue><sb:pages><sb:first-page>40</sb:first-page></sb:pages></sb:host></sb:reference></ce:bib-reference><ce:bib-reference id="bib0165"><ce:label>[6]</ce:label><sb:reference id="sbref0165"><sb:contribution langtype="en"><sb:authors><sb:author><ce:given-name>J.H.</ce:given-name><ce:surname>Hoeijmakers</ce:surname></sb:author></sb:authors></sb:contribution><sb:host><sb:issue><sb:series><sb:title><sb:maintitle>N. Engl. J. Med.</sb:maintitle></sb:title><sb:volume-nr>361</sb:volume-nr></sb:series><sb:date>2009</sb:date></sb:issue><sb:pages><sb:first-page>1475</sb:first-page></sb:pages></sb:host></sb:reference></ce:bib-reference><ce:bib-reference id="bib0170"><ce:label>[7]</ce:label><sb:reference id="sbref0170"><sb:contribution langtype="en"><sb:authors><sb:author><ce:given-name>S.</ce:given-name><ce:surname>Kumari</ce:surname></sb:author><sb:author><ce:given-name>R.P.</ce:given-name><ce:surname>Rastogi</ce:surname></sb:author><sb:author><ce:given-name>K.L.</ce:given-name><ce:surname>Singh</ce:surname></sb:author><sb:author><ce:given-name>S.P.</ce:given-name><ce:surname>Singh</ce:surname></sb:author><sb:author><ce:given-name>R.P.</ce:given-name><ce:surname>Sinha</ce:surname></sb:author></sb:authors></sb:contribution><sb:host><sb:issue><sb:series><sb:title><sb:maintitle>EXCLI J.</sb:maintitle></sb:title><sb:volume-nr>7</sb:volume-nr></sb:series><sb:date>2008</sb:date></sb:issue><sb:pages><sb:first-page>44</sb:first-page></sb:pages></sb:host></sb:reference></ce:bib-reference><ce:bib-reference id="bib0175"><ce:label>[8]</ce:label><sb:reference id="sbref0175"><sb:contribution langtype="en"><sb:authors><sb:author><ce:given-name>G.</ce:given-name><ce:surname>Schochetman</ce:surname></sb:author><sb:author><ce:given-name>C.-Y.</ce:given-name><ce:surname>Ou</ce:surname></sb:author><sb:author><ce:given-name>W.K.</ce:given-name><ce:surname>Jones</ce:surname></sb:author></sb:authors></sb:contribution><sb:host><sb:issue><sb:series><sb:title><sb:maintitle>J. Infect. Dis.</sb:maintitle></sb:title></sb:series><sb:date>1988</sb:date></sb:issue><sb:pages><sb:first-page>1154</sb:first-page></sb:pages></sb:host></sb:reference></ce:bib-reference><ce:bib-reference id="bib0180"><ce:label>[9]</ce:label><sb:reference id="sbref0180"><sb:contribution langtype="en"><sb:authors><sb:author><ce:given-name>A.M.</ce:given-name><ce:surname>Amaro</ce:surname></sb:author><sb:author><ce:given-name>K.B.</ce:given-name><ce:surname>Hallberg</ce:surname></sb:author><sb:author><ce:given-name>E.B.</ce:given-name><ce:surname>Lindström</ce:surname></sb:author><sb:author><ce:given-name>C.A.</ce:given-name><ce:surname>Jerez</ce:surname></sb:author></sb:authors></sb:contribution><sb:host><sb:issue><sb:series><sb:title><sb:maintitle>Appl. Environ. Microbiol.</sb:maintitle></sb:title><sb:volume-nr>60</sb:volume-nr></sb:series><sb:date>1994</sb:date></sb:issue><sb:pages><sb:first-page>3470</sb:first-page></sb:pages></sb:host></sb:reference></ce:bib-reference><ce:bib-reference id="bib0185"><ce:label>[10]</ce:label><sb:reference id="sbref0185"><sb:contribution langtype="en"><sb:authors><sb:author><ce:given-name>G.I.</ce:given-name><ce:surname>McFadden</ce:surname></sb:author></sb:authors></sb:contribution><sb:host><sb:issue><sb:series><sb:title><sb:maintitle>Methods Cell Biol.</sb:maintitle></sb:title><sb:volume-nr>49</sb:volume-nr></sb:series><sb:date>1995</sb:date></sb:issue><sb:pages><sb:first-page>165</sb:first-page></sb:pages></sb:host></sb:reference></ce:bib-reference><ce:bib-reference id="bib0190"><ce:label>[11]</ce:label><sb:reference id="sbref0190"><sb:contribution langtype="en"><sb:authors><sb:author><ce:given-name>W.</ce:given-name><ce:surname>Liao</ce:surname></sb:author><sb:author><ce:given-name>M.A.</ce:given-name><ce:surname>McNutt</ce:surname></sb:author><sb:author><ce:given-name>W.-G.</ce:given-name><ce:surname>Zhu</ce:surname></sb:author></sb:authors></sb:contribution><sb:host><sb:issue><sb:series><sb:title><sb:maintitle>Methods</sb:maintitle></sb:title><sb:volume-nr>48</sb:volume-nr></sb:series><sb:date>2009</sb:date></sb:issue><sb:pages><sb:first-page>46</sb:first-page></sb:pages></sb:host></sb:reference></ce:bib-reference><ce:bib-reference id="bib0195"><ce:label>[12]</ce:label><sb:reference id="sbref0195"><sb:contribution langtype="en"><sb:authors><sb:author><ce:given-name>A.</ce:given-name><ce:surname>Estévez-Torres</ce:surname></sb:author><sb:author><ce:given-name>D.</ce:given-name><ce:surname>Baigl</ce:surname></sb:author></sb:authors></sb:contribution><sb:host><sb:issue><sb:series><sb:title><sb:maintitle>Soft Matter</sb:maintitle></sb:title><sb:volume-nr>7</sb:volume-nr></sb:series><sb:date>2011</sb:date></sb:issue><sb:pages><sb:first-page>6746</sb:first-page></sb:pages></sb:host></sb:reference></ce:bib-reference><ce:bib-reference id="bib0200"><ce:label>[13]</ce:label><sb:reference id="sbref0200"><sb:contribution langtype="en"><sb:authors><sb:author><ce:given-name>D.</ce:given-name><ce:surname>Lundberg</ce:surname></sb:author><sb:author><ce:given-name>N.V.</ce:given-name><ce:surname>Berezhnoy</ce:surname></sb:author><sb:author><ce:given-name>C.</ce:given-name><ce:surname>Lu</ce:surname></sb:author><sb:author><ce:given-name>N.</ce:given-name><ce:surname>Korolev</ce:surname></sb:author><sb:author><ce:given-name>C.-J.</ce:given-name><ce:surname>Su</ce:surname></sb:author><sb:et-al/></sb:authors></sb:contribution><sb:host><sb:issue><sb:series><sb:title><sb:maintitle>Langmuir</sb:maintitle></sb:title><sb:volume-nr>26</sb:volume-nr></sb:series><sb:date>2010</sb:date></sb:issue><sb:pages><sb:first-page>12488</sb:first-page></sb:pages></sb:host></sb:reference></ce:bib-reference><ce:bib-reference id="bib0205"><ce:label>[14]</ce:label><sb:reference id="sbref0205"><sb:contribution langtype="en"><sb:authors><sb:author><ce:given-name>A.A.</ce:given-name><ce:surname>Zinchenko</ce:surname></sb:author></sb:authors></sb:contribution><sb:host><sb:issue><sb:series><sb:title><sb:maintitle>Polym. Sci. Ser. C</sb:maintitle></sb:title><sb:volume-nr>54</sb:volume-nr></sb:series><sb:date>2012</sb:date></sb:issue><sb:pages><sb:first-page>80</sb:first-page></sb:pages></sb:host></sb:reference></ce:bib-reference><ce:bib-reference id="bib0210"><ce:label>[15]</ce:label><sb:reference id="sbref0210"><sb:contribution langtype="en"><sb:authors><sb:author><ce:given-name>H.</ce:given-name><ce:surname>Kurita</ce:surname></sb:author><sb:author><ce:given-name>T.</ce:given-name><ce:surname>Takata</ce:surname></sb:author><sb:author><ce:given-name>H.</ce:given-name><ce:surname>Yasuda</ce:surname></sb:author><sb:author><ce:given-name>K.</ce:given-name><ce:surname>Takashima</ce:surname></sb:author><sb:author><ce:given-name>A.</ce:given-name><ce:surname>Mizuno</ce:surname></sb:author></sb:authors></sb:contribution><sb:host><sb:issue><sb:series><sb:title><sb:maintitle>Chem. Phys. Lett.</sb:maintitle></sb:title><sb:volume-nr>493</sb:volume-nr></sb:series><sb:date>2010</sb:date></sb:issue><sb:pages><sb:first-page>165</sb:first-page></sb:pages></sb:host></sb:reference></ce:bib-reference><ce:bib-reference id="bib0215"><ce:label>[16]</ce:label><sb:reference id="sbref0215"><sb:contribution langtype="en"><sb:authors><sb:author><ce:given-name>Y.</ce:given-name><ce:surname>Yoshikawa</ce:surname></sb:author><sb:author><ce:given-name>M.</ce:given-name><ce:surname>Suzuki</ce:surname></sb:author><sb:author><ce:given-name>N.</ce:given-name><ce:surname>Yamada</ce:surname></sb:author><sb:author><ce:given-name>K.</ce:given-name><ce:surname>Yoshikawa</ce:surname></sb:author></sb:authors></sb:contribution><sb:host><sb:issue><sb:series><sb:title><sb:maintitle>FEBS Lett.</sb:maintitle></sb:title><sb:volume-nr>566</sb:volume-nr></sb:series><sb:date>2004</sb:date></sb:issue><sb:pages><sb:first-page>39</sb:first-page></sb:pages></sb:host></sb:reference></ce:bib-reference><ce:bib-reference id="bib0220"><ce:label>[17]</ce:label><sb:reference id="sbref0220"><sb:contribution langtype="en"><sb:authors><sb:author><ce:given-name>Y.</ce:given-name><ce:surname>Yoshikawa</ce:surname></sb:author><sb:author><ce:given-name>T.</ce:given-name><ce:surname>Mori</ce:surname></sb:author><sb:author><ce:given-name>M.</ce:given-name><ce:surname>Suzuki</ce:surname></sb:author><sb:author><ce:given-name>T.</ce:given-name><ce:surname>Imanaka</ce:surname></sb:author><sb:author><ce:given-name>K.</ce:given-name><ce:surname>Yoshikawa</ce:surname></sb:author></sb:authors></sb:contribution><sb:host><sb:issue><sb:series><sb:title><sb:maintitle>Chem. Phys. Lett.</sb:maintitle></sb:title><sb:volume-nr>501</sb:volume-nr></sb:series><sb:date>2010</sb:date></sb:issue><sb:pages><sb:first-page>146</sb:first-page></sb:pages></sb:host></sb:reference></ce:bib-reference><ce:bib-reference id="bib0225"><ce:label>[18]</ce:label><sb:reference id="sbref0225"><sb:contribution langtype="en"><sb:authors><sb:author><ce:given-name>K.</ce:given-name><ce:surname>Yoshida</ce:surname></sb:author><sb:author><ce:given-name>N.</ce:given-name><ce:surname>Ogawa</ce:surname></sb:author><sb:author><ce:given-name>Y.</ce:given-name><ce:surname>Kagawa</ce:surname></sb:author><sb:author><ce:given-name>H.</ce:given-name><ce:surname>Tabata</ce:surname></sb:author><sb:author><ce:given-name>Y.</ce:given-name><ce:surname>Watanabe</ce:surname></sb:author><sb:et-al/></sb:authors></sb:contribution><sb:host><sb:issue><sb:series><sb:title><sb:maintitle>Appl. Phys. Lett.</sb:maintitle></sb:title><sb:volume-nr>103</sb:volume-nr></sb:series><sb:date>2013</sb:date></sb:issue><sb:pages><sb:first-page>063705</sb:first-page></sb:pages></sb:host></sb:reference></ce:bib-reference><ce:bib-reference id="bib0230"><ce:label>[19]</ce:label><sb:reference id="sbref0230"><sb:contribution langtype="en"><sb:authors><sb:author><ce:given-name>S.F.</ce:given-name><ce:surname>Shimobayashi</ce:surname></sb:author><sb:author><ce:given-name>T.</ce:given-name><ce:surname>Iwaki</ce:surname></sb:author><sb:author><ce:given-name>T.</ce:given-name><ce:surname>Mori</ce:surname></sb:author><sb:author><ce:given-name>K.</ce:given-name><ce:surname>Yoshikawa</ce:surname></sb:author></sb:authors></sb:contribution><sb:host><sb:issue><sb:series><sb:title><sb:maintitle>J. Chem. Phys.</sb:maintitle></sb:title><sb:volume-nr>138</sb:volume-nr></sb:series><sb:date>2013</sb:date></sb:issue><sb:pages><sb:first-page>174907</sb:first-page></sb:pages></sb:host></sb:reference></ce:bib-reference><ce:bib-reference id="bib0235"><ce:label>[20]</ce:label><sb:reference id="sbref0235"><sb:contribution langtype="en"><sb:authors><sb:author><ce:given-name>Y.</ce:given-name><ce:surname>Yoshikawa</ce:surname></sb:author><sb:author><ce:given-name>M.</ce:given-name><ce:surname>Suzuki</ce:surname></sb:author><sb:author><ce:given-name>N.</ce:given-name><ce:surname>Chen</ce:surname></sb:author><sb:author><ce:given-name>A.A.</ce:given-name><ce:surname>Zinchenko</ce:surname></sb:author><sb:author><ce:given-name>S.</ce:given-name><ce:surname>Murata</ce:surname></sb:author><sb:et-al/></sb:authors></sb:contribution><sb:host><sb:issue><sb:series><sb:title><sb:maintitle>Eur. J. Biochem.</sb:maintitle></sb:title><sb:volume-nr>270</sb:volume-nr></sb:series><sb:date>2003</sb:date></sb:issue><sb:pages><sb:first-page>3101</sb:first-page></sb:pages></sb:host></sb:reference></ce:bib-reference><ce:bib-reference id="bib0240"><ce:label>[21]</ce:label><sb:reference id="sbref0240"><sb:contribution langtype="en"><sb:authors><sb:author><ce:given-name>M.</ce:given-name><ce:surname>Suzuki</ce:surname></sb:author><sb:author><ce:given-name>C.</ce:given-name><ce:surname>Crozatier</ce:surname></sb:author><sb:author><ce:given-name>K.</ce:given-name><ce:surname>Yoshikawa</ce:surname></sb:author><sb:author><ce:given-name>T.</ce:given-name><ce:surname>Mori</ce:surname></sb:author><sb:author><ce:given-name>Y.</ce:given-name><ce:surname>Yoshikawa</ce:surname></sb:author></sb:authors></sb:contribution><sb:host><sb:issue><sb:series><sb:title><sb:maintitle>Chem. Phys. Lett.</sb:maintitle></sb:title><sb:volume-nr>480</sb:volume-nr></sb:series><sb:date>2009</sb:date></sb:issue><sb:pages><sb:first-page>113</sb:first-page></sb:pages></sb:host></sb:reference></ce:bib-reference><ce:bib-reference id="bib0245"><ce:label>[22]</ce:label><sb:reference id="sbref0245"><sb:contribution langtype="en"><sb:authors><sb:author><ce:given-name>Y.</ce:given-name><ce:surname>Yoshikawa</ce:surname></sb:author><sb:author><ce:given-name>N.</ce:given-name><ce:surname>Umezawa</ce:surname></sb:author><sb:author><ce:given-name>Y.</ce:given-name><ce:surname>Imamura</ce:surname></sb:author><sb:author><ce:given-name>T.</ce:given-name><ce:surname>Kanbe</ce:surname></sb:author><sb:author><ce:given-name>N.</ce:given-name><ce:surname>Kato</ce:surname></sb:author><sb:et-al/></sb:authors></sb:contribution><sb:host><sb:issue><sb:series><sb:title><sb:maintitle>Angew. Chem. Int. Ed.</sb:maintitle></sb:title><sb:volume-nr>52</sb:volume-nr></sb:series><sb:date>2013</sb:date></sb:issue><sb:pages><sb:first-page>3712</sb:first-page></sb:pages></sb:host></sb:reference></ce:bib-reference><ce:bib-reference id="bib0250"><ce:label>[23]</ce:label><sb:reference id="sbref0250"><sb:contribution langtype="en"><sb:authors><sb:author><ce:given-name>T.</ce:given-name><ce:surname>Iwaki</ce:surname></sb:author><sb:author><ce:given-name>T.</ce:given-name><ce:surname>Ishido</ce:surname></sb:author><sb:author><ce:given-name>K.</ce:given-name><ce:surname>Hirano</ce:surname></sb:author><sb:author><ce:given-name>A.A.</ce:given-name><ce:surname>Lazutin</ce:surname></sb:author><sb:author><ce:given-name>V.V.</ce:given-name><ce:surname>Vasilevskaya</ce:surname></sb:author><sb:et-al/></sb:authors></sb:contribution><sb:host><sb:issue><sb:series><sb:title><sb:maintitle>J. Chem. Phys.</sb:maintitle></sb:title><sb:volume-nr>142</sb:volume-nr></sb:series><sb:date>2015</sb:date></sb:issue><sb:pages><sb:first-page>145101</sb:first-page></sb:pages></sb:host></sb:reference></ce:bib-reference><ce:bib-reference id="bib0255"><ce:label>[24]</ce:label><sb:reference id="sbref0255"><sb:contribution langtype="en"><sb:authors><sb:author><ce:given-name>A.P.</ce:given-name><ce:surname>Breen</ce:surname></sb:author><sb:author><ce:given-name>J.A.</ce:given-name><ce:surname>Murphy</ce:surname></sb:author></sb:authors></sb:contribution><sb:host><sb:issue><sb:series><sb:title><sb:maintitle>Free Radic. Biol. Med.</sb:maintitle></sb:title><sb:volume-nr>18</sb:volume-nr></sb:series><sb:date>1995</sb:date></sb:issue><sb:pages><sb:first-page>1033</sb:first-page></sb:pages></sb:host></sb:reference></ce:bib-reference><ce:bib-reference id="bib0260"><ce:label>[25]</ce:label><sb:reference id="sbref0260"><sb:contribution langtype="en"><sb:authors><sb:author><ce:given-name>L.</ce:given-name><ce:surname>Pauling</ce:surname></sb:author></sb:authors></sb:contribution><sb:host><sb:issue><sb:series><sb:title><sb:maintitle>Proc. Natl. Acad. Sci.</sb:maintitle></sb:title><sb:volume-nr>67</sb:volume-nr></sb:series><sb:date>1970</sb:date></sb:issue><sb:pages><sb:first-page>1643</sb:first-page></sb:pages></sb:host></sb:reference></ce:bib-reference><ce:bib-reference id="bib0265"><ce:label>[26]</ce:label><sb:reference id="sbref0265"><sb:contribution langtype="en"><sb:authors><sb:author><ce:given-name>E.</ce:given-name><ce:surname>Cameron</ce:surname></sb:author><sb:author><ce:given-name>L.</ce:given-name><ce:surname>Pauling</ce:surname></sb:author><sb:author><ce:given-name>B.</ce:given-name><ce:surname>Leibovitz</ce:surname></sb:author></sb:authors></sb:contribution><sb:host><sb:issue><sb:series><sb:title><sb:maintitle>Cancer Res.</sb:maintitle></sb:title><sb:volume-nr>39</sb:volume-nr></sb:series><sb:date>1979</sb:date></sb:issue><sb:pages><sb:first-page>663</sb:first-page></sb:pages></sb:host></sb:reference></ce:bib-reference><ce:bib-reference id="bib0270"><ce:label>[27]</ce:label><sb:reference id="sbref0270"><sb:contribution langtype="en"><sb:authors><sb:author><ce:given-name>C.G.</ce:given-name><ce:surname>Fraga</ce:surname></sb:author><sb:author><ce:given-name>P.A.</ce:given-name><ce:surname>Motchnik</ce:surname></sb:author><sb:author><ce:given-name>M.K.</ce:given-name><ce:surname>Shigenaga</ce:surname></sb:author><sb:author><ce:given-name>H.J.</ce:given-name><ce:surname>Helbock</ce:surname></sb:author><sb:author><ce:given-name>R.A.</ce:given-name><ce:surname>Jacob</ce:surname></sb:author><sb:et-al/></sb:authors></sb:contribution><sb:host><sb:issue><sb:series><sb:title><sb:maintitle>Proc. Natl. Acad. Sci.</sb:maintitle></sb:title><sb:volume-nr>88</sb:volume-nr></sb:series><sb:date>1991</sb:date></sb:issue><sb:pages><sb:first-page>11003</sb:first-page></sb:pages></sb:host></sb:reference></ce:bib-reference></ce:bibliography-sec></ce:bibliography></tail></article></xocs:serial-item></xocs:doc>