<?xml version="1.0" encoding="UTF-8"?>
<xocs:doc xsi:schemaLocation="http://www.elsevier.com/xml/xocs/dtd http://schema.elsevier.com/dtds/document/fulltext/xcr/xocs-article.xsd" xmlns:xocs="http://www.elsevier.com/xml/xocs/dtd" xmlns:xs="http://www.w3.org/2001/XMLSchema" xmlns:xsi="http://www.w3.org/2001/XMLSchema-instance" xmlns="http://www.elsevier.com/xml/ja/dtd" xmlns:ja="http://www.elsevier.com/xml/ja/dtd" xmlns:mml="http://www.w3.org/1998/Math/MathML" xmlns:tb="http://www.elsevier.com/xml/common/table/dtd" xmlns:sb="http://www.elsevier.com/xml/common/struct-bib/dtd" xmlns:ce="http://www.elsevier.com/xml/common/dtd" xmlns:xlink="http://www.w3.org/1999/xlink" xmlns:cals="http://www.elsevier.com/xml/common/cals/dtd"><xocs:meta><xocs:content-family>serial</xocs:content-family><xocs:content-type>JL</xocs:content-type><xocs:cid>271350</xocs:cid><xocs:ssids><xocs:ssid type="alllist">291210</xocs:ssid><xocs:ssid type="subj">291687</xocs:ssid><xocs:ssid type="subj">291720</xocs:ssid><xocs:ssid type="subj">291790</xocs:ssid><xocs:ssid type="subj">291821</xocs:ssid><xocs:ssid type="subj">291940</xocs:ssid><xocs:ssid type="content">31</xocs:ssid><xocs:ssid type="oa">90</xocs:ssid></xocs:ssids><xocs:srctitle>Chemical Physics Letters</xocs:srctitle><xocs:normalized-srctitle>CHEMICALPHYSICSLETTERS</xocs:normalized-srctitle><xocs:orig-load-date yyyymmdd="20130904">2013-09-04</xocs:orig-load-date><xocs:ew-transaction-id>2014-08-13T08:54:54</xocs:ew-transaction-id><xocs:eid>1-s2.0-S0009261413011111</xocs:eid><xocs:pii-formatted>S0009-2614(13)01111-1</xocs:pii-formatted><xocs:pii-unformatted>S0009261413011111</xocs:pii-unformatted><xocs:doi>10.1016/j.cplett.2013.08.098</xocs:doi><xocs:item-stage>S300</xocs:item-stage><xocs:item-version-number>S300.3</xocs:item-version-number><xocs:item-weight>FULL-TEXT</xocs:item-weight><xocs:hub-eid>1-s2.0-S0009261413X00296</xocs:hub-eid><xocs:timestamp yyyymmdd="20140814">2014-08-14T07:52:22.90924-04:00</xocs:timestamp><xocs:dco>0</xocs:dco><xocs:tomb>0</xocs:tomb><xocs:date-search-begin>20131014</xocs:date-search-begin><xocs:year-nav>2013</xocs:year-nav><xocs:indexeddate epoch="1378252800">2013-09-04T00:00:00Z</xocs:indexeddate><xocs:articleinfo>absattachment articleinfo articletitlenorm authfirstinitialnorm authfirstsurnamenorm cid cids contenttype copyright crossmark dateloaded dateloadedtxt datesearch datesort dateupdated dco docsubtype doctype doi eid ewtransactionid fundingbodyid hubeid indexeddate issn issnnorm itemstage itemtransactionid itemweight oauserlicense openaccess openarchive pg pgfirst pglast pii piinorm pubdatestart pubdatetxt pubyr sectiontitle sortorder sponsoredaccesstype srctitle srctitlenorm srctype subheadings suppl tomb volfirst volissue volumelist webpdf webpdfpagecount yearnav figure body mmlmath acknowledge affil articletitle auth authfirstini authfull authlast highlightsabst primabst ref specialabst alllist content oa subj ssids alllist content oa subj ssids</xocs:articleinfo><xocs:issns><xocs:issn-primary-formatted>0009-2614</xocs:issn-primary-formatted><xocs:issn-primary-unformatted>00092614</xocs:issn-primary-unformatted></xocs:issns><xocs:sponsored-access-type>UNLIMITED</xocs:sponsored-access-type><xocs:funding-body-id>EPSRCPP</xocs:funding-body-id><xocs:crossmark is-crossmark="1">true</xocs:crossmark><xocs:vol-first>585</xocs:vol-first><xocs:volume-list><xocs:volume>585</xocs:volume></xocs:volume-list><xocs:suppl>C</xocs:suppl><xocs:vol-iss-suppl-text>Volume 585</xocs:vol-iss-suppl-text><xocs:sort-order>27</xocs:sort-order><xocs:first-fp>133</xocs:first-fp><xocs:last-lp>137</xocs:last-lp><xocs:pages><xocs:first-page>133</xocs:first-page><xocs:last-page>137</xocs:last-page></xocs:pages><xocs:cover-date-orig><xocs:start-date>20131014</xocs:start-date></xocs:cover-date-orig><xocs:cover-date-text>14 October 2013</xocs:cover-date-text><xocs:cover-date-start>2013-10-14</xocs:cover-date-start><xocs:cover-date-year>2013</xocs:cover-date-year><xocs:hub-sec><xocs:hub-sec-title>Nanostructures and Materials</xocs:hub-sec-title></xocs:hub-sec><xocs:document-type>article</xocs:document-type><xocs:document-subtype>fla</xocs:document-subtype><xocs:copyright-line>Copyright © 2013 The Authors. Published by Elsevier B.V.</xocs:copyright-line><xocs:normalized-article-title>ABSORPTIONCROSSSECTIONSHOLEPOLARONSINGLASSYPHASEPOLYFLUORENE</xocs:normalized-article-title><xocs:normalized-first-auth-surname>MONTILLA</xocs:normalized-first-auth-surname><xocs:normalized-first-auth-initial>F</xocs:normalized-first-auth-initial><xocs:item-toc><xocs:item-toc-entry ref-elem="ce:sections"><xocs:item-toc-label>1</xocs:item-toc-label><xocs:item-toc-section-title>Introduction</xocs:item-toc-section-title></xocs:item-toc-entry><xocs:item-toc-entry ref-elem="ce:sections"><xocs:item-toc-label>2</xocs:item-toc-label><xocs:item-toc-section-title>Materials and methods</xocs:item-toc-section-title></xocs:item-toc-entry><xocs:item-toc-entry ref-elem="ce:sections"><xocs:item-toc-label>3</xocs:item-toc-label><xocs:item-toc-section-title>Results and discussion</xocs:item-toc-section-title></xocs:item-toc-entry><xocs:item-toc-entry ref-elem="ce:sections"><xocs:item-toc-label>4</xocs:item-toc-label><xocs:item-toc-section-title>Conclusions</xocs:item-toc-section-title></xocs:item-toc-entry><xocs:item-toc-entry ref-elem="ce:acknowledgment"><xocs:item-toc-section-title>Acknowledgements</xocs:item-toc-section-title></xocs:item-toc-entry><xocs:item-toc-entry ref-elem="ce:bibliography"><xocs:item-toc-section-title>References</xocs:item-toc-section-title></xocs:item-toc-entry></xocs:item-toc><xocs:references><xocs:ref-info refid="h0005"><xocs:ref-normalized-surname>RIEDL</xocs:ref-normalized-surname><xocs:ref-pub-year>2006</xocs:ref-pub-year><xocs:ref-normalized-initial>T</xocs:ref-normalized-initial></xocs:ref-info><xocs:ref-info refid="h0010"><xocs:ref-normalized-surname>VASDEKIS</xocs:ref-normalized-surname><xocs:ref-pub-year>2006</xocs:ref-pub-year><xocs:ref-first-fp>9211</xocs:ref-first-fp><xocs:ref-normalized-initial>A</xocs:ref-normalized-initial></xocs:ref-info><xocs:ref-info refid="h0015"><xocs:ref-normalized-surname>KARNUTSCH</xocs:ref-normalized-surname><xocs:ref-pub-year>2007</xocs:ref-pub-year><xocs:ref-first-fp>741</xocs:ref-first-fp><xocs:ref-normalized-initial>C</xocs:ref-normalized-initial></xocs:ref-info><xocs:ref-info refid="h0020"><xocs:ref-normalized-surname>YANG</xocs:ref-normalized-surname><xocs:ref-pub-year>2008</xocs:ref-pub-year><xocs:ref-normalized-initial>Y</xocs:ref-normalized-initial></xocs:ref-info><xocs:ref-info refid="h0025"><xocs:ref-normalized-surname>ROSE</xocs:ref-normalized-surname><xocs:ref-pub-year>2005</xocs:ref-pub-year><xocs:ref-first-fp>876</xocs:ref-first-fp><xocs:ref-normalized-initial>A</xocs:ref-normalized-initial></xocs:ref-info><xocs:ref-info refid="h0030"><xocs:ref-normalized-surname>WANG</xocs:ref-normalized-surname><xocs:ref-pub-year>2011</xocs:ref-pub-year><xocs:ref-first-fp>2478</xocs:ref-first-fp><xocs:ref-normalized-initial>Y</xocs:ref-normalized-initial></xocs:ref-info><xocs:ref-info refid="h0035"><xocs:ref-normalized-surname>GARTNER</xocs:ref-normalized-surname><xocs:ref-pub-year>2007</xocs:ref-pub-year><xocs:ref-first-fp>1006</xocs:ref-first-fp><xocs:ref-normalized-initial>C</xocs:ref-normalized-initial></xocs:ref-info><xocs:ref-info refid="h0040"><xocs:ref-normalized-surname>LEHNHARDT</xocs:ref-normalized-surname><xocs:ref-pub-year>2010</xocs:ref-pub-year><xocs:ref-normalized-initial>M</xocs:ref-normalized-initial></xocs:ref-info><xocs:ref-info refid="h0045"><xocs:ref-normalized-surname>RABE</xocs:ref-normalized-surname><xocs:ref-pub-year>2009</xocs:ref-pub-year><xocs:ref-normalized-initial>T</xocs:ref-normalized-initial></xocs:ref-info><xocs:ref-info refid="h0050"><xocs:ref-normalized-surname>MONTILLA</xocs:ref-normalized-surname><xocs:ref-pub-year>2006</xocs:ref-pub-year><xocs:ref-first-fp>25791</xocs:ref-first-fp><xocs:ref-normalized-initial>F</xocs:ref-normalized-initial></xocs:ref-info><xocs:ref-info refid="h0055"><xocs:ref-normalized-surname>MONTILLA</xocs:ref-normalized-surname><xocs:ref-pub-year>2011</xocs:ref-pub-year><xocs:ref-first-fp>215</xocs:ref-first-fp><xocs:ref-normalized-initial>F</xocs:ref-normalized-initial></xocs:ref-info><xocs:ref-info refid="h0060"><xocs:ref-normalized-surname>RYU</xocs:ref-normalized-surname><xocs:ref-pub-year>2009</xocs:ref-pub-year><xocs:ref-first-fp>3237</xocs:ref-first-fp><xocs:ref-normalized-initial>G</xocs:ref-normalized-initial></xocs:ref-info><xocs:ref-info refid="h0065"><xocs:ref-normalized-surname>ROTHE</xocs:ref-normalized-surname><xocs:ref-pub-year>2006</xocs:ref-pub-year><xocs:ref-first-fp>2137</xocs:ref-first-fp><xocs:ref-normalized-initial>C</xocs:ref-normalized-initial></xocs:ref-info><xocs:ref-info refid="h0070"><xocs:ref-normalized-surname>WALLIKEWITZ</xocs:ref-normalized-surname><xocs:ref-pub-year>2010</xocs:ref-pub-year><xocs:ref-first-fp>531</xocs:ref-first-fp><xocs:ref-normalized-initial>B</xocs:ref-normalized-initial></xocs:ref-info><xocs:ref-info refid="h0075"><xocs:ref-normalized-surname>AMARASINGHE</xocs:ref-normalized-surname><xocs:ref-pub-year>2009</xocs:ref-pub-year><xocs:ref-first-fp>107</xocs:ref-first-fp><xocs:ref-normalized-initial>D</xocs:ref-normalized-initial></xocs:ref-info><xocs:ref-info refid="h0080"><xocs:ref-normalized-surname>YAP</xocs:ref-normalized-surname><xocs:ref-pub-year>2008</xocs:ref-pub-year><xocs:ref-first-fp>376</xocs:ref-first-fp><xocs:ref-normalized-initial>B</xocs:ref-normalized-initial></xocs:ref-info><xocs:ref-info refid="h0085"><xocs:ref-normalized-surname>PEET</xocs:ref-normalized-surname><xocs:ref-pub-year>2008</xocs:ref-pub-year><xocs:ref-first-fp>1882</xocs:ref-first-fp><xocs:ref-normalized-initial>J</xocs:ref-normalized-initial></xocs:ref-info><xocs:ref-info refid="h0090"><xocs:ref-normalized-surname>BANSAL</xocs:ref-normalized-surname><xocs:ref-pub-year>2010</xocs:ref-pub-year><xocs:ref-first-fp>17864</xocs:ref-first-fp><xocs:ref-normalized-initial>A</xocs:ref-normalized-initial></xocs:ref-info><xocs:ref-info refid="h0095"><xocs:ref-normalized-surname>CADBY</xocs:ref-normalized-surname><xocs:ref-pub-year>2000</xocs:ref-pub-year><xocs:ref-first-fp>15604</xocs:ref-first-fp><xocs:ref-normalized-initial>A</xocs:ref-normalized-initial></xocs:ref-info><xocs:ref-info refid="h0100"><xocs:ref-normalized-surname>WOHLGENANNT</xocs:ref-normalized-surname><xocs:ref-pub-year>2001</xocs:ref-pub-year><xocs:ref-first-fp>55</xocs:ref-first-fp><xocs:ref-normalized-initial>A</xocs:ref-normalized-initial></xocs:ref-info><xocs:ref-info refid="h0105"><xocs:ref-normalized-surname>ARIU</xocs:ref-normalized-surname><xocs:ref-pub-year>2002</xocs:ref-pub-year><xocs:ref-first-fp>9975</xocs:ref-first-fp><xocs:ref-normalized-initial>M</xocs:ref-normalized-initial></xocs:ref-info><xocs:ref-info refid="h0110"><xocs:ref-normalized-surname>HAYER</xocs:ref-normalized-surname><xocs:ref-pub-year>2005</xocs:ref-pub-year><xocs:ref-normalized-initial>A</xocs:ref-normalized-initial></xocs:ref-info><xocs:ref-info refid="h0115"><xocs:ref-normalized-surname>TAKEDA</xocs:ref-normalized-surname><xocs:ref-pub-year>2006</xocs:ref-pub-year><xocs:ref-first-fp>16073</xocs:ref-first-fp><xocs:ref-normalized-initial>N</xocs:ref-normalized-initial></xocs:ref-info><xocs:ref-info refid="h0120"><xocs:ref-normalized-surname>ZAIKOWSKI</xocs:ref-normalized-surname><xocs:ref-pub-year>2012</xocs:ref-pub-year><xocs:ref-first-fp>10852</xocs:ref-first-fp><xocs:ref-normalized-initial>L</xocs:ref-normalized-initial></xocs:ref-info><xocs:ref-info refid="h0125"><xocs:ref-normalized-surname>SCHUMACHER</xocs:ref-normalized-surname><xocs:ref-pub-year>2009</xocs:ref-pub-year><xocs:ref-normalized-initial>S</xocs:ref-normalized-initial></xocs:ref-info><xocs:ref-info refid="h0130"><xocs:ref-normalized-surname>RYU</xocs:ref-normalized-surname><xocs:ref-pub-year>2007</xocs:ref-pub-year><xocs:ref-normalized-initial>G</xocs:ref-normalized-initial></xocs:ref-info><xocs:ref-info refid="h0135"><xocs:ref-normalized-surname>ANNI</xocs:ref-normalized-surname><xocs:ref-pub-year>2008</xocs:ref-pub-year><xocs:ref-normalized-initial>M</xocs:ref-normalized-initial></xocs:ref-info><xocs:ref-info refid="h0140"><xocs:ref-normalized-surname>BRIGHT</xocs:ref-normalized-surname><xocs:ref-pub-year>2010</xocs:ref-pub-year><xocs:ref-first-fp>7860</xocs:ref-first-fp><xocs:ref-normalized-initial>D</xocs:ref-normalized-initial></xocs:ref-info><xocs:ref-info refid="h0145"><xocs:ref-normalized-surname>MARCINIAK</xocs:ref-normalized-surname><xocs:ref-pub-year>2012</xocs:ref-pub-year><xocs:ref-first-fp>214204</xocs:ref-first-fp><xocs:ref-normalized-initial>H</xocs:ref-normalized-initial></xocs:ref-info><xocs:ref-info refid="h0150"><xocs:ref-normalized-surname>CHUA</xocs:ref-normalized-surname><xocs:ref-pub-year>2005</xocs:ref-pub-year><xocs:ref-first-fp>194</xocs:ref-first-fp><xocs:ref-normalized-initial>L</xocs:ref-normalized-initial></xocs:ref-info><xocs:ref-info refid="h0155"><xocs:ref-normalized-surname>DEVIZIS</xocs:ref-normalized-surname><xocs:ref-pub-year>2009</xocs:ref-pub-year><xocs:ref-normalized-initial>A</xocs:ref-normalized-initial></xocs:ref-info></xocs:references><xocs:attachment-metadata-doc><xocs:attachment-set-type>item</xocs:attachment-set-type><xocs:pii-formatted>S0009-2614(13)01111-1</xocs:pii-formatted><xocs:pii-unformatted>S0009261413011111</xocs:pii-unformatted><xocs:eid>1-s2.0-S0009261413011111</xocs:eid><xocs:doi>10.1016/j.cplett.2013.08.098</xocs:doi><xocs:cid>271350</xocs:cid><xocs:timestamp>2014-08-14T07:52:22.90924-04:00</xocs:timestamp><xocs:path>/271350/1-s2.0-S0009261413X00296/1-s2.0-S0009261413011111/</xocs:path><xocs:cover-date-start>2013-10-14</xocs:cover-date-start><xocs:sponsored-access-type>UNLIMITED</xocs:sponsored-access-type><xocs:funding-body-id>EPSRCPP</xocs:funding-body-id><xocs:attachments><xocs:web-pdf><xocs:attachment-eid>1-s2.0-S0009261413011111-main.pdf</xocs:attachment-eid><xocs:filename>main.pdf</xocs:filename><xocs:extension>pdf</xocs:extension><xocs:pdf-optimized>true</xocs:pdf-optimized><xocs:filesize>573069</xocs:filesize><xocs:web-pdf-purpose>MAIN</xocs:web-pdf-purpose><xocs:web-pdf-page-count>5</xocs:web-pdf-page-count><xocs:web-pdf-images><xocs:web-pdf-image><xocs:attachment-eid>1-s2.0-S0009261413011111-main_1.png</xocs:attachment-eid><xocs:filename>main_1.png</xocs:filename><xocs:extension>png</xocs:extension><xocs:filesize>130954</xocs:filesize><xocs:pixel-height>849</xocs:pixel-height><xocs:pixel-width>656</xocs:pixel-width><xocs:attachment-type>IMAGE-WEB-PDF</xocs:attachment-type><xocs:pdf-page-num>1</xocs:pdf-page-num></xocs:web-pdf-image></xocs:web-pdf-images></xocs:web-pdf><xocs:attachment><xocs:attachment-eid>1-s2.0-S0009261413011111-si1.gif</xocs:attachment-eid><xocs:file-basename>si1</xocs:file-basename><xocs:filename>si1.gif</xocs:filename><xocs:extension>gif</xocs:extension><xocs:filesize>750</xocs:filesize><xocs:pixel-height>37</xocs:pixel-height><xocs:pixel-width>103</xocs:pixel-width><xocs:attachment-type>ALTIMG</xocs:attachment-type></xocs:attachment><xocs:attachment><xocs:attachment-eid>1-s2.0-S0009261413011111-gr7_lrg.jpg</xocs:attachment-eid><xocs:file-basename>gr7</xocs:file-basename><xocs:filename>gr7_lrg.jpg</xocs:filename><xocs:extension>jpg</xocs:extension><xocs:filesize>110119</xocs:filesize><xocs:pixel-height>978</xocs:pixel-height><xocs:pixel-width>1233</xocs:pixel-width><xocs:attachment-type>IMAGE-HIGH-RES</xocs:attachment-type></xocs:attachment><xocs:attachment><xocs:attachment-eid>1-s2.0-S0009261413011111-gr8_lrg.jpg</xocs:attachment-eid><xocs:file-basename>gr8</xocs:file-basename><xocs:filename>gr8_lrg.jpg</xocs:filename><xocs:extension>jpg</xocs:extension><xocs:filesize>77510</xocs:filesize><xocs:pixel-height>923</xocs:pixel-height><xocs:pixel-width>1197</xocs:pixel-width><xocs:attachment-type>IMAGE-HIGH-RES</xocs:attachment-type></xocs:attachment><xocs:attachment><xocs:attachment-eid>1-s2.0-S0009261413011111-gr6_lrg.jpg</xocs:attachment-eid><xocs:file-basename>gr6</xocs:file-basename><xocs:filename>gr6_lrg.jpg</xocs:filename><xocs:extension>jpg</xocs:extension><xocs:filesize>208285</xocs:filesize><xocs:pixel-height>1735</xocs:pixel-height><xocs:pixel-width>1293</xocs:pixel-width><xocs:attachment-type>IMAGE-HIGH-RES</xocs:attachment-type></xocs:attachment><xocs:attachment><xocs:attachment-eid>1-s2.0-S0009261413011111-gr5_lrg.jpg</xocs:attachment-eid><xocs:file-basename>gr5</xocs:file-basename><xocs:filename>gr5_lrg.jpg</xocs:filename><xocs:extension>jpg</xocs:extension><xocs:filesize>186423</xocs:filesize><xocs:pixel-height>1729</xocs:pixel-height><xocs:pixel-width>1157</xocs:pixel-width><xocs:attachment-type>IMAGE-HIGH-RES</xocs:attachment-type></xocs:attachment><xocs:attachment><xocs:attachment-eid>1-s2.0-S0009261413011111-gr4_lrg.jpg</xocs:attachment-eid><xocs:file-basename>gr4</xocs:file-basename><xocs:filename>gr4_lrg.jpg</xocs:filename><xocs:extension>jpg</xocs:extension><xocs:filesize>112236</xocs:filesize><xocs:pixel-height>997</xocs:pixel-height><xocs:pixel-width>1344</xocs:pixel-width><xocs:attachment-type>IMAGE-HIGH-RES</xocs:attachment-type></xocs:attachment><xocs:attachment><xocs:attachment-eid>1-s2.0-S0009261413011111-gr3_lrg.jpg</xocs:attachment-eid><xocs:file-basename>gr3</xocs:file-basename><xocs:filename>gr3_lrg.jpg</xocs:filename><xocs:extension>jpg</xocs:extension><xocs:filesize>373913</xocs:filesize><xocs:pixel-height>2618</xocs:pixel-height><xocs:pixel-width>1198</xocs:pixel-width><xocs:attachment-type>IMAGE-HIGH-RES</xocs:attachment-type></xocs:attachment><xocs:attachment><xocs:attachment-eid>1-s2.0-S0009261413011111-gr2_lrg.jpg</xocs:attachment-eid><xocs:file-basename>gr2</xocs:file-basename><xocs:filename>gr2_lrg.jpg</xocs:filename><xocs:extension>jpg</xocs:extension><xocs:filesize>194212</xocs:filesize><xocs:pixel-height>2175</xocs:pixel-height><xocs:pixel-width>1181</xocs:pixel-width><xocs:attachment-type>IMAGE-HIGH-RES</xocs:attachment-type></xocs:attachment><xocs:attachment><xocs:attachment-eid>1-s2.0-S0009261413011111-gr1_lrg.jpg</xocs:attachment-eid><xocs:file-basename>gr1</xocs:file-basename><xocs:filename>gr1_lrg.jpg</xocs:filename><xocs:extension>jpg</xocs:extension><xocs:filesize>158013</xocs:filesize><xocs:pixel-height>856</xocs:pixel-height><xocs:pixel-width>1399</xocs:pixel-width><xocs:attachment-type>IMAGE-HIGH-RES</xocs:attachment-type></xocs:attachment><xocs:attachment><xocs:attachment-eid>1-s2.0-S0009261413011111-fx1_lrg.jpg</xocs:attachment-eid><xocs:file-basename>fx1</xocs:file-basename><xocs:abstract-attachment>true</xocs:abstract-attachment><xocs:filename>fx1_lrg.jpg</xocs:filename><xocs:extension>jpg</xocs:extension><xocs:filesize>48130</xocs:filesize><xocs:pixel-height>531</xocs:pixel-height><xocs:pixel-width>581</xocs:pixel-width><xocs:attachment-type>IMAGE-HIGH-RES</xocs:attachment-type></xocs:attachment><xocs:attachment><xocs:attachment-eid>1-s2.0-S0009261413011111-gr8.jpg</xocs:attachment-eid><xocs:file-basename>gr8</xocs:file-basename><xocs:filename>gr8.jpg</xocs:filename><xocs:extension>jpg</xocs:extension><xocs:filesize>10403</xocs:filesize><xocs:pixel-height>208</xocs:pixel-height><xocs:pixel-width>270</xocs:pixel-width><xocs:attachment-type>IMAGE-DOWNSAMPLED</xocs:attachment-type></xocs:attachment><xocs:attachment><xocs:attachment-eid>1-s2.0-S0009261413011111-gr7.jpg</xocs:attachment-eid><xocs:file-basename>gr7</xocs:file-basename><xocs:filename>gr7.jpg</xocs:filename><xocs:extension>jpg</xocs:extension><xocs:filesize>13715</xocs:filesize><xocs:pixel-height>221</xocs:pixel-height><xocs:pixel-width>278</xocs:pixel-width><xocs:attachment-type>IMAGE-DOWNSAMPLED</xocs:attachment-type></xocs:attachment><xocs:attachment><xocs:attachment-eid>1-s2.0-S0009261413011111-gr6.jpg</xocs:attachment-eid><xocs:file-basename>gr6</xocs:file-basename><xocs:filename>gr6.jpg</xocs:filename><xocs:extension>jpg</xocs:extension><xocs:filesize>26417</xocs:filesize><xocs:pixel-height>392</xocs:pixel-height><xocs:pixel-width>292</xocs:pixel-width><xocs:attachment-type>IMAGE-DOWNSAMPLED</xocs:attachment-type></xocs:attachment><xocs:attachment><xocs:attachment-eid>1-s2.0-S0009261413011111-gr5.jpg</xocs:attachment-eid><xocs:file-basename>gr5</xocs:file-basename><xocs:filename>gr5.jpg</xocs:filename><xocs:extension>jpg</xocs:extension><xocs:filesize>24269</xocs:filesize><xocs:pixel-height>390</xocs:pixel-height><xocs:pixel-width>261</xocs:pixel-width><xocs:attachment-type>IMAGE-DOWNSAMPLED</xocs:attachment-type></xocs:attachment><xocs:attachment><xocs:attachment-eid>1-s2.0-S0009261413011111-gr4.jpg</xocs:attachment-eid><xocs:file-basename>gr4</xocs:file-basename><xocs:filename>gr4.jpg</xocs:filename><xocs:extension>jpg</xocs:extension><xocs:filesize>15310</xocs:filesize><xocs:pixel-height>225</xocs:pixel-height><xocs:pixel-width>303</xocs:pixel-width><xocs:attachment-type>IMAGE-DOWNSAMPLED</xocs:attachment-type></xocs:attachment><xocs:attachment><xocs:attachment-eid>1-s2.0-S0009261413011111-gr3.jpg</xocs:attachment-eid><xocs:file-basename>gr3</xocs:file-basename><xocs:filename>gr3.jpg</xocs:filename><xocs:extension>jpg</xocs:extension><xocs:filesize>44506</xocs:filesize><xocs:pixel-height>590</xocs:pixel-height><xocs:pixel-width>270</xocs:pixel-width><xocs:attachment-type>IMAGE-DOWNSAMPLED</xocs:attachment-type></xocs:attachment><xocs:attachment><xocs:attachment-eid>1-s2.0-S0009261413011111-gr2.jpg</xocs:attachment-eid><xocs:file-basename>gr2</xocs:file-basename><xocs:filename>gr2.jpg</xocs:filename><xocs:extension>jpg</xocs:extension><xocs:filesize>26033</xocs:filesize><xocs:pixel-height>490</xocs:pixel-height><xocs:pixel-width>266</xocs:pixel-width><xocs:attachment-type>IMAGE-DOWNSAMPLED</xocs:attachment-type></xocs:attachment><xocs:attachment><xocs:attachment-eid>1-s2.0-S0009261413011111-gr1.jpg</xocs:attachment-eid><xocs:file-basename>gr1</xocs:file-basename><xocs:filename>gr1.jpg</xocs:filename><xocs:extension>jpg</xocs:extension><xocs:filesize>22235</xocs:filesize><xocs:pixel-height>193</xocs:pixel-height><xocs:pixel-width>316</xocs:pixel-width><xocs:attachment-type>IMAGE-DOWNSAMPLED</xocs:attachment-type></xocs:attachment><xocs:attachment><xocs:attachment-eid>1-s2.0-S0009261413011111-fx1.jpg</xocs:attachment-eid><xocs:file-basename>fx1</xocs:file-basename><xocs:abstract-attachment>true</xocs:abstract-attachment><xocs:filename>fx1.jpg</xocs:filename><xocs:extension>jpg</xocs:extension><xocs:filesize>14055</xocs:filesize><xocs:pixel-height>199</xocs:pixel-height><xocs:pixel-width>218</xocs:pixel-width><xocs:attachment-type>IMAGE-DOWNSAMPLED</xocs:attachment-type></xocs:attachment><xocs:attachment><xocs:attachment-eid>1-s2.0-S0009261413011111-gr8.sml</xocs:attachment-eid><xocs:file-basename>gr8</xocs:file-basename><xocs:filename>gr8.sml</xocs:filename><xocs:extension>sml</xocs:extension><xocs:filesize>3997</xocs:filesize><xocs:pixel-height>164</xocs:pixel-height><xocs:pixel-width>213</xocs:pixel-width><xocs:attachment-type>IMAGE-THUMBNAIL</xocs:attachment-type></xocs:attachment><xocs:attachment><xocs:attachment-eid>1-s2.0-S0009261413011111-gr7.sml</xocs:attachment-eid><xocs:file-basename>gr7</xocs:file-basename><xocs:filename>gr7.sml</xocs:filename><xocs:extension>sml</xocs:extension><xocs:filesize>4465</xocs:filesize><xocs:pixel-height>164</xocs:pixel-height><xocs:pixel-width>207</xocs:pixel-width><xocs:attachment-type>IMAGE-THUMBNAIL</xocs:attachment-type></xocs:attachment><xocs:attachment><xocs:attachment-eid>1-s2.0-S0009261413011111-gr6.sml</xocs:attachment-eid><xocs:file-basename>gr6</xocs:file-basename><xocs:filename>gr6.sml</xocs:filename><xocs:extension>sml</xocs:extension><xocs:filesize>4031</xocs:filesize><xocs:pixel-height>164</xocs:pixel-height><xocs:pixel-width>122</xocs:pixel-width><xocs:attachment-type>IMAGE-THUMBNAIL</xocs:attachment-type></xocs:attachment><xocs:attachment><xocs:attachment-eid>1-s2.0-S0009261413011111-gr5.sml</xocs:attachment-eid><xocs:file-basename>gr5</xocs:file-basename><xocs:filename>gr5.sml</xocs:filename><xocs:extension>sml</xocs:extension><xocs:filesize>3362</xocs:filesize><xocs:pixel-height>163</xocs:pixel-height><xocs:pixel-width>109</xocs:pixel-width><xocs:attachment-type>IMAGE-THUMBNAIL</xocs:attachment-type></xocs:attachment><xocs:attachment><xocs:attachment-eid>1-s2.0-S0009261413011111-gr4.sml</xocs:attachment-eid><xocs:file-basename>gr4</xocs:file-basename><xocs:filename>gr4.sml</xocs:filename><xocs:extension>sml</xocs:extension><xocs:filesize>4970</xocs:filesize><xocs:pixel-height>162</xocs:pixel-height><xocs:pixel-width>219</xocs:pixel-width><xocs:attachment-type>IMAGE-THUMBNAIL</xocs:attachment-type></xocs:attachment><xocs:attachment><xocs:attachment-eid>1-s2.0-S0009261413011111-gr3.sml</xocs:attachment-eid><xocs:file-basename>gr3</xocs:file-basename><xocs:filename>gr3.sml</xocs:filename><xocs:extension>sml</xocs:extension><xocs:filesize>3444</xocs:filesize><xocs:pixel-height>164</xocs:pixel-height><xocs:pixel-width>75</xocs:pixel-width><xocs:attachment-type>IMAGE-THUMBNAIL</xocs:attachment-type></xocs:attachment><xocs:attachment><xocs:attachment-eid>1-s2.0-S0009261413011111-gr2.sml</xocs:attachment-eid><xocs:file-basename>gr2</xocs:file-basename><xocs:filename>gr2.sml</xocs:filename><xocs:extension>sml</xocs:extension><xocs:filesize>3116</xocs:filesize><xocs:pixel-height>164</xocs:pixel-height><xocs:pixel-width>89</xocs:pixel-width><xocs:attachment-type>IMAGE-THUMBNAIL</xocs:attachment-type></xocs:attachment><xocs:attachment><xocs:attachment-eid>1-s2.0-S0009261413011111-gr1.sml</xocs:attachment-eid><xocs:file-basename>gr1</xocs:file-basename><xocs:filename>gr1.sml</xocs:filename><xocs:extension>sml</xocs:extension><xocs:filesize>6361</xocs:filesize><xocs:pixel-height>134</xocs:pixel-height><xocs:pixel-width>219</xocs:pixel-width><xocs:attachment-type>IMAGE-THUMBNAIL</xocs:attachment-type></xocs:attachment><xocs:attachment><xocs:attachment-eid>1-s2.0-S0009261413011111-fx1.sml</xocs:attachment-eid><xocs:file-basename>fx1</xocs:file-basename><xocs:abstract-attachment>true</xocs:abstract-attachment><xocs:filename>fx1.sml</xocs:filename><xocs:extension>sml</xocs:extension><xocs:filesize>7138</xocs:filesize><xocs:pixel-height>164</xocs:pixel-height><xocs:pixel-width>179</xocs:pixel-width><xocs:attachment-type>IMAGE-THUMBNAIL</xocs:attachment-type></xocs:attachment></xocs:attachments></xocs:attachment-metadata-doc><xocs:refkeys><xocs:refkey3>MONTILLAX2013X133</xocs:refkey3><xocs:refkey4lp>MONTILLAX2013X133X137</xocs:refkey4lp><xocs:refkey4ai>MONTILLAX2013X133XF</xocs:refkey4ai><xocs:refkey5>MONTILLAX2013X133X137XF</xocs:refkey5></xocs:refkeys><xocs:open-access><xocs:oa-article-status is-open-access="1" is-open-archive="0">Full</xocs:oa-article-status><xocs:oa-access-effective-date>2014-02-06T21:14:35Z</xocs:oa-access-effective-date><xocs:oa-sponsor><xocs:oa-sponsor-type>FundingBody</xocs:oa-sponsor-type><xocs:oa-sponsor-name>Engineering and Physical Sciences Research Council</xocs:oa-sponsor-name></xocs:oa-sponsor><xocs:oa-user-license>http://creativecommons.org/licenses/by/3.0/</xocs:oa-user-license></xocs:open-access></xocs:meta><xocs:serial-item><article docsubtype="fla" xml:lang="en" version="5.2" xmlns:sa="http://www.elsevier.com/xml/common/struct-aff/dtd"><item-info><jid>CPLETT</jid><aid>31553</aid><ce:pii>S0009-2614(13)01111-1</ce:pii><ce:doi>10.1016/j.cplett.2013.08.098</ce:doi><ce:copyright type="other" year="2013">The Authors</ce:copyright></item-info><ce:floats><ce:figure id="f0005"><ce:label>Figure 1</ce:label><ce:caption id="cn0005"><ce:simple-para id="sp0020" view="all">Number of positive charges per fluorene unit <ce:italic>vs</ce:italic> the potential of an ITO/PFO electrode in acetonitrile +<ce:hsp sp="0.12"/>0.1<ce:hsp sp="0.25"/>M TFB-TBA. The inset shows the chemical structure of PFO and the cyclic voltammogram.</ce:simple-para></ce:caption><ce:link locator="gr1"/></ce:figure><ce:figure id="f0010"><ce:label>Figure 2</ce:label><ce:caption id="cn0010"><ce:simple-para id="sp0025" view="all">Absorption spectra (solid lines) of PFO films deposited from THF with 33% of the <ce:italic>β</ce:italic> phase (a) and from chloroform with 8% of the <ce:italic>β</ce:italic> phase (b). Dashed line shows the absorbance of the glassy phase in each film which was subtracted from the total absorbance to estimate the fraction of the repeat units which adopt <ce:italic>β</ce:italic> phase. This estimation is based on observation that the absorption transition dipole moment of chromophores in glassy and <ce:italic>β</ce:italic> phase is similar for the same number of repeat units <ce:cross-ref refid="b0125" id="c0195">[25]</ce:cross-ref>.</ce:simple-para></ce:caption><ce:link locator="gr2"/></ce:figure><ce:figure id="f0015"><ce:label>Figure 3</ce:label><ce:caption id="cn0015"><ce:simple-para id="sp0030" view="all">ECIA spectra of the PFO film with 33% of the <ce:italic>β</ce:italic> phase at different doping levels (expressed in the number of charges per fluorene repeat unit). Top panel: (a) 1.2<ce:hsp sp="0.25"/>×<ce:hsp sp="0.25"/>10<ce:sup loc="post">−5</ce:sup>, (b) 1.3<ce:hsp sp="0.25"/>×<ce:hsp sp="0.25"/>10<ce:sup loc="post">−4</ce:sup>, (c) 6.3<ce:hsp sp="0.25"/>×<ce:hsp sp="0.25"/>10<ce:sup loc="post">−4</ce:sup> (d) 2.1<ce:hsp sp="0.25"/>×<ce:hsp sp="0.25"/>10<ce:sup loc="post">−3</ce:sup>; middle panel: (e) 5.6<ce:hsp sp="0.25"/>×<ce:hsp sp="0.25"/>10<ce:sup loc="post">−3</ce:sup>, (f) 0.016, (g) 0.057, (h) 0.15; bottom panel: (i) 0.22, (j) 0.28, (k) 0.41.</ce:simple-para></ce:caption><ce:link locator="gr3"/></ce:figure><ce:figure id="f0020"><ce:label>Figure 4</ce:label><ce:caption id="cn0020"><ce:simple-para id="sp0035" view="all">Differential absorption spectrum of electrochemically doped PFO film (33% <ce:italic>β</ce:italic> phase) at 2.1<ce:hsp sp="0.25"/>×<ce:hsp sp="0.25"/>10<ce:sup loc="post">−3</ce:sup> charges per monomer (solid line, left axis, note that the negative differential absorption values are inverted for clarity) and the fluorescence spectrum of the same undoped film (dashed line).</ce:simple-para></ce:caption><ce:link locator="gr4"/></ce:figure><ce:figure id="f0025"><ce:label>Figure 5</ce:label><ce:caption id="cn0025"><ce:simple-para id="sp0040" view="all">ECIA spectra of the PFO film with 8% of the <ce:italic>β</ce:italic> phase at different doping levels (expressed in the number of charges per fluorene repeat unit). Top panel: (a) 0.005; (b) 0.009; (c) 0.02. Bottom panel: (d) 0.03, (e) 0.1.</ce:simple-para></ce:caption><ce:link locator="gr5"/></ce:figure><ce:figure id="f0030"><ce:label>Figure 6</ce:label><ce:caption id="cn0030"><ce:simple-para id="sp0045" view="all">Electrochemically induced absorption normalized to the film thickness <ce:italic>(</ce:italic>Δ<ce:italic>A/l</ce:italic>, where <ce:italic>l</ce:italic> in nm) at 640<ce:hsp sp="0.25"/>nm (top panel) and at 580<ce:hsp sp="0.25"/>nm (bottom panel) <ce:italic>vs</ce:italic> the injected charge in PFO films with 33% of <ce:italic>β</ce:italic> phase (solid squares) and 8% of <ce:italic>β</ce:italic> phase (open triangles).</ce:simple-para></ce:caption><ce:link locator="gr6"/></ce:figure><ce:figure id="f0035"><ce:label>Figure 7</ce:label><ce:caption id="cn0035"><ce:simple-para id="sp0050" view="all">Electrochemically induced absorption at 470<ce:hsp sp="0.25"/>nm normalized to the film thickness <ce:italic>(</ce:italic>Δ<ce:italic>A/l</ce:italic>, where <ce:italic>l</ce:italic> in nm) as a function of the injected charge in PFO films with 33% of <ce:italic>β</ce:italic> phase (solid squares) and 8% of the <ce:italic>β</ce:italic> phase (open triangles).</ce:simple-para></ce:caption><ce:link locator="gr7"/></ce:figure><ce:figure id="f0040"><ce:label>Figure 8</ce:label><ce:caption id="cn0040"><ce:simple-para id="sp0055" view="all">Electrochemically induced bleaching of the neutral <ce:italic>β</ce:italic> phase absorbance at 439<ce:hsp sp="0.25"/>nm as a function of the injected charge in PFO film with 33% of the <ce:italic>β</ce:italic> phase.</ce:simple-para></ce:caption><ce:link locator="gr8"/></ce:figure></ce:floats><head><ce:title id="tm005">Absorption cross-sections of hole polarons in glassy and <ce:italic>β-</ce:italic>phase polyfluorene</ce:title><ce:author-group id="ag005"><ce:author id="au005"><ce:given-name>Francisco</ce:given-name><ce:surname>Montilla</ce:surname><ce:cross-ref refid="af005" id="c0005"><ce:sup loc="post">a</ce:sup></ce:cross-ref><ce:cross-ref refid="cor1" id="c0010"><ce:sup loc="post">⁎</ce:sup></ce:cross-ref><ce:e-address type="email" id="em005">francisco.montilla@ua.es</ce:e-address></ce:author><ce:author id="au010"><ce:given-name>Arvydas</ce:given-name><ce:surname>Ruseckas</ce:surname><ce:cross-ref refid="af010" id="c0015"><ce:sup loc="post">b</ce:sup></ce:cross-ref></ce:author><ce:author id="au015"><ce:given-name>Ifor D.W.</ce:given-name><ce:surname>Samuel</ce:surname><ce:cross-ref refid="af010" id="c0020"><ce:sup loc="post">b</ce:sup></ce:cross-ref><ce:cross-ref refid="cor1" id="c0025"><ce:sup loc="post">⁎</ce:sup></ce:cross-ref><ce:e-address type="email" id="em010">idws@st-andrews.ac.uk</ce:e-address></ce:author><ce:affiliation id="af005"><ce:label>a</ce:label><ce:textfn>Instituto Universitario de Materiales de Alicante y Departamento de Química Física, Universidad de Alicante, Apdo. de Correos 99, Alicante 03080, Spain</ce:textfn><sa:affiliation><sa:organization>Instituto Universitario de Materiales de Alicante y Departamento de Química Física</sa:organization><sa:organization>Universidad de Alicante</sa:organization><sa:address-line>Apdo. de Correos 99</sa:address-line><sa:city>Alicante</sa:city><sa:postal-code>03080</sa:postal-code><sa:country>Spain</sa:country></sa:affiliation></ce:affiliation><ce:affiliation id="af010"><ce:label>b</ce:label><ce:textfn>Organic Semiconductor Centre, SUPA, School of Physics and Astronomy, University of St. Andrews, St. Andrews KY16 9SS, UK</ce:textfn><sa:affiliation><sa:organization>Organic Semiconductor Centre</sa:organization><sa:organization>SUPA</sa:organization><sa:organization>School of Physics and Astronomy</sa:organization><sa:organization>University of St. Andrews</sa:organization><sa:city>St. Andrews</sa:city><sa:postal-code>KY16 9SS</sa:postal-code><sa:country>UK</sa:country></sa:affiliation></ce:affiliation><ce:correspondence id="cor1"><ce:label>⁎</ce:label><ce:text>Corresponding authors.</ce:text></ce:correspondence></ce:author-group><ce:date-received day="22" month="7" year="2013"/><ce:date-accepted day="24" month="8" year="2013"/><ce:abstract class="graphical" xml:lang="en" id="ab005" view="all"><ce:section-title id="st025">Graphical abstract</ce:section-title><ce:abstract-sec id="as005" view="all"><ce:simple-para id="sp0005" view="all"/></ce:abstract-sec><ce:figure id="f0045"><ce:link locator="fx1"/></ce:figure></ce:abstract><ce:abstract class="author-highlights" xml:lang="en" id="ab010" view="all"><ce:section-title id="st030">Highlights</ce:section-title><ce:abstract-sec id="as010" view="all"><ce:simple-para id="sp0010" view="all"><ce:list id="l0005"><ce:list-item id="o0005"><ce:label>•</ce:label><ce:para id="p0090" view="all">We have made the spectroelectrochemical characterization of polyfluorene with different amount of <ce:italic>β</ce:italic>-phase.</ce:para></ce:list-item><ce:list-item id="o0010"><ce:label>•</ce:label><ce:para id="p0095" view="all">We have determined the absorption cross-section of hole polarons in the conjugated polymer.</ce:para></ce:list-item><ce:list-item id="o0015"><ce:label>•</ce:label><ce:para id="p0100" view="all"><ce:italic>β</ce:italic>-Phase-rich PFO is a good candidate for a light-emitting layer in organic laser diodes.</ce:para></ce:list-item></ce:list></ce:simple-para></ce:abstract-sec></ce:abstract><ce:abstract class="author" xml:lang="en" id="ab015" view="all"><ce:section-title id="st035">Abstract</ce:section-title><ce:abstract-sec id="as015" view="all"><ce:simple-para id="sp0015" view="all">Absorption induced by electrochemically injected holes is studied in poly-9,9-dioctylfluorene (PFO) films. Injected charges form positive polarons which are delocalised over four fluorene units in the glassy phase and about seven fluorene units in its <ce:italic>β-</ce:italic>phase. Polaron absorption cross-sections at the 640<ce:hsp sp="0.25"/>nm peak are similar to the published values of chemically reduced oligofluorenes in solution. The absorption cross-section of polaron in the <ce:italic>β-</ce:italic>phase at 470<ce:hsp sp="0.25"/>nm is about eight times smaller than the stimulated emission cross-section derived from published data. This indicates that <ce:italic>β-</ce:italic>phase-rich PFO is an attractive candidate for a light-emitting layer in double-heterostructure organic laser diodes.</ce:simple-para></ce:abstract-sec></ce:abstract></head><body view="all"><ce:sections><ce:section role="introduction" id="s0005" view="all"><ce:label>1</ce:label><ce:section-title id="st005">Introduction</ce:section-title><ce:para id="p0005" view="all">The optical properties of charged excitations are important for understanding organic semiconductor photophysics. The injection of electric charge into organic materials polarizes the surroundings and changes the bond lengths around it, such an excitation is defined as a charged polaron. Absorption of light and fluorescence quenching by polarons are important issues in the operation of organic optoelectronic devices. It is particularly relevant to the development of electrically pumped lasers. With recent advances in materials properties and optical design the lasing threshold of organic structures under optical pumping is now low enough to enable pumping by inorganic laser diodes <ce:cross-refs refid="b0005 b0010 b0015" id="r0005">[1–3]</ce:cross-refs> and LEDs <ce:cross-ref refid="b0020" id="c0030">[4]</ce:cross-ref> which is promising for fabrication of very sensitive low-cost devices for biosensing and chemosensing <ce:cross-refs refid="b0025 b0030" id="r0010">[5,6]</ce:cross-refs>. However, light absorption by injected charges has been reported to be the major obstacle to electrically pumped lasing <ce:cross-ref refid="b0035" id="c0035">[7]</ce:cross-ref>. Injected charges can also quench luminescence as they accept energy from excitons by resonant dipole–dipole interactions and this is an important loss mechanism in organic LEDs as well as in lasers. Absorption cross-sections of polarons are not known to the desired accuracy because of the difficulty of quantifying the charge density injected into the film. Previous studies used controlled electrical injection of charges in unipolar devices through contacting electrodes and field-dependent charge mobility measurements to estimate the charge densities which were compared with the values obtained by capacitance–voltage analysis and the two results differed by a factor of three <ce:cross-refs refid="b0040 b0045" id="r0015">[8,9]</ce:cross-refs>.</ce:para><ce:para id="p0010" view="all">In this letter we adapted electrochemical techniques <ce:cross-refs refid="b0050 b0055" id="r0020">[10,11]</ce:cross-refs> for a controlled oxidation of poly(9,9-dioctylfluorene-2,7-diyl) (PFO) films with different amounts of <ce:italic>β-</ce:italic>phase which allows us to quantify absorption of hole polarons in glassy and <ce:italic>β-</ce:italic>phases. Absorption cross-sections obtained from these measurements show very good agreement with the published values of chemically reduced oligofluorenes. We also find that the absorption cross-section of hole polarons in <ce:italic>β-</ce:italic>phase PFO at 470<ce:hsp sp="0.25"/>nm is about eight times smaller than the stimulated emission cross-section of singlet excitons. Fluorene-based polymers have previously been used to make optically pumped low threshold polymer lasers <ce:cross-refs refid="b0005 b0015 b0020 b0060" id="r0025">[1,3,4,12]</ce:cross-refs> including structures with charge-injecting electrodes <ce:cross-refs refid="b0065 b0070" id="r0030">[13,14]</ce:cross-refs> and high gain optical amplifiers <ce:cross-ref refid="b0075" id="c0040">[15]</ce:cross-ref>. Some polyfluorenes show relatively high charge carrier mobility up to 0.06<ce:hsp sp="0.25"/>cm<ce:sup loc="post">2</ce:sup>V<ce:sup loc="post">−1</ce:sup>s<ce:sup loc="post">−1</ce:sup>, as well as high optical gain and may be suitable for electrical pumping <ce:cross-ref refid="b0080" id="c0045">[16]</ce:cross-ref>. Our results suggest that <ce:italic>β-</ce:italic>phase-rich PFO could be used as a light-emitting layer in double-heterostructure organic laser diodes.</ce:para></ce:section><ce:section role="materials-methods" id="s0010" view="all"><ce:label>2</ce:label><ce:section-title id="st010">Materials and methods</ce:section-title><ce:para id="p0015" view="all">PFO was purchased from American Dye Source (product ADS129BE). All the solvents (Chloroform, THF, Acetonitrile) were anhydrous grade grade from Aldrich. Tetrabutylammonium tetrafluoroborate (TFB-TBA, electrochemical grade) was from Aldrich. Indium-tin oxide (ITO) covered glass substrates (Delta, 60<ce:hsp sp="0.25"/>S<ce:hsp sp="0.25"/>cm<ce:sup loc="post">−1</ce:sup>) were used as working electrodes for the electrochemical characterization of the conjugated polymer. Prior to its use, the ITO glass was cleaned by sonication in an acetone bath. Polymer films were spin-coated from solutions in THF and chloroform (1<ce:hsp sp="0.25"/>mg<ce:hsp sp="0.25"/>mL<ce:sup loc="post">−1</ce:sup>) over transparent ITO electrodes. The film thickness was determined using spectral ellipsometry and found <ce:italic>l<ce:hsp sp="0.25"/>=<ce:hsp sp="0.25"/></ce:italic>30<ce:hsp sp="0.25"/>nm for the films prepared from THF and <ce:italic>l<ce:hsp sp="0.25"/>=<ce:hsp sp="0.25"/></ce:italic>90<ce:hsp sp="0.25"/>nm for the film prepared from chloroform.</ce:para><ce:para id="p0020" view="all">The electrochemical measurements were performed with a Dropsens μStat400 potentiostat–galvanostat. The injected charge was quantified by integrating the oxidation current in PFO film drop-casted on ITO electrode using 5<ce:hsp sp="0.25"/>g of the polymer and assuming a density of polymer film of 1<ce:hsp sp="0.25"/>g<ce:hsp sp="0.25"/>cm<ce:sup loc="post">−3</ce:sup>. Absorption spectra were measured with a spectrophotometer Varian Cary 300 and fluorescence spectra with a Jobin–Yvon Fluoromax 2.</ce:para><ce:para id="p0025" view="all">The Electrochemically-Induced Absorption (ECIA) spectra presented are the difference between absorption spectra measured at a controlled potential and the reference spectrum at 0.2<ce:hsp sp="0.25"/>V vs ferrocene. Platinum wire was used as a counter-electrode. Silver wire was used as pseudo-reference electrode. The reference electrode was calibrated against ferrocene (Fc).</ce:para></ce:section><ce:section role="discussion" id="s0015" view="all"><ce:label>3</ce:label><ce:section-title id="st015">Results and discussion</ce:section-title><ce:para id="p0030" view="all">The charge concentration in the polymer film was measured by integrating the oxidation current in the forward scan of the stabilized voltammogram which is shown in <ce:cross-ref refid="f0005" id="c0050">Figure 1</ce:cross-ref><ce:float-anchor refid="f0005"/>. The current shows a rise from 0.6<ce:hsp sp="0.25"/>V, which corresponds to the onset of hole injection into the PFO film. The voltammetric scan was reversed at 1.05<ce:hsp sp="0.25"/>V and the corresponding counter processes were observed. A negative current appears which is related to the de-doping process that finishes at a potential &lt;0.5<ce:hsp sp="0.25"/>V.</ce:para><ce:para id="p0035" view="all">Absorption spectra of pristine films used in this study are shown in <ce:cross-ref refid="f0010" id="c0055">Figure 2</ce:cross-ref><ce:float-anchor refid="f0010"/>, the peak at 437<ce:hsp sp="0.25"/>nm corresponds to a 0→0 vibronic transition in <ce:italic>β</ce:italic> phase PFO whereas absorption from both phases overlap at &lt;420<ce:hsp sp="0.25"/>nm. The fraction of repeat units which adopt <ce:italic>β</ce:italic> phase in spin-coated films from THF and chloroform solutions was determined to be ∼33% and ∼8% respectively by subtracting the glassy film absorbance shown by dashed lines from the measured absorbance after normalization at 354<ce:hsp sp="0.25"/>nm as described previously <ce:cross-refs refid="b0085 b0090" id="r0035">[17,18]</ce:cross-refs>.</ce:para><ce:para id="p0040" view="all"><ce:cross-ref refid="f0015" id="c0060">Figure 3</ce:cross-ref><ce:float-anchor refid="f0015"/> shows electrochemically induced absorption (ECIA) spectra in a <ce:italic>β</ce:italic>-phase-rich PFO film which were obtained by taking a difference of the absorption spectrum with injected charge and the absorption spectrum of a neutral film. At low-doping levels (top panel) two negative absorption bleaching bands appear at 407 and 438<ce:hsp sp="0.25"/>nm that correspond to bleaching of the neutral <ce:italic>β</ce:italic> phase PFO absorption, which indicates that positive injected charges reside predominantly in the <ce:italic>β</ce:italic> phase. Concurrently an absorption band appears with a peak at 643<ce:hsp sp="0.25"/>nm and is assigned to charge carrier absorption in the <ce:italic>β</ce:italic> phase. This band is similar to photoinduced absorption spectra observed in <ce:italic>β</ce:italic>-phase-rich PFO films <ce:cross-refs refid="b0095 b0100 b0105 b0110" id="r0040">[19–22]</ce:cross-refs>. The peak at 643<ce:hsp sp="0.25"/>nm and a shoulder at around 590<ce:hsp sp="0.25"/>nm can be attributed to the 0→0 and 0→1 vibronic transitions of charge absorption respectively, and from their amplitude ratio the Huang–Rhys factor for the hole polaron absorption is <ce:italic>S<ce:hsp sp="0.25"/></ce:italic>=<ce:hsp sp="0.25"/>0.6.</ce:para><ce:para id="p0045" view="all">At intermediate doping levels (middle panel in <ce:cross-ref refid="f0015" id="c0065">Figure 3</ce:cross-ref>) the bleaching of the 438<ce:hsp sp="0.25"/>nm peak saturates at &gt;0.05 charge per fluorene unit indicating that all <ce:italic>β</ce:italic> phase chromophores are filled with charge and the glassy phase absorption at &lt;420<ce:hsp sp="0.25"/>nm starts to bleach. The growth of a positive band at ∼580<ce:hsp sp="0.25"/>nm is also observed and is attributed to charge absorption in the glassy phase.</ce:para><ce:para id="p0050" view="all">At high-doping levels (bottom panel in <ce:cross-ref refid="f0015" id="c0070">Figure 3</ce:cross-ref>) the bleaching of the neutral polymer absorption at &lt;420<ce:hsp sp="0.25"/>nm increases further and indicates that extra charge is injected into the glassy phase. The positive absorption band at 580<ce:hsp sp="0.25"/>nm progressively shifts to shorter wavelengths at &gt;0.22 charges per fluorene unit. This observation is similar to that by Takeda et al. who studied the evolution of the absorption spectra of polyfluorene in solution upon chemical reduction with sodium <ce:cross-ref refid="b0115" id="c0075">[23]</ce:cross-ref>. They proposed that Coulombic repulsion between adjacent negative polarons in highly doped samples produce a blue shift of absorption due to compression of polarons and estimated the delocalisation length of an electron polaron to be between four and five fluorene repeat units. Zaikowski et al. have shown that polaron delocalisation in long oligofluorenes is also between four and five fluorene repeat units <ce:cross-ref refid="b0120" id="c0080">[24]</ce:cross-ref>. Our observation of the blue shift of absorption at &gt;0.22 charge per fluorene unit (1 charge injected per 4.5 fluorene unit) suggests that delocalisation of a positive polaron in the glassy phase of PFO films is similar to the previously observed negative polaron in solution.</ce:para><ce:para id="p0055" view="all">It has been shown that the transition dipole moment for absorption of chromophores in glassy and <ce:italic>β</ce:italic> phase is similar for the same number of repeat units <ce:cross-ref refid="b0125" id="c0085">[25]</ce:cross-ref>, which means that the integrated absorption spectrum of each phase can be taken as a measure of the number of repeat units in that particular phase. Saturation of the <ce:italic>β</ce:italic> phase bleach in the film with 33% of the <ce:italic>β</ce:italic> phase is observed at 0.05 charge injected per repeat unit which corresponds to 0.15 charge per repeat unit of the <ce:italic>β</ce:italic> phase because all injected charges reside in this phase. This indicates that one elementary charge injected into the film bleaches the absorption of about seven repeat units which can be used as an estimate of polaron delocalisation. It is nearly twice longer than in the glassy phase. Larger delocalisation of the polaron in the <ce:italic>β</ce:italic> phase is consistent with a planar chain conformation which allows undisrupted π-conjugation of the backbone.</ce:para><ce:para id="p0060" view="all">The electrochemically induced bleaching spectrum shown in <ce:cross-ref refid="f0020" id="c0090">Figure 4</ce:cross-ref><ce:float-anchor refid="f0020"/> gives a good representation of the neutral <ce:italic>β</ce:italic> phase absorption with the 0→0 vibronic peak at 438<ce:hsp sp="0.25"/>nm and the 0→1 vibronic peak at 407<ce:hsp sp="0.25"/>nm. The Huang–Rhys factor of <ce:italic>β</ce:italic> phase absorption <ce:italic>S</ce:italic><ce:hsp sp="0.25"/><ce:italic>≈</ce:italic><ce:hsp sp="0.25"/>0.3 is obtained from the ratio of vibronic peaks and is about the same as that of the fluorescence spectrum. The Stokes-shift between 0→0 peaks of absorption and fluorescence is zero which indicates that geometrical relaxation between the aromatic ground state structure and the quinoidal structure of the neutral excited state does not change the energy of the <ce:italic>β</ce:italic> phase chromophore in PFO.</ce:para><ce:para id="p0065" view="all"><ce:cross-ref refid="f0025" id="c0095">Figure 5</ce:cross-ref><ce:float-anchor refid="f0025"/> shows a similar experiment performed in a PFO film with a low amount of the <ce:italic>β</ce:italic> phase (8%). The saturation of the <ce:italic>β</ce:italic> phase bleach at 438<ce:hsp sp="0.25"/>nm is observed when charge concentration exceeds 0.01 per fluorene unit but the characteristic polaron absorption in the glassy phase is already observed at a half of this concentration. This and is consistent with stronger bleach of the 400<ce:hsp sp="0.25"/>nm band than in the sample with 33% of the <ce:italic>β</ce:italic> phase and indicates that some charge is injected into the glassy phase at concentrations lower than those needed to fully fill the <ce:italic>β</ce:italic> phase and can be explained by incomplete charge transfer from the glassy to the highly diluted <ce:italic>β</ce:italic> phase.</ce:para><ce:para id="p0070" view="all">We can determine the absorption cross section <ce:italic>σ</ce:italic> of the injected charge at a particular wavelength using the expression derived from the Beer–Lambert law<ce:display><ce:formula id="e0005"><ce:label>(1)</ce:label><mml:math altimg="si1.gif" overflow="scroll"><mml:mi>σ</mml:mi><mml:mo>=</mml:mo><mml:mfrac><mml:mrow><mml:mn>2.302</mml:mn><mml:mspace width="0.12em"/><mml:mtext>Δ</mml:mtext><mml:mi>A</mml:mi></mml:mrow><mml:mrow><mml:mi mathvariant="italic">Nl</mml:mi></mml:mrow></mml:mfrac></mml:math></ce:formula></ce:display>where Δ<ce:italic>A</ce:italic> is the electrochemically induced absorbance, <ce:italic>N</ce:italic> is the concentration of injected charges and <ce:italic>l</ce:italic> is the film thickness. <ce:cross-ref refid="f0030" id="c0100">Figure 6</ce:cross-ref><ce:float-anchor refid="f0030"/> shows the evolution of the Δ<ce:italic>A</ce:italic>/<ce:italic>l</ce:italic> ratio as a function of <ce:italic>N</ce:italic> in PFO films with 33% and 8% of the <ce:italic>β</ce:italic> phase. This ratio at 640<ce:hsp sp="0.25"/>nm corresponds to charge absorption in the <ce:italic>β</ce:italic> phase and it shows a linear dependence on <ce:italic>N</ce:italic> up to ∼15<ce:hsp sp="0.25"/>×<ce:hsp sp="0.25"/>10<ce:sup loc="post">18</ce:sup> charges per cm<ce:sup loc="post">3</ce:sup> (0.01 charge per fluorene unit) in both films. From the linear part we obtain <ce:italic>σ</ce:italic><ce:hsp sp="0.25"/>=<ce:hsp sp="0.25"/>4<ce:hsp sp="0.25"/>×<ce:hsp sp="0.25"/>10<ce:sup loc="post">−16</ce:sup><ce:hsp sp="0.25"/>cm<ce:sup loc="post">2</ce:sup> for the <ce:italic>β</ce:italic> phase at 640<ce:hsp sp="0.25"/>nm. This value is consistent with the published molar extinction coefficient of polaron absorption <ce:italic>ε</ce:italic><ce:hsp sp="0.25"/>=<ce:hsp sp="0.25"/>6<ce:hsp sp="0.25"/>×<ce:hsp sp="0.25"/>10<ce:sup loc="post">4</ce:sup><ce:hsp sp="0.25"/>dm<ce:sup loc="post">3</ce:sup><ce:hsp sp="0.25"/>mol<ce:sup loc="post">−1</ce:sup><ce:hsp sp="0.25"/>cm<ce:sup loc="post">−1</ce:sup> at its peak in oligofluorenes with three to ten repeat units <ce:cross-ref refid="b0100" id="c0105">[20]</ce:cross-ref>. Converting it using <ce:italic>σ</ce:italic>[cm<ce:sup loc="post">2</ce:sup>]<ce:hsp sp="0.25"/>=<ce:hsp sp="0.25"/>2302<ce:italic>ε</ce:italic>/<ce:italic>N<ce:inf loc="post">A</ce:inf></ce:italic>, where <ce:italic>N<ce:inf loc="post">A</ce:inf></ce:italic> is the Avogadro constant, gives <ce:italic>σ</ce:italic><ce:hsp sp="0.25"/>=<ce:hsp sp="0.25"/>2.3<ce:hsp sp="0.25"/>×<ce:hsp sp="0.25"/>10<ce:sup loc="post">−16</ce:sup><ce:hsp sp="0.25"/>cm<ce:sup loc="post">2</ce:sup> for the charge in oligofluorenes. The oscillator strength of an optical transition is proportional to the spectrally-integrated molar extinction coefficient. For this reason the <ce:italic>β</ce:italic> phase of the polymer is expected to show a higher value on the peak of absorption than an oligomer because the polaron absorption spectrum in the oligomer is broader <ce:cross-ref refid="b0100" id="c0110">[20]</ce:cross-ref>, thus, we consider that agreement with published values is very good. This validates use of electrochemical charge injection to control charge concentration in polymer films and also shows that polarons have similar optical properties in film and solution. Saturation of Δ<ce:italic>A</ce:italic>/<ce:italic>l</ce:italic> ratio at 640<ce:hsp sp="0.25"/>nm for <ce:italic>N</ce:italic><ce:hsp sp="0.25"/>&gt;<ce:hsp sp="0.25"/>20<ce:hsp sp="0.25"/>×<ce:hsp sp="0.25"/>10<ce:sup loc="post">18</ce:sup><ce:hsp sp="0.25"/>cm<ce:sup loc="post">−3</ce:sup> in the film with 8% of the <ce:italic>β</ce:italic> phase indicates that all <ce:italic>β</ce:italic> phase is filled with charge and is consistent with a sharp increase of charge absorption in the glassy phase at its 580<ce:hsp sp="0.25"/>nm peak. From the latter we estimate <ce:italic>σ</ce:italic><ce:hsp sp="0.25"/>=<ce:hsp sp="0.25"/>8<ce:hsp sp="0.25"/>×<ce:hsp sp="0.25"/>10<ce:sup loc="post">−16</ce:sup><ce:hsp sp="0.25"/>cm<ce:sup loc="post">2</ce:sup> for the hole polaron in the glassy phase at 580<ce:hsp sp="0.25"/>nm. An apparent decrease of absorption cross-section at 580<ce:hsp sp="0.25"/>nm at the charge concentration of 120<ce:hsp sp="0.25"/>×<ce:hsp sp="0.25"/>10<ce:sup loc="post">18</ce:sup><ce:hsp sp="0.25"/>cm<ce:sup loc="post">−3</ce:sup> (0.08 charge per repeat unit) in the sample with 8% of the <ce:italic>β</ce:italic> phase is a result of the blue-shift of polaron absorption spectra which is clearly seen in the bottom panel in <ce:cross-ref refid="f0025" id="c0115">Figure 5</ce:cross-ref>. We attribute it to Coulombic repulsion between adjacent hole polarons positioned on the same conjugated segment which forces polarons to compress. It is striking that in the sample with 33% of the <ce:italic>β</ce:italic> phase such a blue-shift is observed at a twice higher charge concentration as compared to the sample with 8% of the <ce:italic>β</ce:italic> phase (see bottom panel in <ce:cross-ref refid="f0015" id="c0120">Figure 3</ce:cross-ref>). This indicates that more polarons can be injected into <ce:italic>β</ce:italic>-phase-rich films before electrostatic interaction starts altering energetics of electronic states and can be explained assuming that <ce:italic>β</ce:italic>-phase can accommodate more polarons than the glassy phase for the same number of repeat units. This assumption is justified by much longer conjugation length of the <ce:italic>β</ce:italic> phase chains.</ce:para><ce:para id="p0075" view="all">In order to evaluate the feasibility of electrically pumped lasing we have to estimate losses associated with carrier and triplet absorption at a lasing wavelength and compare them with the optical gain observed in a laser structure under optical excitation. Amplified spontaneous emission and lasing in PFO films with &gt;5% of <ce:italic>β</ce:italic> phase is generally observed at 470<ce:hsp sp="0.25"/>nm and corresponds to a 0→1 vibronic peak of the PL spectrum of the <ce:italic>β</ce:italic> phase <ce:cross-refs refid="b0130 b0135 b0140" id="r0045">[26–28]</ce:cross-refs>. The Δ<ce:italic>A/l</ce:italic> ratio at 470<ce:hsp sp="0.25"/>nm (<ce:cross-ref refid="f0035" id="c0125">Figure 7</ce:cross-ref><ce:float-anchor refid="f0035"/>) in both films is similar up to <ce:italic>N</ce:italic>∼20×10<ce:sup loc="post">18</ce:sup><ce:hsp sp="0.25"/>cm<ce:sup loc="post">−3</ce:sup> and increases sharply at higher <ce:italic>N</ce:italic> in the film with 8% of the <ce:italic>β</ce:italic> phase. The onset of this sharp increase corresponds to saturation of the <ce:italic>β</ce:italic> phase with charge and indicates that charge absorption at 470<ce:hsp sp="0.25"/>nm in the glassy phase is higher than in the <ce:italic>β</ce:italic> phase.</ce:para><ce:para id="p0080" view="all">We estimate an effective charge absorption cross-section in the <ce:italic>β</ce:italic> phase at 470<ce:hsp sp="0.25"/>nm (which is a superposition of charge absorption and an overlapping bleaching of the neutral polymer absorption) <ce:italic>σ<ce:hsp sp="0.25"/></ce:italic>=<ce:hsp sp="0.25"/>2×10<ce:sup loc="post">−17</ce:sup><ce:hsp sp="0.25"/>cm<ce:sup loc="post">2</ce:sup> using a linear fit to the Δ<ce:italic>A/l</ce:italic> ratio in <ce:cross-ref refid="f0035" id="c0130">Figure 7</ce:cross-ref> for <ce:italic>N<ce:hsp sp="0.25"/>&lt;<ce:hsp sp="0.25"/></ce:italic>25×10<ce:sup loc="post">18</ce:sup><ce:hsp sp="0.25"/>cm<ce:sup loc="post">−3</ce:sup>. Bleaching of the <ce:italic>β</ce:italic> phase shows a slight saturation in this charge concentration range (<ce:cross-ref refid="f0040" id="c0135">Figure 8</ce:cross-ref><ce:float-anchor refid="f0040"/>) which indicates that some of the charge is also injected into the glassy phase and gives stronger absorption at 470<ce:hsp sp="0.25"/>nm than the polaron in the <ce:italic>β</ce:italic> phase, therefore, our estimate of <ce:italic>σ</ce:italic> should be considered as an upper limit. As a side result we estimate <ce:italic>σ<ce:hsp sp="0.25"/></ce:italic>=<ce:hsp sp="0.25"/>1.2×10<ce:sup loc="post">−15</ce:sup><ce:hsp sp="0.25"/>cm<ce:sup loc="post">2</ce:sup> for the neutral <ce:italic>β</ce:italic> phase at 439<ce:hsp sp="0.25"/>nm from <ce:cross-ref refid="f0040" id="c0140">Figure 8</ce:cross-ref> for <ce:italic>N<ce:hsp sp="0.25"/>&lt;<ce:hsp sp="0.25"/></ce:italic>25×10<ce:sup loc="post">18</ce:sup><ce:hsp sp="0.25"/>cm<ce:sup loc="post">−3</ce:sup>. This is very similar to the value estimated for the maximum stimulated emission/absorption cross section of 1.5<ce:hsp sp="0.25"/>×<ce:hsp sp="0.25"/>10<ce:sup loc="post">−15</ce:sup><ce:hsp sp="0.25"/>cm<ce:sup loc="post">2</ce:sup> in the <ce:italic>β</ce:italic> phase at 440<ce:hsp sp="0.25"/>nm using the experimental fluorescence lineshape and the radiative lifetime <ce:cross-ref refid="b0065" id="c0145">[13]</ce:cross-ref>. Good agreement of the absorption cross-section on the peak with the published results of the electron polaron <ce:cross-ref refid="b0120" id="c0150">[24]</ce:cross-ref> indicates that holes and electrons have similar absorption strength and in the following discussion we refer to both as <ce:italic>σ</ce:italic><ce:inf loc="post">carrier</ce:inf>. The stimulated emission cross-section <ce:italic>σ</ce:italic><ce:inf loc="post">SE</ce:inf> has been shown to be similar for both phases <ce:cross-refs refid="b0130 b0135" id="r0050">[26,27]</ce:cross-refs> which is consistent with the transition dipole moments being very similar for both phases <ce:cross-ref refid="b0125" id="c0155">[25]</ce:cross-ref>. Comparing our value of <ce:italic>σ</ce:italic><ce:inf loc="post">carrier</ce:inf><ce:hsp sp="0.25"/>=<ce:hsp sp="0.25"/>2<ce:hsp sp="0.25"/>×<ce:hsp sp="0.25"/>10<ce:sup loc="post">−17</ce:sup><ce:hsp sp="0.25"/>cm<ce:sup loc="post">2</ce:sup> at 470<ce:hsp sp="0.25"/>nm with the published <ce:italic>σ</ce:italic><ce:inf loc="post">SE</ce:inf><ce:hsp sp="0.25"/>=<ce:hsp sp="0.25"/>1.7<ce:hsp sp="0.25"/>×<ce:hsp sp="0.25"/>10<ce:sup loc="post">−16</ce:sup><ce:hsp sp="0.25"/>cm<ce:sup loc="post">2</ce:sup><ce:cross-ref refid="b0145" id="c0160">[29]</ce:cross-ref> we get <ce:italic>σ</ce:italic><ce:inf loc="post">SE</ce:inf><ce:hsp sp="0.25"/>=<ce:hsp sp="0.25"/>8<ce:italic>σ</ce:italic><ce:inf loc="post">carrier</ce:inf> for the charge injected in the <ce:italic>β</ce:italic> phase at <ce:italic>N<ce:hsp sp="0.25"/>&lt;<ce:hsp sp="0.25"/></ce:italic>25<ce:hsp sp="0.25"/>×<ce:hsp sp="0.25"/>10<ce:sup loc="post">18</ce:sup><ce:hsp sp="0.25"/>cm<ce:sup loc="post">−3</ce:sup>. Numerical simulations reported by C. Gärtner et al. <ce:cross-ref refid="b0035" id="c0165">[7]</ce:cross-ref> showed that in order to reach lasing threshold in a double-heterostructure laser diode with an emissive layer sandwiched between the electron and hole transporting layers for <ce:italic>σ</ce:italic><ce:inf loc="post">SE</ce:inf><ce:hsp sp="0.25"/>=<ce:hsp sp="0.25"/>8<ce:italic>σ</ce:italic><ce:inf loc="post">carrier</ce:inf> in the emissive layer the mobility of both electrons and holes should be at least 1<ce:hsp sp="0.25"/>×<ce:hsp sp="0.25"/>10<ce:sup loc="post">−3</ce:sup><ce:hsp sp="0.25"/>cm<ce:sup loc="post">2</ce:sup><ce:hsp sp="0.25"/>V<ce:sup loc="post">−1</ce:sup><ce:hsp sp="0.25"/>s<ce:sup loc="post">−1</ce:sup> assuming that absorption by triplet states at the lasing wavelength is negligible or triplets are efficiently scavenged. The required mobility is four times higher than a photocurrent time-of-flight (TOF) hole mobility of 2.7<ce:hsp sp="0.25"/>×<ce:hsp sp="0.25"/>10<ce:sup loc="post">−4</ce:sup><ce:hsp sp="0.25"/>cm<ce:sup loc="post">2</ce:sup><ce:hsp sp="0.25"/>V<ce:sup loc="post">−1</ce:sup><ce:hsp sp="0.25"/>s<ce:sup loc="post">−1</ce:sup> measured in PFO films with ∼1<ce:hsp sp="0.25"/>μs transit time <ce:cross-ref refid="b0080" id="c0170">[16]</ce:cross-ref>. Higher mobility of 0.01<ce:hsp sp="0.25"/>cm<ce:sup loc="post">2</ce:sup><ce:hsp sp="0.25"/>V<ce:sup loc="post">−1</ce:sup><ce:hsp sp="0.25"/>s<ce:sup loc="post">−1</ce:sup> has been reported for electrons in PFO-based field-effect transistors <ce:cross-ref refid="b0150" id="c0175">[30]</ce:cross-ref>. We must also note that recent time-resolved measurements showed that the sum of the hole and electron mobility on a picosecond time scale is as high as 0.1<ce:hsp sp="0.25"/>cm<ce:sup loc="post">2</ce:sup><ce:hsp sp="0.25"/>V<ce:sup loc="post">−1</ce:sup><ce:hsp sp="0.25"/>s<ce:sup loc="post">−1</ce:sup> in a fluorene copolymer and exceeds the microsecond TOF mobility by four orders of magnitude <ce:cross-ref refid="b0155" id="c0180">[31]</ce:cross-ref>. Other polyfluorene derivatives similar to PFO show microsecond TOF hole mobility up to 0.06<ce:hsp sp="0.25"/>cm<ce:sup loc="post">2</ce:sup><ce:hsp sp="0.25"/>V<ce:sup loc="post">−1</ce:sup><ce:hsp sp="0.25"/>s<ce:sup loc="post">−1</ce:sup> (200 times higher than in PFO) and slightly higher optical gain than PFO <ce:cross-ref refid="b0080" id="c0185">[16]</ce:cross-ref>, so, the required charge mobilities may be achievable. PFO films can be made with a large amount of the <ce:italic>β</ce:italic> phase (up to 40% demonstrated) <ce:cross-ref refid="b0085" id="c0190">[17]</ce:cross-ref> which should be able to support high macroscopic carrier mobility. We conclude that <ce:italic>β-</ce:italic>phase-rich PFO could be used as a light-emitting layer in double-heterostructure organic laser diodes in combination with suitable loss-less charge transporting layers.</ce:para></ce:section><ce:section id="s0020" view="all"><ce:label>4</ce:label><ce:section-title id="st020">Conclusions</ce:section-title><ce:para id="p0085" view="all">We have showed that spectroelectrochemistry enables quantitative measurements of the charge carrier absorption cross-sections and spectra in polymer films. Results are reported for glassy and <ce:italic>β-</ce:italic>phase poly-9,9-dioctylfluorene (PFO). We found that the effective absorption cross-section of charge injected into <ce:italic>β-</ce:italic>phase-rich PFO is at least eight times smaller than the stimulated emission cross-section derived from previously published data. Our results show that <ce:italic>β-</ce:italic>phase-rich PFO could possibly be used as a light-emitting layer in double-heterostructure organic laser diodes.</ce:para></ce:section></ce:sections><ce:acknowledgment id="ak005" view="all"><ce:section-title id="st040">Acknowledgements</ce:section-title><ce:para id="p0105" view="all">F. Montilla is grateful for financial support provided by <ce:italic>Ministerio de Economía y Competitividad</ce:italic> (<ce:italic>Ramón y Cajal</ce:italic> RYC1463/06 and <ce:italic>José Castillejo</ce:italic> JC2009-00<ce:hsp sp="0.12"/>227 Programs). We are also grateful to the Engineering and Physical Sciences Research Council for financial support.</ce:para></ce:acknowledgment></body><tail view="all"><ce:bibliography id="bi0005" view="all"><ce:section-title id="st045">References</ce:section-title><ce:bibliography-sec id="bs0005" view="all"><ce:bib-reference id="b0005"><ce:label>[1]</ce:label><sb:reference id="h0005"><sb:contribution langtype="en"><sb:authors><sb:author><ce:given-name>T.</ce:given-name><ce:surname>Riedl</ce:surname></sb:author><sb:et-al/></sb:authors></sb:contribution><sb:host><sb:issue><sb:series><sb:title><sb:maintitle>Appl. Phys. Lett.</sb:maintitle></sb:title><sb:volume-nr>88</sb:volume-nr></sb:series><sb:date>2006</sb:date></sb:issue></sb:host></sb:reference></ce:bib-reference><ce:bib-reference id="b0010"><ce:label>[2]</ce:label><sb:reference id="h0010"><sb:contribution langtype="en"><sb:authors><sb:author><ce:given-name>A.E.</ce:given-name><ce:surname>Vasdekis</ce:surname></sb:author><sb:author><ce:given-name>G.</ce:given-name><ce:surname>Tsiminis</ce:surname></sb:author><sb:author><ce:given-name>J.C.</ce:given-name><ce:surname>Ribierre</ce:surname></sb:author><sb:author><ce:given-name>L.</ce:given-name><ce:surname>O’Faolain</ce:surname></sb:author><sb:author><ce:given-name>T.F.</ce:given-name><ce:surname>Krauss</ce:surname></sb:author><sb:author><ce:given-name>G.A.</ce:given-name><ce:surname>Turnbull</ce:surname></sb:author><sb:author><ce:given-name>I.D.W.</ce:given-name><ce:surname>Samuel</ce:surname></sb:author></sb:authors></sb:contribution><sb:host><sb:issue><sb:series><sb:title><sb:maintitle>Opt. Express</sb:maintitle></sb:title><sb:volume-nr>14</sb:volume-nr></sb:series><sb:date>2006</sb:date></sb:issue><sb:pages><sb:first-page>9211</sb:first-page></sb:pages></sb:host></sb:reference></ce:bib-reference><ce:bib-reference id="b0015"><ce:label>[3]</ce:label><sb:reference id="h0015"><sb:contribution langtype="en"><sb:authors><sb:author><ce:given-name>C.</ce:given-name><ce:surname>Karnutsch</ce:surname></sb:author><sb:author><ce:given-name>M.</ce:given-name><ce:surname>Stroisch</ce:surname></sb:author><sb:author><ce:given-name>M.</ce:given-name><ce:surname>Punke</ce:surname></sb:author><sb:author><ce:given-name>U.</ce:given-name><ce:surname>Lemmer</ce:surname></sb:author><sb:author><ce:given-name>J.</ce:given-name><ce:surname>Wang</ce:surname></sb:author><sb:author><ce:given-name>T.</ce:given-name><ce:surname>Weimann</ce:surname></sb:author></sb:authors></sb:contribution><sb:host><sb:issue><sb:series><sb:title><sb:maintitle>IEEE Photonics Technol. Lett.</sb:maintitle></sb:title><sb:volume-nr>19</sb:volume-nr></sb:series><sb:date>2007</sb:date></sb:issue><sb:pages><sb:first-page>741</sb:first-page></sb:pages></sb:host></sb:reference></ce:bib-reference><ce:bib-reference id="b0020"><ce:label>[4]</ce:label><sb:reference id="h0020"><sb:contribution langtype="en"><sb:authors><sb:author><ce:given-name>Y.</ce:given-name><ce:surname>Yang</ce:surname></sb:author><sb:author><ce:given-name>G.A.</ce:given-name><ce:surname>Turnbull</ce:surname></sb:author><sb:author><ce:given-name>I.D.W.</ce:given-name><ce:surname>Samuel</ce:surname></sb:author></sb:authors></sb:contribution><sb:host><sb:issue><sb:series><sb:title><sb:maintitle>Appl. Phys. Lett.</sb:maintitle></sb:title><sb:volume-nr>92</sb:volume-nr></sb:series><sb:date>2008</sb:date></sb:issue></sb:host></sb:reference></ce:bib-reference><ce:bib-reference id="b0025"><ce:label>[5]</ce:label><sb:reference id="h0025"><sb:contribution langtype="en"><sb:authors><sb:author><ce:given-name>A.</ce:given-name><ce:surname>Rose</ce:surname></sb:author><sb:author><ce:given-name>Z.G.</ce:given-name><ce:surname>Zhu</ce:surname></sb:author><sb:author><ce:given-name>C.F.</ce:given-name><ce:surname>Madigan</ce:surname></sb:author><sb:author><ce:given-name>T.M.</ce:given-name><ce:surname>Swager</ce:surname></sb:author><sb:author><ce:given-name>V.</ce:given-name><ce:surname>Bulovic</ce:surname></sb:author></sb:authors></sb:contribution><sb:host><sb:issue><sb:series><sb:title><sb:maintitle>Nature</sb:maintitle></sb:title><sb:volume-nr>434</sb:volume-nr></sb:series><sb:date>2005</sb:date></sb:issue><sb:pages><sb:first-page>876</sb:first-page></sb:pages></sb:host></sb:reference></ce:bib-reference><ce:bib-reference id="b0030"><ce:label>[6]</ce:label><sb:reference id="h0030"><sb:contribution langtype="en"><sb:authors><sb:author><ce:given-name>Y.</ce:given-name><ce:surname>Wang</ce:surname></sb:author><sb:author><ce:given-name>N.B.</ce:given-name><ce:surname>McKeown</ce:surname></sb:author><sb:author><ce:given-name>K.J.</ce:given-name><ce:surname>Msayib</ce:surname></sb:author><sb:author><ce:given-name>G.A.</ce:given-name><ce:surname>Turnbull</ce:surname></sb:author><sb:author><ce:given-name>I.D.W.</ce:given-name><ce:surname>Samuel</ce:surname></sb:author></sb:authors></sb:contribution><sb:host><sb:issue><sb:series><sb:title><sb:maintitle>Sensors</sb:maintitle></sb:title><sb:volume-nr>11</sb:volume-nr></sb:series><sb:date>2011</sb:date></sb:issue><sb:pages><sb:first-page>2478</sb:first-page></sb:pages></sb:host></sb:reference></ce:bib-reference><ce:bib-reference id="b0035"><ce:label>[7]</ce:label><sb:reference id="h0035"><sb:contribution langtype="en"><sb:authors><sb:author><ce:given-name>C.</ce:given-name><ce:surname>Gärtner</ce:surname></sb:author><sb:author><ce:given-name>C.</ce:given-name><ce:surname>Karnutsch</ce:surname></sb:author><sb:author><ce:given-name>C.</ce:given-name><ce:surname>Pflumm</ce:surname></sb:author><sb:author><ce:given-name>U.</ce:given-name><ce:surname>Lemmer</ce:surname></sb:author></sb:authors></sb:contribution><sb:host><sb:issue><sb:series><sb:title><sb:maintitle>IEEE J. Quantum Electron.</sb:maintitle></sb:title><sb:volume-nr>43</sb:volume-nr></sb:series><sb:date>2007</sb:date></sb:issue><sb:pages><sb:first-page>1006</sb:first-page></sb:pages></sb:host></sb:reference></ce:bib-reference><ce:bib-reference id="b0040"><ce:label>[8]</ce:label><sb:reference id="h0040"><sb:contribution langtype="en"><sb:authors><sb:author><ce:given-name>M.</ce:given-name><ce:surname>Lehnhardt</ce:surname></sb:author><sb:author><ce:given-name>S.</ce:given-name><ce:surname>Hamwi</ce:surname></sb:author><sb:author><ce:given-name>M.</ce:given-name><ce:surname>Hoping</ce:surname></sb:author><sb:author><ce:given-name>J.</ce:given-name><ce:surname>Reinker</ce:surname></sb:author><sb:author><ce:given-name>T.</ce:given-name><ce:surname>Riedl</ce:surname></sb:author><sb:author><ce:given-name>W.</ce:given-name><ce:surname>Kowalsky</ce:surname></sb:author></sb:authors></sb:contribution><sb:host><sb:issue><sb:series><sb:title><sb:maintitle>Appl. Phys. Lett.</sb:maintitle></sb:title><sb:volume-nr>96</sb:volume-nr></sb:series><sb:date>2010</sb:date></sb:issue></sb:host></sb:reference></ce:bib-reference><ce:bib-reference id="b0045"><ce:label>[9]</ce:label><sb:reference id="h0045"><sb:contribution langtype="en"><sb:authors><sb:author><ce:given-name>T.</ce:given-name><ce:surname>Rabe</ce:surname></sb:author><sb:author><ce:given-name>P.</ce:given-name><ce:surname>Gorrn</ce:surname></sb:author><sb:author><ce:given-name>M.</ce:given-name><ce:surname>Lehnhardt</ce:surname></sb:author><sb:author><ce:given-name>M.</ce:given-name><ce:surname>Tilgner</ce:surname></sb:author><sb:author><ce:given-name>T.</ce:given-name><ce:surname>Riedl</ce:surname></sb:author><sb:author><ce:given-name>W.</ce:given-name><ce:surname>Kowalsky</ce:surname></sb:author></sb:authors></sb:contribution><sb:host><sb:issue><sb:series><sb:title><sb:maintitle>Phys. Rev. Lett.</sb:maintitle></sb:title><sb:volume-nr>102</sb:volume-nr></sb:series><sb:date>2009</sb:date></sb:issue></sb:host></sb:reference></ce:bib-reference><ce:bib-reference id="b0050"><ce:label>[10]</ce:label><sb:reference id="h0050"><sb:contribution langtype="en"><sb:authors><sb:author><ce:given-name>F.</ce:given-name><ce:surname>Montilla</ce:surname></sb:author><sb:author><ce:given-name>R.</ce:given-name><ce:surname>Mallavia</ce:surname></sb:author></sb:authors></sb:contribution><sb:host><sb:issue><sb:series><sb:title><sb:maintitle>J. Phys. Chem. B</sb:maintitle></sb:title><sb:volume-nr>110</sb:volume-nr></sb:series><sb:date>2006</sb:date></sb:issue><sb:pages><sb:first-page>25791</sb:first-page></sb:pages></sb:host></sb:reference></ce:bib-reference><ce:bib-reference id="b0055"><ce:label>[11]</ce:label><sb:reference id="h0055"><sb:contribution langtype="en"><sb:authors><sb:author><ce:given-name>F.</ce:given-name><ce:surname>Montilla</ce:surname></sb:author><sb:et-al/></sb:authors></sb:contribution><sb:host><sb:issue><sb:series><sb:title><sb:maintitle>Electrochim. Acta</sb:maintitle></sb:title><sb:volume-nr>58</sb:volume-nr></sb:series><sb:date>2011</sb:date></sb:issue><sb:pages><sb:first-page>215</sb:first-page></sb:pages></sb:host></sb:reference></ce:bib-reference><ce:bib-reference id="b0060"><ce:label>[12]</ce:label><sb:reference id="h0060"><sb:contribution langtype="en"><sb:authors><sb:author><ce:given-name>G.</ce:given-name><ce:surname>Ryu</ce:surname></sb:author><sb:author><ce:given-name>P.N.</ce:given-name><ce:surname>Stavrinou</ce:surname></sb:author><sb:author><ce:given-name>D.D.C.</ce:given-name><ce:surname>Bradley</ce:surname></sb:author></sb:authors></sb:contribution><sb:host><sb:issue><sb:series><sb:title><sb:maintitle>Adv. Funct. Mater.</sb:maintitle></sb:title><sb:volume-nr>19</sb:volume-nr></sb:series><sb:date>2009</sb:date></sb:issue><sb:pages><sb:first-page>3237</sb:first-page></sb:pages></sb:host></sb:reference></ce:bib-reference><ce:bib-reference id="b0065"><ce:label>[13]</ce:label><sb:reference id="h0065"><sb:contribution langtype="en"><sb:authors><sb:author><ce:given-name>C.</ce:given-name><ce:surname>Rothe</ce:surname></sb:author><sb:author><ce:given-name>F.</ce:given-name><ce:surname>Galbrecht</ce:surname></sb:author><sb:author><ce:given-name>U.</ce:given-name><ce:surname>Scherf</ce:surname></sb:author><sb:author><ce:given-name>A.</ce:given-name><ce:surname>Monkman</ce:surname></sb:author></sb:authors></sb:contribution><sb:host><sb:issue><sb:series><sb:title><sb:maintitle>Adv. Mater.</sb:maintitle></sb:title><sb:volume-nr>18</sb:volume-nr></sb:series><sb:date>2006</sb:date></sb:issue><sb:pages><sb:first-page>2137</sb:first-page></sb:pages></sb:host></sb:reference></ce:bib-reference><ce:bib-reference id="b0070"><ce:label>[14]</ce:label><sb:reference id="h0070"><sb:contribution langtype="en"><sb:authors><sb:author><ce:given-name>B.H.</ce:given-name><ce:surname>Wallikewitz</ce:surname></sb:author><sb:author><ce:given-name>M.</ce:given-name><ce:surname>de la Rosa</ce:surname></sb:author><sb:author><ce:given-name>J.H.W.M.</ce:given-name><ce:surname>Kremer</ce:surname></sb:author><sb:author><ce:given-name>D.</ce:given-name><ce:surname>Hertel</ce:surname></sb:author><sb:author><ce:given-name>K.</ce:given-name><ce:surname>Meerholz</ce:surname></sb:author></sb:authors></sb:contribution><sb:host><sb:issue><sb:series><sb:title><sb:maintitle>Adv. Mater.</sb:maintitle></sb:title><sb:volume-nr>22</sb:volume-nr></sb:series><sb:date>2010</sb:date></sb:issue><sb:pages><sb:first-page>531</sb:first-page></sb:pages></sb:host></sb:reference></ce:bib-reference><ce:bib-reference id="b0075"><ce:label>[15]</ce:label><sb:reference id="h0075"><sb:contribution langtype="en"><sb:authors><sb:author><ce:given-name>D.</ce:given-name><ce:surname>Amarasinghe</ce:surname></sb:author><sb:author><ce:given-name>A.</ce:given-name><ce:surname>Ruseckas</ce:surname></sb:author><sb:author><ce:given-name>A.E.</ce:given-name><ce:surname>Vasdekis</ce:surname></sb:author><sb:author><ce:given-name>G.A.</ce:given-name><ce:surname>Turnbull</ce:surname></sb:author><sb:author><ce:given-name>I.D.W.</ce:given-name><ce:surname>Samuel</ce:surname></sb:author></sb:authors></sb:contribution><sb:host><sb:issue><sb:series><sb:title><sb:maintitle>Adv. Mater.</sb:maintitle></sb:title><sb:volume-nr>21</sb:volume-nr></sb:series><sb:date>2009</sb:date></sb:issue><sb:pages><sb:first-page>107</sb:first-page></sb:pages></sb:host></sb:reference></ce:bib-reference><ce:bib-reference id="b0080"><ce:label>[16]</ce:label><sb:reference id="h0080"><sb:contribution langtype="en"><sb:authors><sb:author><ce:given-name>B.K.</ce:given-name><ce:surname>Yap</ce:surname></sb:author><sb:author><ce:given-name>R.D.</ce:given-name><ce:surname>Xia</ce:surname></sb:author><sb:author><ce:given-name>M.</ce:given-name><ce:surname>Campoy-Quiles</ce:surname></sb:author><sb:author><ce:given-name>P.N.</ce:given-name><ce:surname>Stavrinou</ce:surname></sb:author><sb:author><ce:given-name>D.D.C.</ce:given-name><ce:surname>Bradley</ce:surname></sb:author></sb:authors></sb:contribution><sb:host><sb:issue><sb:series><sb:title><sb:maintitle>Nat. Mater.</sb:maintitle></sb:title><sb:volume-nr>7</sb:volume-nr></sb:series><sb:date>2008</sb:date></sb:issue><sb:pages><sb:first-page>376</sb:first-page></sb:pages></sb:host></sb:reference></ce:bib-reference><ce:bib-reference id="b0085"><ce:label>[17]</ce:label><sb:reference id="h0085"><sb:contribution langtype="en"><sb:authors><sb:author><ce:given-name>J.</ce:given-name><ce:surname>Peet</ce:surname></sb:author><sb:author><ce:given-name>E.</ce:given-name><ce:surname>Brocker</ce:surname></sb:author><sb:author><ce:given-name>Y.H.</ce:given-name><ce:surname>Xu</ce:surname></sb:author><sb:author><ce:given-name>G.C.</ce:given-name><ce:surname>Bazan</ce:surname></sb:author></sb:authors></sb:contribution><sb:host><sb:issue><sb:series><sb:title><sb:maintitle>Adv. Mater.</sb:maintitle></sb:title><sb:volume-nr>20</sb:volume-nr></sb:series><sb:date>2008</sb:date></sb:issue><sb:pages><sb:first-page>1882</sb:first-page></sb:pages></sb:host></sb:reference></ce:bib-reference><ce:bib-reference id="b0090"><ce:label>[18]</ce:label><sb:reference id="h0090"><sb:contribution langtype="en"><sb:authors><sb:author><ce:given-name>A.K.</ce:given-name><ce:surname>Bansal</ce:surname></sb:author><sb:author><ce:given-name>A.</ce:given-name><ce:surname>Ruseckas</ce:surname></sb:author><sb:author><ce:given-name>P.E.</ce:given-name><ce:surname>Shaw</ce:surname></sb:author><sb:author><ce:given-name>I.D.W.</ce:given-name><ce:surname>Samuel</ce:surname></sb:author></sb:authors></sb:contribution><sb:host><sb:issue><sb:series><sb:title><sb:maintitle>J. Phys. Chem. C</sb:maintitle></sb:title><sb:volume-nr>114</sb:volume-nr></sb:series><sb:date>2010</sb:date></sb:issue><sb:pages><sb:first-page>17864</sb:first-page></sb:pages></sb:host></sb:reference></ce:bib-reference><ce:bib-reference id="b0095"><ce:label>[19]</ce:label><sb:reference id="h0095"><sb:contribution langtype="en"><sb:authors><sb:author><ce:given-name>A.J.</ce:given-name><ce:surname>Cadby</ce:surname></sb:author><sb:et-al/></sb:authors></sb:contribution><sb:host><sb:issue><sb:series><sb:title><sb:maintitle>Phys. Rev. B</sb:maintitle></sb:title><sb:volume-nr>62</sb:volume-nr></sb:series><sb:date>2000</sb:date></sb:issue><sb:pages><sb:first-page>15604</sb:first-page></sb:pages></sb:host></sb:reference></ce:bib-reference><ce:bib-reference id="b0100"><ce:label>[20]</ce:label><sb:reference id="h0100"><sb:contribution langtype="en"><sb:authors><sb:author><ce:given-name>A.</ce:given-name><ce:surname>Wohlgenannt</ce:surname></sb:author><sb:author><ce:given-name>Z.V.</ce:given-name><ce:surname>Vardeny</ce:surname></sb:author></sb:authors></sb:contribution><sb:host><sb:issue><sb:series><sb:title><sb:maintitle>Synth. Met.</sb:maintitle></sb:title><sb:volume-nr>125</sb:volume-nr></sb:series><sb:date>2001</sb:date></sb:issue><sb:pages><sb:first-page>55</sb:first-page></sb:pages></sb:host></sb:reference></ce:bib-reference><ce:bib-reference id="b0105"><ce:label>[21]</ce:label><sb:reference id="h0105"><sb:contribution langtype="en"><sb:authors><sb:author><ce:given-name>M.</ce:given-name><ce:surname>Ariu</ce:surname></sb:author><sb:author><ce:given-name>D.G.</ce:given-name><ce:surname>Lidzey</ce:surname></sb:author><sb:author><ce:given-name>M.</ce:given-name><ce:surname>Sims</ce:surname></sb:author><sb:author><ce:given-name>A.J.</ce:given-name><ce:surname>Cadby</ce:surname></sb:author><sb:author><ce:given-name>P.A.</ce:given-name><ce:surname>Lane</ce:surname></sb:author><sb:author><ce:given-name>D.D.C.</ce:given-name><ce:surname>Bradley</ce:surname></sb:author></sb:authors></sb:contribution><sb:host><sb:issue><sb:series><sb:title><sb:maintitle>J. Phys. Condens. Matter</sb:maintitle></sb:title><sb:volume-nr>14</sb:volume-nr></sb:series><sb:date>2002</sb:date></sb:issue><sb:pages><sb:first-page>9975</sb:first-page></sb:pages></sb:host></sb:reference></ce:bib-reference><ce:bib-reference id="b0110"><ce:label>[22]</ce:label><sb:reference id="h0110"><sb:contribution langtype="en"><sb:authors><sb:author><ce:given-name>A.</ce:given-name><ce:surname>Hayer</ce:surname></sb:author><sb:author><ce:given-name>A.L.T.</ce:given-name><ce:surname>Khan</ce:surname></sb:author><sb:author><ce:given-name>R.H.</ce:given-name><ce:surname>Friend</ce:surname></sb:author><sb:author><ce:given-name>A.</ce:given-name><ce:surname>Kohler</ce:surname></sb:author></sb:authors></sb:contribution><sb:host><sb:issue><sb:series><sb:title><sb:maintitle>Phys. Rev. B</sb:maintitle></sb:title><sb:volume-nr>71</sb:volume-nr></sb:series><sb:date>2005</sb:date></sb:issue></sb:host></sb:reference></ce:bib-reference><ce:bib-reference id="b0115"><ce:label>[23]</ce:label><sb:reference id="h0115"><sb:contribution langtype="en"><sb:authors><sb:author><ce:given-name>N.</ce:given-name><ce:surname>Takeda</ce:surname></sb:author><sb:author><ce:given-name>S.</ce:given-name><ce:surname>Asaoka</ce:surname></sb:author><sb:author><ce:given-name>J.R.</ce:given-name><ce:surname>Miller</ce:surname></sb:author></sb:authors></sb:contribution><sb:host><sb:issue><sb:series><sb:title><sb:maintitle>J. Am. Chem. Soc.</sb:maintitle></sb:title><sb:volume-nr>128</sb:volume-nr></sb:series><sb:date>2006</sb:date></sb:issue><sb:pages><sb:first-page>16073</sb:first-page></sb:pages></sb:host></sb:reference></ce:bib-reference><ce:bib-reference id="b0120"><ce:label>[24]</ce:label><sb:reference id="h0120"><sb:contribution langtype="en"><sb:authors><sb:author><ce:given-name>L.</ce:given-name><ce:surname>Zaikowski</ce:surname></sb:author><sb:et-al/></sb:authors></sb:contribution><sb:host><sb:issue><sb:series><sb:title><sb:maintitle>J. Am. Chem. Soc.</sb:maintitle></sb:title><sb:volume-nr>134</sb:volume-nr></sb:series><sb:date>2012</sb:date></sb:issue><sb:pages><sb:first-page>10852</sb:first-page></sb:pages></sb:host></sb:reference></ce:bib-reference><ce:bib-reference id="b0125"><ce:label>[25]</ce:label><sb:reference id="h0125"><sb:contribution langtype="en"><sb:authors><sb:author><ce:given-name>S.</ce:given-name><ce:surname>Schumacher</ce:surname></sb:author><sb:et-al/></sb:authors></sb:contribution><sb:host><sb:issue><sb:series><sb:title><sb:maintitle>J. Chem. Phys.</sb:maintitle></sb:title><sb:volume-nr>131</sb:volume-nr></sb:series><sb:date>2009</sb:date></sb:issue></sb:host></sb:reference></ce:bib-reference><ce:bib-reference id="b0130"><ce:label>[26]</ce:label><sb:reference id="h0130"><sb:contribution langtype="en"><sb:authors><sb:author><ce:given-name>G.</ce:given-name><ce:surname>Ryu</ce:surname></sb:author><sb:author><ce:given-name>R.</ce:given-name><ce:surname>Xia</ce:surname></sb:author><sb:author><ce:given-name>D.D.C.</ce:given-name><ce:surname>Bradley</ce:surname></sb:author></sb:authors></sb:contribution><sb:host><sb:issue><sb:series><sb:title><sb:maintitle>J. Phys. Condens. Matter</sb:maintitle></sb:title><sb:volume-nr>19</sb:volume-nr></sb:series><sb:date>2007</sb:date></sb:issue></sb:host></sb:reference></ce:bib-reference><ce:bib-reference id="b0135"><ce:label>[27]</ce:label><sb:reference id="h0135"><sb:contribution langtype="en"><sb:authors><sb:author><ce:given-name>M.</ce:given-name><ce:surname>Anni</ce:surname></sb:author></sb:authors></sb:contribution><sb:host><sb:issue><sb:series><sb:title><sb:maintitle>Appl. Phys. Lett.</sb:maintitle></sb:title><sb:volume-nr>93</sb:volume-nr></sb:series><sb:date>2008</sb:date></sb:issue></sb:host></sb:reference></ce:bib-reference><ce:bib-reference id="b0140"><ce:label>[28]</ce:label><sb:reference id="h0140"><sb:contribution langtype="en"><sb:authors><sb:author><ce:given-name>D.W.</ce:given-name><ce:surname>Bright</ce:surname></sb:author><sb:author><ce:given-name>F.</ce:given-name><ce:surname>Galbrecht</ce:surname></sb:author><sb:author><ce:given-name>U.</ce:given-name><ce:surname>Scherf</ce:surname></sb:author><sb:author><ce:given-name>A.P.</ce:given-name><ce:surname>Monkman</ce:surname></sb:author></sb:authors></sb:contribution><sb:host><sb:issue><sb:series><sb:title><sb:maintitle>Macromolecules</sb:maintitle></sb:title><sb:volume-nr>43</sb:volume-nr></sb:series><sb:date>2010</sb:date></sb:issue><sb:pages><sb:first-page>7860</sb:first-page></sb:pages></sb:host></sb:reference></ce:bib-reference><ce:bib-reference id="b0145"><ce:label>[29]</ce:label><sb:reference id="h0145"><sb:contribution langtype="en"><sb:authors><sb:author><ce:given-name>H.</ce:given-name><ce:surname>Marciniak</ce:surname></sb:author><sb:et-al/></sb:authors></sb:contribution><sb:host><sb:issue><sb:series><sb:title><sb:maintitle>Phys. Rev. B</sb:maintitle></sb:title><sb:volume-nr>85</sb:volume-nr></sb:series><sb:date>2012</sb:date></sb:issue><sb:pages><sb:first-page>214204</sb:first-page></sb:pages></sb:host></sb:reference></ce:bib-reference><ce:bib-reference id="b0150"><ce:label>[30]</ce:label><sb:reference id="h0150"><sb:contribution langtype="en"><sb:authors><sb:author><ce:given-name>L.L.</ce:given-name><ce:surname>Chua</ce:surname></sb:author><sb:et-al/></sb:authors></sb:contribution><sb:host><sb:issue><sb:series><sb:title><sb:maintitle>Nature</sb:maintitle></sb:title><sb:volume-nr>434</sb:volume-nr></sb:series><sb:date>2005</sb:date></sb:issue><sb:pages><sb:first-page>194</sb:first-page></sb:pages></sb:host></sb:reference></ce:bib-reference><ce:bib-reference id="b0155"><ce:label>[31]</ce:label><sb:reference id="h0155"><sb:contribution langtype="en"><sb:authors><sb:author><ce:given-name>A.</ce:given-name><ce:surname>Devizis</ce:surname></sb:author><sb:author><ce:given-name>A.</ce:given-name><ce:surname>Serbenta</ce:surname></sb:author><sb:author><ce:given-name>K.</ce:given-name><ce:surname>Meerholz</ce:surname></sb:author><sb:author><ce:given-name>D.</ce:given-name><ce:surname>Hertel</ce:surname></sb:author><sb:author><ce:given-name>V.</ce:given-name><ce:surname>Gulbinas</ce:surname></sb:author></sb:authors></sb:contribution><sb:host><sb:issue><sb:series><sb:title><sb:maintitle>Phys. Rev. Lett.</sb:maintitle></sb:title><sb:volume-nr>103</sb:volume-nr></sb:series><sb:date>2009</sb:date></sb:issue></sb:host></sb:reference></ce:bib-reference></ce:bibliography-sec></ce:bibliography></tail></article></xocs:serial-item></xocs:doc>