<xocs:doc xsi:schemaLocation="http://www.elsevier.com/xml/xocs/dtd http://schema.elsevier.com/dtds/document/fulltext/xcr/xocs-article.xsd" xmlns:xocs="http://www.elsevier.com/xml/xocs/dtd" xmlns:xs="http://www.w3.org/2001/XMLSchema" xmlns:xsi="http://www.w3.org/2001/XMLSchema-instance" xmlns="http://www.elsevier.com/xml/ja/dtd" xmlns:ja="http://www.elsevier.com/xml/ja/dtd" xmlns:mml="http://www.w3.org/1998/Math/MathML" xmlns:tb="http://www.elsevier.com/xml/common/table/dtd" xmlns:sb="http://www.elsevier.com/xml/common/struct-bib/dtd" xmlns:ce="http://www.elsevier.com/xml/common/dtd" xmlns:xlink="http://www.w3.org/1999/xlink" xmlns:cals="http://www.elsevier.com/xml/common/cals/dtd"><xocs:meta><xocs:content-family>serial</xocs:content-family><xocs:content-type>JL</xocs:content-type><xocs:cid>271639</xocs:cid><xocs:ssids><xocs:ssid type="alllist">291210</xocs:ssid><xocs:ssid type="subj">291689</xocs:ssid><xocs:ssid type="subj">291778</xocs:ssid><xocs:ssid type="subj">291785</xocs:ssid><xocs:ssid type="subj">291788</xocs:ssid><xocs:ssid type="content">31</xocs:ssid><xocs:ssid type="oa">90</xocs:ssid></xocs:ssids><xocs:srctitle>Corrosion Science</xocs:srctitle><xocs:normalized-srctitle>CORROSIONSCIENCE</xocs:normalized-srctitle><xocs:orig-load-date yyyymmdd="20150527">2015-05-27</xocs:orig-load-date><xocs:available-online-date yyyymmdd="20150527">2015-05-27</xocs:available-online-date><xocs:vor-load-date yyyymmdd="20150726">2015-07-26</xocs:vor-load-date><xocs:vor-available-online-date yyyymmdd="20150726">2015-07-26</xocs:vor-available-online-date><xocs:ew-transaction-id>2015-07-25T08:57:35</xocs:ew-transaction-id><xocs:eid>1-s2.0-S0010938X15002085</xocs:eid><xocs:pii-formatted>S0010-938X(15)00208-5</xocs:pii-formatted><xocs:pii-unformatted>S0010938X15002085</xocs:pii-unformatted><xocs:doi>10.1016/j.corsci.2015.05.013</xocs:doi><xocs:item-stage>S300</xocs:item-stage><xocs:item-version-number>S300.1</xocs:item-version-number><xocs:item-weight>FULL-TEXT</xocs:item-weight><xocs:hub-eid>1-s2.0-S0010938X15X00084</xocs:hub-eid><xocs:timestamp yyyymmdd="20150726">2015-07-26T01:12:04.714606-04:00</xocs:timestamp><xocs:dco>0</xocs:dco><xocs:tomb>0</xocs:tomb><xocs:date-search-begin>20150901</xocs:date-search-begin><xocs:date-search-end>20150930</xocs:date-search-end><xocs:year-nav>2015</xocs:year-nav><xocs:indexeddate epoch="1432709620">2015-05-27T06:53:40.655559Z</xocs:indexeddate><xocs:articleinfo>articleinfo articletitlenorm authfirstinitialnorm authfirstsurnamenorm cid cids contenttype copyright crossmark dateloaded dateloadedtxt datesearch datesort dateupdated dco docsubtype doctype doi eid ewtransactionid fundingbodyid hubeid indexeddate issn issnnorm itemstage itemtransactionid itemweight oauserlicense openaccess openarchive pg pgfirst pglast pii piinorm pubdateend pubdatestart pubdatetxt pubyr sectiontitle sortorder sponsoredaccesstype srctitle srctitlenorm srctype ssids alllist content oa subj subheadings suppl tomb volfirst volissue volumelist webpdf webpdfpagecount yearnav figure table body mmlmath acknowledge affil articletitle auth authfirstini authfull authkeywords authlast highlightsabst primabst pubtype ref</xocs:articleinfo><xocs:issns><xocs:issn-primary-formatted>0010-938X</xocs:issn-primary-formatted><xocs:issn-primary-unformatted>0010938X</xocs:issn-primary-unformatted></xocs:issns><xocs:sponsored-access-type>UNLIMITED</xocs:sponsored-access-type><xocs:funding-body-id>EPSRC</xocs:funding-body-id><xocs:crossmark is-crossmark="1">true</xocs:crossmark><xocs:vol-first>98</xocs:vol-first><xocs:volume-list><xocs:volume>98</xocs:volume></xocs:volume-list><xocs:suppl>C</xocs:suppl><xocs:vol-iss-suppl-text>Volume 98</xocs:vol-iss-suppl-text><xocs:sort-order>2</xocs:sort-order><xocs:first-fp>1</xocs:first-fp><xocs:last-lp>5</xocs:last-lp><xocs:pages><xocs:first-page>1</xocs:first-page><xocs:last-page>5</xocs:last-page></xocs:pages><xocs:cover-date-orig><xocs:start-date>201509</xocs:start-date></xocs:cover-date-orig><xocs:cover-date-text>September 2015</xocs:cover-date-text><xocs:cover-date-start>2015-09-01</xocs:cover-date-start><xocs:cover-date-end>2015-09-30</xocs:cover-date-end><xocs:cover-date-year>2015</xocs:cover-date-year><xocs:hub-sec><xocs:hub-sec-title>Letter</xocs:hub-sec-title></xocs:hub-sec><xocs:document-type>article</xocs:document-type><xocs:document-subtype>ssu</xocs:document-subtype><xocs:copyright-line>Copyright © 2015 The Authors. Published by Elsevier Ltd.</xocs:copyright-line><xocs:normalized-article-title>OBSERVATIONEFFECTSURFACEROUGHNESSOXIDATIONZIRCALOY4</xocs:normalized-article-title><xocs:normalized-first-auth-surname>PLATT</xocs:normalized-first-auth-surname><xocs:normalized-first-auth-initial>P</xocs:normalized-first-auth-initial><xocs:item-toc><xocs:item-toc-entry ref-elem="ce:sections"><xocs:item-toc-label>1</xocs:item-toc-label><xocs:item-toc-section-title>Introduction</xocs:item-toc-section-title></xocs:item-toc-entry><xocs:item-toc-entry ref-elem="ce:sections"><xocs:item-toc-label>2</xocs:item-toc-label><xocs:item-toc-section-title>Experimental</xocs:item-toc-section-title></xocs:item-toc-entry><xocs:item-toc-entry ref-elem="ce:sections"><xocs:item-toc-label>3</xocs:item-toc-label><xocs:item-toc-section-title>Results</xocs:item-toc-section-title><xocs:item-toc-entry ref-elem="ce:sections"><xocs:item-toc-label>3.1</xocs:item-toc-label><xocs:item-toc-section-title>Oxidation kinetics</xocs:item-toc-section-title></xocs:item-toc-entry><xocs:item-toc-entry ref-elem="ce:sections"><xocs:item-toc-label>3.2</xocs:item-toc-label><xocs:item-toc-section-title>SEM image analysis</xocs:item-toc-section-title><xocs:item-toc-entry ref-elem="ce:sections"><xocs:item-toc-label>3.2.1</xocs:item-toc-label><xocs:item-toc-section-title>Modified oxide thickness</xocs:item-toc-section-title></xocs:item-toc-entry><xocs:item-toc-entry ref-elem="ce:sections"><xocs:item-toc-label>3.2.2</xocs:item-toc-label><xocs:item-toc-section-title>Interface and surface roughness analysis</xocs:item-toc-section-title></xocs:item-toc-entry></xocs:item-toc-entry></xocs:item-toc-entry><xocs:item-toc-entry ref-elem="ce:sections"><xocs:item-toc-label>4</xocs:item-toc-label><xocs:item-toc-section-title>Discussion</xocs:item-toc-section-title></xocs:item-toc-entry><xocs:item-toc-entry ref-elem="ce:sections"><xocs:item-toc-label>5</xocs:item-toc-label><xocs:item-toc-section-title>Conclusions</xocs:item-toc-section-title></xocs:item-toc-entry><xocs:item-toc-entry ref-elem="ce:acknowledgment"><xocs:item-toc-section-title>Acknowledgements</xocs:item-toc-section-title></xocs:item-toc-entry><xocs:item-toc-entry ref-elem="ce:bibliography"><xocs:item-toc-section-title>References</xocs:item-toc-section-title></xocs:item-toc-entry></xocs:item-toc><xocs:references><xocs:ref-info refid="sbref0175"><xocs:ref-normalized-surname>CHAO</xocs:ref-normalized-surname><xocs:ref-pub-year>1997</xocs:ref-pub-year><xocs:ref-first-fp>39</xocs:ref-first-fp><xocs:ref-last-lp>48</xocs:ref-last-lp><xocs:ref-normalized-initial>J</xocs:ref-normalized-initial></xocs:ref-info><xocs:ref-info refid="sbref0180"><xocs:ref-normalized-surname>MARDON</xocs:ref-normalized-surname><xocs:ref-pub-year>1994</xocs:ref-pub-year><xocs:ref-first-fp>328</xocs:ref-first-fp><xocs:ref-last-lp>348</xocs:ref-last-lp><xocs:ref-normalized-initial>J</xocs:ref-normalized-initial><xocs:ref-normalized-srctitle>ZIRCONNUCLIND10THINTSYMPASTMSTP1245ASTMINTL</xocs:ref-normalized-srctitle><xocs:ref-normalized-article-title>OPTIMIZATIONPWRBEHAVIORSTRESSRELIEVEDZIRCALOY4CLADDINGTUBESBYIMPROVINGMANUFACTURINGINSPECTIONPROCESS</xocs:ref-normalized-article-title></xocs:ref-info><xocs:ref-info refid="sbref0185"><xocs:ref-normalized-surname>JEONG</xocs:ref-normalized-surname><xocs:ref-pub-year>1991</xocs:ref-pub-year><xocs:ref-first-fp>683</xocs:ref-first-fp><xocs:ref-last-lp>717</xocs:ref-last-lp><xocs:ref-normalized-initial>Y</xocs:ref-normalized-initial><xocs:ref-normalized-srctitle>ZIRCONNUCLIND9THINTSYMPASTMSTP1132ASTMINTL</xocs:ref-normalized-srctitle><xocs:ref-normalized-article-title>CHARACTERISTICSAUTOCLAVENODULARCORROSIONZIRCALOYSINREACTOR</xocs:ref-normalized-article-title></xocs:ref-info><xocs:ref-info refid="sbref0190"><xocs:ref-normalized-surname>SUMERLING</xocs:ref-normalized-surname><xocs:ref-pub-year>1979</xocs:ref-pub-year><xocs:ref-first-fp>107</xocs:ref-first-fp><xocs:ref-last-lp>121</xocs:ref-last-lp><xocs:ref-normalized-initial>R</xocs:ref-normalized-initial><xocs:ref-normalized-srctitle>ZIRCONNUCLIND4THINTSYMPASTMSTP681ASTMINTL</xocs:ref-normalized-srctitle><xocs:ref-normalized-article-title>FURTHEREVIDENCEZIRCALOYCORROSIONINFUELELEMENTSIRRADIATEDINASTEAMGENERATINGHEAVYWATERREACTOR</xocs:ref-normalized-article-title></xocs:ref-info><xocs:ref-info refid="sbref0195"><xocs:ref-normalized-surname>KUWAE</xocs:ref-normalized-surname><xocs:ref-pub-year>1986</xocs:ref-pub-year><xocs:ref-first-fp>661</xocs:ref-first-fp><xocs:ref-last-lp>663</xocs:ref-last-lp><xocs:ref-normalized-initial>R</xocs:ref-normalized-initial></xocs:ref-info><xocs:ref-info refid="sbref0200"><xocs:ref-normalized-surname>AMOUZOUVI</xocs:ref-normalized-surname><xocs:ref-pub-year>1996</xocs:ref-pub-year><xocs:ref-normalized-initial>K</xocs:ref-normalized-initial><xocs:ref-normalized-srctitle>ICSP</xocs:ref-normalized-srctitle><xocs:ref-normalized-article-title>EFFECTHEATTREATMENTSRELIEFRESIDUALSTRESSESRECRYSTALLISATIONBEHAVIOURSHOTPEENEDZR25NBPRESSURETUBEMATERIAL</xocs:ref-normalized-article-title></xocs:ref-info><xocs:ref-info refid="sbref0205"><xocs:ref-normalized-surname>GRAHAM</xocs:ref-normalized-surname><xocs:ref-pub-year>1989</xocs:ref-pub-year><xocs:ref-first-fp>334</xocs:ref-first-fp><xocs:ref-last-lp>345</xocs:ref-last-lp><xocs:ref-normalized-initial>R</xocs:ref-normalized-initial><xocs:ref-normalized-srctitle>ZIRCONNUCLIND8THINTSYMPASTMSTP1023</xocs:ref-normalized-srctitle><xocs:ref-normalized-article-title>INFLUENCECHEMICALCOMPOSITIONMANUFACTURINGVARIABLESAUTOCLAVECORROSIONZIRCALOYS</xocs:ref-normalized-article-title></xocs:ref-info><xocs:ref-info refid="sbref0210"><xocs:ref-normalized-surname>PLATT</xocs:ref-normalized-surname><xocs:ref-pub-year>2015</xocs:ref-pub-year><xocs:ref-first-fp>166</xocs:ref-first-fp><xocs:ref-last-lp>174</xocs:ref-last-lp><xocs:ref-normalized-initial>P</xocs:ref-normalized-initial></xocs:ref-info><xocs:ref-info refid="sbref0215"><xocs:ref-normalized-surname>YILMAZBAYHAN</xocs:ref-normalized-surname><xocs:ref-pub-year>2004</xocs:ref-pub-year><xocs:ref-first-fp>6</xocs:ref-first-fp><xocs:ref-last-lp>22</xocs:ref-last-lp><xocs:ref-normalized-initial>A</xocs:ref-normalized-initial></xocs:ref-info><xocs:ref-info refid="sbref0220"><xocs:ref-normalized-surname>YILMAZBAYHAN</xocs:ref-normalized-surname><xocs:ref-pub-year>2006</xocs:ref-pub-year><xocs:ref-first-fp>265</xocs:ref-first-fp><xocs:ref-last-lp>281</xocs:ref-last-lp><xocs:ref-normalized-initial>A</xocs:ref-normalized-initial></xocs:ref-info><xocs:ref-info refid="sbref0225"><xocs:ref-normalized-surname>POLATIDIS</xocs:ref-normalized-surname><xocs:ref-pub-year>2013</xocs:ref-pub-year><xocs:ref-first-fp>102</xocs:ref-first-fp><xocs:ref-last-lp>112</xocs:ref-last-lp><xocs:ref-normalized-initial>E</xocs:ref-normalized-initial></xocs:ref-info><xocs:ref-info refid="sbref0230"><xocs:ref-normalized-surname>BOSSIS</xocs:ref-normalized-surname><xocs:ref-pub-year>2001</xocs:ref-pub-year><xocs:ref-first-fp>255</xocs:ref-first-fp><xocs:ref-last-lp>262</xocs:ref-last-lp><xocs:ref-normalized-initial>P</xocs:ref-normalized-initial></xocs:ref-info><xocs:ref-info refid="sbref0235"><xocs:ref-normalized-surname>BOSSIS</xocs:ref-normalized-surname><xocs:ref-pub-year>2000</xocs:ref-pub-year><xocs:ref-first-fp>918</xocs:ref-first-fp><xocs:ref-last-lp>945</xocs:ref-last-lp><xocs:ref-normalized-initial>P</xocs:ref-normalized-initial><xocs:ref-normalized-srctitle>ZIRCONNUCLIND12THINTSYMPASTMSTP1354ASTMINTL</xocs:ref-normalized-srctitle><xocs:ref-normalized-article-title>MULTISCALECHARACTERIZATIONMETALOXIDEINTERFACEZIRCONIUMALLOYS</xocs:ref-normalized-article-title></xocs:ref-info><xocs:ref-info refid="sbref0240"><xocs:ref-normalized-surname>NI</xocs:ref-normalized-surname><xocs:ref-pub-year>2011</xocs:ref-pub-year><xocs:ref-first-fp>4073</xocs:ref-first-fp><xocs:ref-last-lp>4083</xocs:ref-last-lp><xocs:ref-normalized-initial>N</xocs:ref-normalized-initial></xocs:ref-info><xocs:ref-info refid="sbref0245"><xocs:ref-normalized-surname>COUET</xocs:ref-normalized-surname><xocs:ref-pub-year>2014</xocs:ref-pub-year><xocs:ref-first-fp>1</xocs:ref-first-fp><xocs:ref-last-lp>13</xocs:ref-last-lp><xocs:ref-normalized-initial>A</xocs:ref-normalized-initial></xocs:ref-info><xocs:ref-info refid="sbref0250"><xocs:ref-normalized-surname>WEI</xocs:ref-normalized-surname><xocs:ref-pub-year>2012</xocs:ref-pub-year><xocs:ref-first-fp>516</xocs:ref-first-fp><xocs:ref-last-lp>528</xocs:ref-last-lp><xocs:ref-normalized-initial>J</xocs:ref-normalized-initial></xocs:ref-info><xocs:ref-info refid="sbref0255"><xocs:ref-normalized-surname>KUMAR</xocs:ref-normalized-surname><xocs:ref-pub-year>2014</xocs:ref-pub-year><xocs:ref-first-fp>244</xocs:ref-first-fp><xocs:ref-last-lp>249</xocs:ref-last-lp><xocs:ref-normalized-initial>M</xocs:ref-normalized-initial></xocs:ref-info><xocs:ref-info refid="sbref0260"><xocs:ref-normalized-surname>PARISE</xocs:ref-normalized-surname><xocs:ref-pub-year>1998</xocs:ref-pub-year><xocs:ref-first-fp>35</xocs:ref-first-fp><xocs:ref-last-lp>46</xocs:ref-last-lp><xocs:ref-normalized-initial>M</xocs:ref-normalized-initial></xocs:ref-info><xocs:ref-info refid="sbref0265"><xocs:ref-normalized-surname>LY</xocs:ref-normalized-surname><xocs:ref-pub-year>1529</xocs:ref-pub-year><xocs:ref-first-fp>682</xocs:ref-first-fp><xocs:ref-last-lp>707</xocs:ref-last-lp><xocs:ref-normalized-initial>A</xocs:ref-normalized-initial><xocs:ref-normalized-srctitle>ZIRCONNUCLIND16THINTSYMPASTMSTP2011</xocs:ref-normalized-srctitle><xocs:ref-normalized-article-title>UNDERSTANDINGCRACKFORMATIONMETALOXIDEINTERFACEDURINGCORROSIONZIRCALOY4USINGASIMPLEMECHANICALMODEL</xocs:ref-normalized-article-title></xocs:ref-info><xocs:ref-info refid="sbref0270"><xocs:ref-normalized-surname>TEJLAND</xocs:ref-normalized-surname><xocs:ref-pub-year>2012</xocs:ref-pub-year><xocs:ref-first-fp>64</xocs:ref-first-fp><xocs:ref-last-lp>71</xocs:ref-last-lp><xocs:ref-normalized-initial>P</xocs:ref-normalized-initial></xocs:ref-info><xocs:ref-info refid="sbref0275"><xocs:ref-normalized-surname>BUSSO</xocs:ref-normalized-surname><xocs:ref-pub-year>2010</xocs:ref-pub-year><xocs:ref-first-fp>2</xocs:ref-first-fp><xocs:ref-last-lp>1251</xocs:ref-last-lp><xocs:ref-normalized-initial>E</xocs:ref-normalized-initial></xocs:ref-info><xocs:ref-info refid="sbref0280"><xocs:ref-normalized-surname>KARLSSON</xocs:ref-normalized-surname><xocs:ref-pub-year>2003</xocs:ref-pub-year><xocs:ref-first-fp>244</xocs:ref-first-fp><xocs:ref-last-lp>257</xocs:ref-last-lp><xocs:ref-normalized-initial>A</xocs:ref-normalized-initial></xocs:ref-info><xocs:ref-info refid="sbref0285"><xocs:ref-normalized-surname>CLARKE</xocs:ref-normalized-surname><xocs:ref-pub-year>1999</xocs:ref-pub-year><xocs:ref-first-fp>1749</xocs:ref-first-fp><xocs:ref-last-lp>1756</xocs:ref-last-lp><xocs:ref-normalized-initial>D</xocs:ref-normalized-initial></xocs:ref-info><xocs:ref-info refid="sbref0290"><xocs:ref-normalized-surname>GONG</xocs:ref-normalized-surname><xocs:ref-pub-year>1998</xocs:ref-pub-year><xocs:ref-normalized-initial>X</xocs:ref-normalized-initial></xocs:ref-info><xocs:ref-info refid="sbref0295"><xocs:ref-normalized-surname>PETIGNY</xocs:ref-normalized-surname><xocs:ref-pub-year>2000</xocs:ref-pub-year><xocs:ref-first-fp>318</xocs:ref-first-fp><xocs:ref-last-lp>330</xocs:ref-last-lp><xocs:ref-normalized-initial>N</xocs:ref-normalized-initial></xocs:ref-info><xocs:ref-info refid="sbref0300"><xocs:ref-normalized-surname>JACQUOT</xocs:ref-normalized-surname><xocs:ref-pub-year>1996</xocs:ref-pub-year><xocs:ref-first-fp>845</xocs:ref-first-fp><xocs:ref-last-lp>850</xocs:ref-last-lp><xocs:ref-normalized-initial>T</xocs:ref-normalized-initial><xocs:ref-normalized-srctitle>MATERSCIFORUMTRANSTECHPUBL</xocs:ref-normalized-srctitle><xocs:ref-normalized-article-title>RESIDUALSTRESSMONOCLINICZIRCONOBTAINEDBYXRAYDIFFRACTIONINZY4OXIDIZEDCLADDINGTUBES</xocs:ref-normalized-article-title></xocs:ref-info><xocs:ref-info refid="sbref0305"><xocs:ref-normalized-surname>PLATT</xocs:ref-normalized-surname><xocs:ref-pub-year>2015</xocs:ref-pub-year><xocs:ref-first-fp>415</xocs:ref-first-fp><xocs:ref-last-lp>425</xocs:ref-last-lp><xocs:ref-normalized-initial>P</xocs:ref-normalized-initial></xocs:ref-info><xocs:ref-info refid="sbref0310"><xocs:ref-normalized-surname>DUNLOP</xocs:ref-normalized-surname><xocs:ref-pub-year>2007</xocs:ref-pub-year><xocs:ref-first-fp>77</xocs:ref-first-fp><xocs:ref-last-lp>86</xocs:ref-last-lp><xocs:ref-normalized-initial>J</xocs:ref-normalized-initial></xocs:ref-info><xocs:ref-info refid="sbref0315"><xocs:ref-normalized-surname>EICHLER</xocs:ref-normalized-surname><xocs:ref-pub-year>2007</xocs:ref-pub-year><xocs:ref-first-fp>2830</xocs:ref-first-fp><xocs:ref-last-lp>2836</xocs:ref-last-lp><xocs:ref-normalized-initial>J</xocs:ref-normalized-initial></xocs:ref-info><xocs:ref-info refid="sbref0320"><xocs:ref-normalized-surname>NOGUCHI</xocs:ref-normalized-surname><xocs:ref-pub-year>1989</xocs:ref-pub-year><xocs:ref-first-fp>1305</xocs:ref-first-fp><xocs:ref-last-lp>1307</xocs:ref-last-lp><xocs:ref-normalized-initial>K</xocs:ref-normalized-initial></xocs:ref-info><xocs:ref-info refid="sbref0325"><xocs:ref-normalized-surname>TEJLAND</xocs:ref-normalized-surname><xocs:ref-pub-year>2014</xocs:ref-pub-year><xocs:ref-first-fp>30</xocs:ref-first-fp><xocs:ref-last-lp>34</xocs:ref-last-lp><xocs:ref-normalized-initial>P</xocs:ref-normalized-initial></xocs:ref-info><xocs:ref-info refid="sbref0330"><xocs:ref-normalized-surname>HUDSON</xocs:ref-normalized-surname><xocs:ref-pub-year>2009</xocs:ref-pub-year><xocs:ref-first-fp>667</xocs:ref-first-fp><xocs:ref-last-lp>671</xocs:ref-last-lp><xocs:ref-normalized-initial>D</xocs:ref-normalized-initial></xocs:ref-info><xocs:ref-info refid="sbref0335"><xocs:ref-normalized-surname>DASGUPTA</xocs:ref-normalized-surname><xocs:ref-pub-year>1968</xocs:ref-pub-year><xocs:ref-first-fp>271</xocs:ref-first-fp><xocs:ref-last-lp>281</xocs:ref-last-lp><xocs:ref-normalized-initial>P</xocs:ref-normalized-initial></xocs:ref-info><xocs:ref-info refid="sbref0340"><xocs:ref-normalized-surname>RUANO</xocs:ref-normalized-surname><xocs:ref-pub-year>1975</xocs:ref-pub-year><xocs:ref-first-fp>121</xocs:ref-first-fp><xocs:ref-last-lp>128</xocs:ref-last-lp><xocs:ref-normalized-initial>O</xocs:ref-normalized-initial></xocs:ref-info></xocs:references><xocs:attachment-metadata-doc><xocs:attachment-set-type>item</xocs:attachment-set-type><xocs:pii-formatted>S0010-938X(15)00208-5</xocs:pii-formatted><xocs:pii-unformatted>S0010938X15002085</xocs:pii-unformatted><xocs:eid>1-s2.0-S0010938X15002085</xocs:eid><xocs:doi>10.1016/j.corsci.2015.05.013</xocs:doi><xocs:cid>271639</xocs:cid><xocs:timestamp>2015-07-26T01:12:04.714606-04:00</xocs:timestamp><xocs:path>/271639/1-s2.0-S0010938X15X00084/1-s2.0-S0010938X15002085/</xocs:path><xocs:cover-date-start>2015-09-01</xocs:cover-date-start><xocs:cover-date-end>2015-09-30</xocs:cover-date-end><xocs:sponsored-access-type>UNLIMITED</xocs:sponsored-access-type><xocs:funding-body-id>EPSRC</xocs:funding-body-id><xocs:attachments><xocs:web-pdf><xocs:attachment-eid>1-s2.0-S0010938X15002085-main.pdf</xocs:attachment-eid><xocs:filename>main.pdf</xocs:filename><xocs:extension>pdf</xocs:extension><xocs:pdf-optimized>true</xocs:pdf-optimized><xocs:filesize>857567</xocs:filesize><xocs:web-pdf-purpose>MAIN</xocs:web-pdf-purpose><xocs:web-pdf-page-count>5</xocs:web-pdf-page-count><xocs:web-pdf-images><xocs:web-pdf-image><xocs:attachment-eid>1-s2.0-S0010938X15002085-main_1.png</xocs:attachment-eid><xocs:filename>main_1.png</xocs:filename><xocs:extension>png</xocs:extension><xocs:filesize>134377</xocs:filesize><xocs:pixel-height>849</xocs:pixel-height><xocs:pixel-width>656</xocs:pixel-width><xocs:attachment-type>IMAGE-WEB-PDF</xocs:attachment-type><xocs:pdf-page-num>1</xocs:pdf-page-num></xocs:web-pdf-image></xocs:web-pdf-images></xocs:web-pdf><xocs:attachment><xocs:attachment-eid>1-s2.0-S0010938X15002085-si1.gif</xocs:attachment-eid><xocs:file-basename>si1</xocs:file-basename><xocs:filename>si1.gif</xocs:filename><xocs:extension>gif</xocs:extension><xocs:filesize>785</xocs:filesize><xocs:pixel-height>59</xocs:pixel-height><xocs:pixel-width>107</xocs:pixel-width><xocs:attachment-type>ALTIMG</xocs:attachment-type></xocs:attachment><xocs:attachment><xocs:attachment-eid>1-s2.0-S0010938X15002085-gr3.jpg</xocs:attachment-eid><xocs:file-basename>gr3</xocs:file-basename><xocs:filename>gr3.jpg</xocs:filename><xocs:extension>jpg</xocs:extension><xocs:filesize>30040</xocs:filesize><xocs:pixel-height>285</xocs:pixel-height><xocs:pixel-width>376</xocs:pixel-width><xocs:attachment-type>IMAGE-DOWNSAMPLED</xocs:attachment-type></xocs:attachment><xocs:attachment><xocs:attachment-eid>1-s2.0-S0010938X15002085-gr2.jpg</xocs:attachment-eid><xocs:file-basename>gr2</xocs:file-basename><xocs:filename>gr2.jpg</xocs:filename><xocs:extension>jpg</xocs:extension><xocs:filesize>52131</xocs:filesize><xocs:pixel-height>566</xocs:pixel-height><xocs:pixel-width>376</xocs:pixel-width><xocs:attachment-type>IMAGE-DOWNSAMPLED</xocs:attachment-type></xocs:attachment><xocs:attachment><xocs:attachment-eid>1-s2.0-S0010938X15002085-gr1.jpg</xocs:attachment-eid><xocs:file-basename>gr1</xocs:file-basename><xocs:filename>gr1.jpg</xocs:filename><xocs:extension>jpg</xocs:extension><xocs:filesize>34103</xocs:filesize><xocs:pixel-height>291</xocs:pixel-height><xocs:pixel-width>376</xocs:pixel-width><xocs:attachment-type>IMAGE-DOWNSAMPLED</xocs:attachment-type></xocs:attachment><xocs:attachment><xocs:attachment-eid>1-s2.0-S0010938X15002085-gr3.sml</xocs:attachment-eid><xocs:file-basename>gr3</xocs:file-basename><xocs:filename>gr3.sml</xocs:filename><xocs:extension>sml</xocs:extension><xocs:filesize>4941</xocs:filesize><xocs:pixel-height>164</xocs:pixel-height><xocs:pixel-width>216</xocs:pixel-width><xocs:attachment-type>IMAGE-THUMBNAIL</xocs:attachment-type></xocs:attachment><xocs:attachment><xocs:attachment-eid>1-s2.0-S0010938X15002085-gr2.sml</xocs:attachment-eid><xocs:file-basename>gr2</xocs:file-basename><xocs:filename>gr2.sml</xocs:filename><xocs:extension>sml</xocs:extension><xocs:filesize>3398</xocs:filesize><xocs:pixel-height>164</xocs:pixel-height><xocs:pixel-width>109</xocs:pixel-width><xocs:attachment-type>IMAGE-THUMBNAIL</xocs:attachment-type></xocs:attachment><xocs:attachment><xocs:attachment-eid>1-s2.0-S0010938X15002085-gr1.sml</xocs:attachment-eid><xocs:file-basename>gr1</xocs:file-basename><xocs:filename>gr1.sml</xocs:filename><xocs:extension>sml</xocs:extension><xocs:filesize>5602</xocs:filesize><xocs:pixel-height>164</xocs:pixel-height><xocs:pixel-width>212</xocs:pixel-width><xocs:attachment-type>IMAGE-THUMBNAIL</xocs:attachment-type></xocs:attachment></xocs:attachments></xocs:attachment-metadata-doc><xocs:refkeys><xocs:refkey3>PLATTX2015X1</xocs:refkey3><xocs:refkey4lp>PLATTX2015X1X5</xocs:refkey4lp><xocs:refkey4ai>PLATTX2015X1XP</xocs:refkey4ai><xocs:refkey5>PLATTX2015X1X5XP</xocs:refkey5></xocs:refkeys><xocs:open-access><xocs:oa-article-status is-open-access="1" is-open-archive="0">Full</xocs:oa-article-status><xocs:oa-access-effective-date>2015-05-28T07:31:27Z</xocs:oa-access-effective-date><xocs:oa-sponsor><xocs:oa-sponsor-type>FundingBody</xocs:oa-sponsor-type><xocs:oa-sponsor-name>Engineering and Physical Sciences Research Council</xocs:oa-sponsor-name></xocs:oa-sponsor><xocs:oa-user-license>http://creativecommons.org/licenses/by/4.0/</xocs:oa-user-license></xocs:open-access></xocs:meta><xocs:serial-item><article version="5.2" xml:lang="en" docsubtype="ssu" xmlns:sa="http://www.elsevier.com/xml/common/struct-aff/dtd"><item-info><jid>CS</jid><aid>6300</aid><ce:pii>S0010-938X(15)00208-5</ce:pii><ce:doi>10.1016/j.corsci.2015.05.013</ce:doi><ce:copyright type="other" year="2015">The Authors</ce:copyright></item-info><ce:floats><ce:figure id="fig0005"><ce:label>Fig. 1</ce:label><ce:caption id="cap0005"><ce:simple-para id="spar0015" view="all">Oxidation kinetics for Zircaloy-4 with different surface preparation oxidised in 400<ce:hsp sp="0.25"/>°C steam.</ce:simple-para></ce:caption><ce:link locator="gr1"/></ce:figure><ce:figure id="fig0010"><ce:label>Fig. 2</ce:label><ce:caption id="cap0010"><ce:simple-para id="spar0020" view="all">SEM backscattered cross-section images of metal-oxide region for samples of Zircaloy-4 after 111 days oxidation in 400<ce:hsp sp="0.25"/>°C steam.</ce:simple-para></ce:caption><ce:link locator="gr2"/></ce:figure><ce:figure id="fig0015"><ce:label>Fig. 3</ce:label><ce:caption id="cap0015"><ce:simple-para id="spar0025" view="all">Metal-oxide interface roughness at different stages of oxidation, resulting from surface preparation and the oxidation process.</ce:simple-para></ce:caption><ce:link locator="gr3"/></ce:figure><ce:table id="tbl0005" frame="topbot" rowsep="0" colsep="0" xmlns="http://www.elsevier.com/xml/common/cals/dtd"><ce:label>Table 1</ce:label><ce:caption id="cap0020"><ce:simple-para id="spar0030" view="all">Effect of surface profile on the calculations for oxide thickness after 111 days oxidation.</ce:simple-para></ce:caption><tgroup cols="4"><colspec colname="col1"/><colspec colname="col2"/><colspec colname="col3"/><colspec colname="col4"/><thead valign="top"><row><entry rowsep="1" align="left" xmlns="http://www.elsevier.com/xml/common/dtd">Surface finish</entry><entry rowsep="1" align="left" xmlns="http://www.elsevier.com/xml/common/dtd">Original oxide thickness (μm)</entry><entry rowsep="1" align="left" xmlns="http://www.elsevier.com/xml/common/dtd">Modified oxide thickness (μm)</entry><entry rowsep="1" align="left" xmlns="http://www.elsevier.com/xml/common/dtd">Percentage change (%)</entry></row></thead><tbody><row><entry align="left" xmlns="http://www.elsevier.com/xml/common/dtd">P80</entry><entry align="char" char="." xmlns="http://www.elsevier.com/xml/common/dtd">6.39</entry><entry align="char" char="." xmlns="http://www.elsevier.com/xml/common/dtd">6.13</entry><entry align="char" char="." xmlns="http://www.elsevier.com/xml/common/dtd">−4.0</entry></row><row><entry align="left" xmlns="http://www.elsevier.com/xml/common/dtd">P240</entry><entry align="char" char="." xmlns="http://www.elsevier.com/xml/common/dtd">6.18</entry><entry align="char" char="." xmlns="http://www.elsevier.com/xml/common/dtd">5.94</entry><entry align="char" char="." xmlns="http://www.elsevier.com/xml/common/dtd">−3.7</entry></row><row><entry align="left" xmlns="http://www.elsevier.com/xml/common/dtd">P800</entry><entry align="char" char="." xmlns="http://www.elsevier.com/xml/common/dtd">6.02</entry><entry align="char" char="." xmlns="http://www.elsevier.com/xml/common/dtd">5.82</entry><entry align="char" char="." xmlns="http://www.elsevier.com/xml/common/dtd">−3.3</entry></row><row><entry align="left" xmlns="http://www.elsevier.com/xml/common/dtd">Pickled</entry><entry align="char" char="." xmlns="http://www.elsevier.com/xml/common/dtd">6.07</entry><entry align="char" char="." xmlns="http://www.elsevier.com/xml/common/dtd">5.87</entry><entry align="char" char="." xmlns="http://www.elsevier.com/xml/common/dtd">−3.3</entry></row></tbody></tgroup></ce:table></ce:floats><head><ce:dochead id="doh0005"><ce:textfn>Letter</ce:textfn></ce:dochead><ce:title id="tit0005">Observation of the effect of surface roughness on the oxidation of Zircaloy-4</ce:title><ce:author-group id="aug0005"><ce:author id="aut0005"><ce:given-name>P.</ce:given-name><ce:surname>Platt</ce:surname><ce:cross-ref id="crf0005" refid="aff0005"><ce:sup loc="post">a</ce:sup></ce:cross-ref><ce:cross-ref id="crf0010" refid="cor0005"><ce:sup loc="post">⁎</ce:sup></ce:cross-ref><ce:e-address id="eadd0005" type="email">Philip.Platt@manchester.ac.uk</ce:e-address></ce:author><ce:author id="aut0010"><ce:given-name>V.</ce:given-name><ce:surname>Allen</ce:surname><ce:cross-ref id="crf0015" refid="aff0010"><ce:sup loc="post">b</ce:sup></ce:cross-ref></ce:author><ce:author id="aut0015"><ce:given-name>M.</ce:given-name><ce:surname>Fenwick</ce:surname><ce:cross-ref id="crf0020" refid="aff0010"><ce:sup loc="post">b</ce:sup></ce:cross-ref></ce:author><ce:author id="aut0020"><ce:given-name>M.</ce:given-name><ce:surname>Gass</ce:surname><ce:cross-ref id="crf0025" refid="aff0010"><ce:sup loc="post">b</ce:sup></ce:cross-ref></ce:author><ce:author id="aut0025"><ce:given-name>M.</ce:given-name><ce:surname>Preuss</ce:surname><ce:cross-ref id="crf0030" refid="aff0005"><ce:sup loc="post">a</ce:sup></ce:cross-ref></ce:author><ce:affiliation id="aff0005"><ce:label>a</ce:label><ce:textfn>University of Manchester, School of Materials, Materials Performance Centre, Manchester M13 9PL, UK</ce:textfn><sa:affiliation><sa:organization>University of Manchester, School of Materials, Materials Performance Centre</sa:organization><sa:city>Manchester</sa:city><sa:postal-code>M13 9PL</sa:postal-code><sa:country>UK</sa:country></sa:affiliation></ce:affiliation><ce:affiliation id="aff0010"><ce:label>b</ce:label><ce:textfn>AMEC, Walton House, Faraday Street, Birchwood Park, Risley, Warrington WA3 6GA, UK</ce:textfn><sa:affiliation><sa:organization>AMEC, Walton House</sa:organization><sa:address-line>Faraday Street, Birchwood Park, Risley</sa:address-line><sa:city>Warrington</sa:city><sa:postal-code>WA3 6GA</sa:postal-code><sa:country>UK</sa:country></sa:affiliation></ce:affiliation><ce:correspondence id="cor0005"><ce:label>⁎</ce:label><ce:text>Corresponding author at: Material Performance Centre, Room D10, Manchester Materials Science Centre, The University of Manchester, Grosvenor Street, Manchester M1 7HS, UK. Tel.: +44 07753431684.</ce:text></ce:correspondence></ce:author-group><ce:date-received day="14" month="4" year="2015"/><ce:date-revised day="14" month="5" year="2015"/><ce:date-accepted day="16" month="5" year="2015"/><ce:abstract id="abs0005" class="author-highlights" view="all"><ce:section-title id="sect0005">Highlights</ce:section-title><ce:abstract-sec id="abst0005" view="all"><ce:simple-para id="spar0005" view="all"><ce:list id="lis0005"><ce:list-item id="lsti0005"><ce:label>•</ce:label><ce:para id="par0005" view="all">Samples of Zircaloy-4 with four different surface profiles were oxidised in 400<ce:hsp sp="0.25"/>̊C steam (autoclave) for up to 275 days.</ce:para></ce:list-item><ce:list-item id="lsti0010"><ce:label>•</ce:label><ce:para id="par0010" view="all">After ∼84 days oxidation there are clear differences in the weight gain.</ce:para></ce:list-item><ce:list-item id="lsti0015"><ce:label>•</ce:label><ce:para id="par0015" view="all">Samples with a rougher initial surface finish demonstrated increased rates of oxidation.</ce:para></ce:list-item></ce:list></ce:simple-para></ce:abstract-sec></ce:abstract><ce:abstract id="abs0010" view="all" class="author"><ce:section-title id="sect0010">Abstract</ce:section-title><ce:abstract-sec id="abst0010" view="all"><ce:simple-para id="spar0010" view="all">Zirconium alloys are used as fuel cladding in light water reactors. Surface preparation techniques that might impair oxidation resistance would limit the lifetime of the cladding and therefore prevent higher burn-up of fuels. The work presented here investigates the impact of surface roughness on the oxidation kinetics of Zircaloy-4 in 400<ce:hsp sp="0.25"/>°C steam for exposures up to 275 days. The work shows well defined differences in oxidation kinetics between sample preparations following ∼84 days oxidation. Scanning electron microscopy (SEM) and image analysis of samples in cross section allows for an assessment of the variation in surface roughness between samples at different stages of oxidation.</ce:simple-para></ce:abstract-sec></ce:abstract><ce:keywords id="kwd0005" class="keyword" view="all"><ce:section-title id="sect0015">Keywords</ce:section-title><ce:keyword id="kw0005"><ce:text>A. Zirconium</ce:text></ce:keyword><ce:keyword id="kw0010"><ce:text>B. SEM</ce:text></ce:keyword><ce:keyword id="kw0015"><ce:text>C. High temperature corrosion</ce:text></ce:keyword><ce:keyword id="kw0020"><ce:text>C. Oxidation</ce:text></ce:keyword></ce:keywords></head><body view="all"><ce:sections><ce:section id="sec0005" role="introduction" view="all"><ce:label>1</ce:label><ce:section-title id="sect0020">Introduction</ce:section-title><ce:para id="par0020" view="all">Zirconium alloys are used to encapsulate nuclear fuel in pressurised and boiling water reactors. They provide a protective barrier between the fuel and either high temperature water or steam environment. Oxidation of the cladding can often be a limiting factor in the lifetime of the fuel. Therefore, it is important to ensure that all efforts are made to improve corrosion resistance and enable better predictive capabilities of the corrosion process. For many materials, surface finish has an impact on the oxidation behaviour. Chao et al. showed that, in spite of stress relief, oxide spallation was observed during high temperature oxidation of MA956 (aluminium alloy) that had been ground artificially with grit paper. Numerical analysis suggested that this was an effect of oxidation induced localised stresses perpendicular to the metal-oxide interface above roughness peaks <ce:cross-ref id="crf0035" refid="bib0175">[1]</ce:cross-ref>.</ce:para><ce:para id="par0025" view="all">The situation for zirconium alloys is not so clear and experimental evidence, available in the literature, is limited and contradictory. Mardon et al. prepared, by grinding, two different surface finishes on stress-relieved Zircaloy-4. After 3 days of oxidation in steam at 400<ce:hsp sp="0.25"/>°C, samples with greater surface roughness displayed a thicker oxide <ce:cross-ref id="crf0040" refid="bib0180">[2]</ce:cross-ref>. Jeong et al. oxidised roughened samples of recrystallised Zircaloy-4 in an autoclave for 24<ce:hsp sp="0.25"/>h in steam at 500<ce:hsp sp="0.25"/>°C. Weight gain analysis indicated increased oxide thickness with coarser surface finish. Jeong et al. also observed that a polished sample exhibited a thinner oxide than that of a chemically etched sample <ce:cross-ref id="crf0045" refid="bib0185">[3]</ce:cross-ref>. For the work by both Mardon et al. and Jeong et al., stress relief does not appear to have been carried out. This opens up the possibility that the observations were affected by the residual stress and microstructural changes induced in the near surface substrate.</ce:para><ce:para id="par0030" view="all">Sumerling et al. oxidised samples of stress relieved and recrystallised Zircaloy-2 in a steam generating heavy water reactor. Samples were finished with either pickling or belt grinding, followed by pre-filming in a 400<ce:hsp sp="0.25"/>°C autoclave to give an oxide thickness around 1–2<ce:hsp sp="0.25"/>μm. Subsequent in-reactor tests displayed no significant difference in oxide thickness between pickled and ground finishes <ce:cross-ref id="crf0050" refid="bib0190">[4]</ce:cross-ref>. This would appear to indicate that the enhanced oxidation reported by Jeong et al. and Mardon et al. was due to residual stress or damage to the substrate rather than surface geometry. However, work carried out by Kuwae et al. gives contradictory results. Samples of Zircaloy-2, with different precipitate densities, were roughened with different grades of grit paper. Half of the samples were annealed for 2<ce:hsp sp="0.25"/>h at 577<ce:hsp sp="0.25"/>°C prior to oxidation in 500<ce:hsp sp="0.25"/>°C steam for 24<ce:hsp sp="0.25"/>h. XRD analysis of both sets of samples indicated compressive stresses in the range of −192<ce:hsp sp="0.25"/>MPa to −337<ce:hsp sp="0.25"/>MPa in the metal surface after roughening, which was completely removed in half of the samples by the stress relief anneal. Precipitate density was found to have the greatest impact on oxidation kinetics, with the oxide being much thicker on samples with lower densities and presumably larger second phase particles. Increased oxidation with increasing roughness was only observed in annealed samples <ce:cross-ref id="crf0055" refid="bib0195">[5]</ce:cross-ref>. Given that this paper highlights the impact of precipitate density on corrosion resistance it does raise the question of how the stress relief and annealing parameters impact precipitate density, and how this could influence corrosion resistance. In addition, the high temperature steam oxidation resulted in the formation of nodules, which is not typically seen during corrosion testing in 360<ce:hsp sp="0.25"/>°C primary water or indeed during in-reactor performance.</ce:para><ce:para id="par0035" view="all">The aim of the present study is to understand the long-term effect of surface roughness on oxidation of Zircaloy-4 after a stress relief anneal has been carried out. Analysis includes assessment of weight gain to define oxidation kinetics, and cross-section SEM with image analysis.</ce:para></ce:section><ce:section id="sec0010" view="all"><ce:label>2</ce:label><ce:section-title id="sect0025">Experimental</ce:section-title><ce:para id="par0040" view="all">The material used here was recrystallised Zircaloy-4 sheet, with a composition of 1.24<ce:hsp sp="0.25"/>wt%-Sn, 0.17<ce:hsp sp="0.25"/>wt%-Fe, 0.1<ce:hsp sp="0.25"/>wt%-Cr, &lt;0.01<ce:hsp sp="0.25"/>wt%-Nb, &lt;0.01<ce:hsp sp="0.25"/>wt%-Ni, supplied by Westinghouse. This was cut into coupons with dimensions of 30<ce:hsp sp="0.25"/>mm<ce:hsp sp="0.25"/>×<ce:hsp sp="0.25"/>16<ce:hsp sp="0.25"/>mm<ce:hsp sp="0.25"/>×<ce:hsp sp="0.25"/>0.66<ce:hsp sp="0.25"/>mm, and four different surface preparations were applied to create a range of surface profiles. Three preparations involved grinding with P80, P240 and P800 silicon carbide paper in the transverse direction. The fourth preparation involved pickling in concentrated hydrofluoric acid, followed by a very short polish with colloidal silica to remove any white zirconium fluoride residue.</ce:para><ce:para id="par0045" view="all">Samples were subsequently stress relieved in a low pressure Argon environment at 540<ce:hsp sp="0.25"/>°C for 4<ce:hsp sp="0.25"/>h. Based on the work presented in <ce:cross-ref id="crf0060" refid="bib0200">[6]</ce:cross-ref>, this was considered sufficient to relieve any residual stresses. Although purging of the chamber was significant, samples were still found to form a pre-film oxide ∼1<ce:hsp sp="0.25"/>μm thick. Oxidation tests of samples were carried out subsequently in 400<ce:hsp sp="0.25"/>°C steam at a pressure of ∼10.3<ce:hsp sp="0.25"/>MPa for up to 275 days, with weight gain being calculated at ∼28 day intervals. This temperature was used in order to avoid nodular corrosion, observed at temperatures &gt;450<ce:hsp sp="0.25"/>°C <ce:cross-ref id="crf0065" refid="bib0205">[7]</ce:cross-ref>, and ideally to create an oxide microstructure and morphology similar to that formed in 360<ce:hsp sp="0.25"/>°C water but with faster corrosion kinetics. Oxide thicknesses were defined from weight gain measurements using a conversion of 15<ce:hsp sp="0.25"/>mg/dm<ce:sup loc="post">2</ce:sup><ce:hsp sp="0.25"/>=<ce:hsp sp="0.25"/>1<ce:hsp sp="0.25"/>μm <ce:cross-ref id="crf0070" refid="bib0210">[8]</ce:cross-ref>.</ce:para><ce:para id="par0050" view="all">Samples were removed from test for characterisation following 0 days oxidation (i.e. after heat treatment), 111 days and 275 days of oxidation. These samples were mounted in cross-section, followed by grinding and polishing with colloidal silica prior to examination. The cut faces of the cross-section samples were perpendicular to the transverse direction i.e. the direction of the surface grinding. Analysis of the oxide and metal-oxide interface was carried out using FEI Quanta 200 and Quanta 650 scanning electron microscopes (SEM). Images were taken in back-scattered electron mode to maximise contrast between metal, oxide and mounting resin. In order to gain quantitative information on the metal-oxide interface, 20 images were taken across the metal-oxide region of each sample, covering a total length of ∼1.5<ce:hsp sp="0.25"/>mm.</ce:para><ce:para id="par0055" view="all">An image analysis script previously developed at AMEC, Risley with the Enthought EPD Python package was used to carry out quantitative image analysis of the metal-oxide region. The use of this image analysis script has been detailed in <ce:cross-ref id="crf0075" refid="bib0210">[8]</ce:cross-ref>. The defined profile has been used to assess the impact of surface roughness on surface area and therefore oxide thickness based on weight gain (Section <ce:cross-ref id="crf0080" refid="sec0030">3.2.1</ce:cross-ref>). Using a first order least square method to remove the form, and a Gaussian filter to remove the waviness, it was also possible to calculate the root mean square (<ce:italic>R</ce:italic><ce:inf loc="post"><ce:italic>q</ce:italic></ce:inf>) of the surface/interface roughness (Section <ce:cross-ref id="crf0085" refid="sec0035">3.2.2</ce:cross-ref>).<ce:display><ce:formula id="eq0005"><ce:label>(1)</ce:label><mml:math altimg="si1.gif" overflow="scroll"><mml:mrow><mml:msub><mml:mi>R</mml:mi><mml:mi>q</mml:mi></mml:msub><mml:mo>=</mml:mo><mml:msqrt><mml:mrow><mml:mfrac><mml:mn>1</mml:mn><mml:mi>N</mml:mi></mml:mfrac><mml:munderover><mml:mo>∑</mml:mo><mml:mrow><mml:mi>i</mml:mi><mml:mo>=</mml:mo><mml:mn>1</mml:mn></mml:mrow><mml:mi>N</mml:mi></mml:munderover><mml:mrow><mml:msubsup><mml:mi>y</mml:mi><mml:mi>i</mml:mi><mml:mn>2</mml:mn></mml:msubsup></mml:mrow></mml:mrow></mml:msqrt></mml:mrow></mml:math></ce:formula></ce:display>where <ce:italic>y</ce:italic> is the interface height (μm) at a given point, taken at <ce:italic>N</ce:italic> number of intervals across the interface.</ce:para></ce:section><ce:section id="sec0015" role="results" view="all"><ce:label>3</ce:label><ce:section-title id="sect0030">Results</ce:section-title><ce:section id="sec0020" view="all"><ce:label>3.1</ce:label><ce:section-title id="sect0035">Oxidation kinetics</ce:section-title><ce:para id="par0060" view="all"><ce:cross-ref id="crf0090" refid="fig0005">Fig. 1</ce:cross-ref><ce:float-anchor refid="fig0005"/> shows the oxide thicknesses plotted against time for samples with different surface finishes. For all surface finishes an oxide layer ∼1<ce:hsp sp="0.25"/>μm thick is shown at zero days due to the pre-film created during the heat treatment process. For exposures up to 84 days and ∼5.5<ce:hsp sp="0.25"/>μm (±5%) of oxide growth, there does not appear to be any significant effect of surface preparation. From 111 days onwards differences between the surface finishes become apparent. There is a clear trend towards rougher surfaces generating thicker oxides, with the pickled samples showing the thinnest oxides overall.</ce:para></ce:section><ce:section id="sec0025" view="all"><ce:label>3.2</ce:label><ce:section-title id="sect0040">SEM image analysis</ce:section-title><ce:para id="par0065" view="all">Image analysis was carried out for samples after initial heat treatment, 111 days oxidation, and finally 275 days oxidation. <ce:cross-ref id="crf0095" refid="fig0010">Fig. 2</ce:cross-ref><ce:float-anchor refid="fig0010"/> shows examples of the oxide and interface for each of the surface preparations after 111 days oxidation. The first feature of note is that the grown oxides appear to contain layers of lateral cracks similar to those found in oxides formed during autoclave testing in water at 360<ce:hsp sp="0.25"/>°C <ce:cross-refs id="crfs0005" refid="bib0215 bib0220 bib0225">[9–11]</ce:cross-refs>. This is an important feature as the formation of layers of lateral cracks has been associated with the development of oxidation induced interface roughness, transition and acceleration in the corrosion kinetics <ce:cross-refs id="crfs0010" refid="bib0210 bib0230 bib0235">[8,12,13]</ce:cross-refs>. The implication is that although accelerated, the oxidation observed at 400<ce:hsp sp="0.25"/>°C should develop via a similar mechanism to that observed at lower temperatures. Although some perpendicular cracks were observed above peaks on samples roughened with P80 grit paper, they did not appear to penetrate through to the interface. It is important to note that none of the analysed samples exhibited any evidence of nodular corrosion.</ce:para><ce:section id="sec0030" view="all"><ce:label>3.2.1</ce:label><ce:section-title id="sect0045">Modified oxide thickness</ce:section-title><ce:para id="par0070" view="all">The oxide thickness is calculated using the weight gain and surface area. Artificially changing the surface profile will modify the surface area and calculated oxide thickness. SEM images of samples removed after 111 days oxidation were used to define the change in surface profile length with variation in applied roughness. The profile lengths extracted from the images were then used to modify the length of the sample and therefore the surface area. <ce:cross-ref id="crf0100" refid="tbl0005">Table 1</ce:cross-ref><ce:float-anchor refid="tbl0005"/> shows the original oxide thicknesses after 111 days oxidation, the modified oxide thicknesses based on the surface profile length and the percentage difference. Results show a maximum decrease in the oxide thickness of 4% when using a surface which accounts for roughness. Comparing the change in oxide thickness between different surface finishes indicates a variation of less than 1%. As such, the impact of the variation in the profile length on the calculated oxide thickness is considered to be insignificant. In addition, if the differences in weight gain were only due to differences in surface area, rougher samples would be expected to demonstrate thicker oxides at the earliest stages of oxidation.</ce:para></ce:section><ce:section id="sec0035" view="all"><ce:label>3.2.2</ce:label><ce:section-title id="sect0050">Interface and surface roughness analysis</ce:section-title><ce:para id="par0075" view="all">Cross-sectional preparation of samples allows assessment of the metal–oxide interface roughness after heat treatment and its evolution following 111 &amp; 275 days of oxidation. Characterisation of the roughness was carried out using the root mean square (<ce:italic>R</ce:italic><ce:inf loc="post"><ce:italic>q</ce:italic></ce:inf>) of the interface height (Eq. <ce:cross-ref id="crf0105" refid="eq0005">(1)</ce:cross-ref>). The results are presented in <ce:cross-ref id="crf0110" refid="fig0015">Fig. 3</ce:cross-ref><ce:float-anchor refid="fig0015"/>, with the error bars defined by the standard error. It can be seen that after the annealing heat treatment (0 days oxidation) there is a correlation between grit paper roughness and the roughness of the interface/surface based on the <ce:italic>R</ce:italic><ce:inf loc="post"><ce:italic>q</ce:italic></ce:inf> parameter. After 111 days oxidation, the interfaces of all samples, except those ground with P80 grit paper, have increased in roughness. Samples with the lowest initial surface roughness demonstrate the largest increases in interface roughness. Results indicate that after 275 days oxidation the samples are approaching similar levels of roughness.</ce:para></ce:section></ce:section></ce:section><ce:section id="sec0040" role="discussion" view="all"><ce:label>4</ce:label><ce:section-title id="sect0055">Discussion</ce:section-title><ce:para id="par0080" view="all">Most zirconium alloys exhibit cyclical, approximately cubic corrosion kinetics separated by transition points when tested at 360<ce:hsp sp="0.25"/>°C in water <ce:cross-refs id="crfs0015" refid="bib0215 bib0220 bib0225">[9–11]</ce:cross-refs>. It has been previously reported that interface roughness increases up to transition, at which point a layer of lateral cracks form <ce:cross-refs id="crfs0020" refid="bib0210 bib0230 bib0240">[8,12,14]</ce:cross-refs>. For recrystallised Zircaloy-4 sheet, the transition points and layers of lateral cracks typically occur every ∼2<ce:hsp sp="0.25"/>μm of oxide growth <ce:cross-refs id="crfs0025" refid="bib0215 bib0245 bib0250">[9,15,16]</ce:cross-refs>. Kumar et al. oxidised recrystallised Zircaloy-4 in 400<ce:hsp sp="0.25"/>°C steam and found transition occurred after ∼33 days and 2<ce:hsp sp="0.25"/>μm of oxide growth <ce:cross-ref id="crf0115" refid="bib0255">[17]</ce:cross-ref>. <ce:cross-ref id="crf0120" refid="fig0005">Fig. 1</ce:cross-ref> shows that after 111 days of oxidation the oxide exhibits a thickness of ∼6<ce:hsp sp="0.25"/>μm, and SEM analysis (e.g. <ce:cross-ref id="crf0125" refid="fig0010">Fig. 2</ce:cross-ref>) indicates that these oxides are starting to form a third layer of lateral cracks. The implication is that after 111 days oxidation these samples are going through the third transition, and that each transition is occurring in ∼37 days periods. Hence, measuring the weight gain every ∼28 days did not allow for detailed characterisation of the cyclical corrosion kinetics.</ce:para><ce:para id="par0085" view="all">The initiation sites of the lateral cracks have been previously observed to occur largely above undulation peaks, potentially due to the formation of out-of-plane tensile stress <ce:cross-refs id="crfs0030" refid="bib0230 bib0235 bib0260 bib0265 bib0270">[12,13,18–20]</ce:cross-refs>. Geometrically, these second order undulations have amplitudes of the order of ∼0.2<ce:hsp sp="0.25"/>μm, and are separated by distances of the order of ∼1<ce:hsp sp="0.25"/>μm <ce:cross-refs id="crfs0035" refid="bib0225 bib0230">[11,12]</ce:cross-refs>. It has also been observed that a first order interface roughness develops during oxidation, with peaks separated in the range of 7–15<ce:hsp sp="0.25"/>μm <ce:cross-ref id="crf0130" refid="bib0225">[11]</ce:cross-ref>. However, it is not clear if these first order undulations impact oxidation. Qualitative assessment of the SEM images (e.g. <ce:cross-ref id="crf0135" refid="fig0010">Fig. 2</ce:cross-ref>) indicated that this is also the case for the samples oxidised during these experiments.</ce:para><ce:para id="par0090" view="all">Following ∼84 days exposure, differences in the corrosion rates for the different surface roughnesses become noticeable, with the differences continuing to increase with continued exposure (<ce:cross-ref id="crf0140" refid="fig0005">Fig. 1</ce:cross-ref>). If each surface condition oxidised uniformly, all samples should increase in roughness by approximately the same amount due to the development of first and second order interface undulations. However, <ce:cross-ref id="crf0145" refid="fig0015">Fig. 3</ce:cross-ref> demonstrates that this is not the case. Instead, samples with a rougher surface exhibit either a lower increase in roughness or an absolute reduction in roughness after 111 days oxidation. After 275 days oxidation, most of the samples have converged in terms of the interface roughness. This would suggest preferential corrosion of peaks and/or restricted corrosion of troughs. One theory is that preferential corrosion of peaks could occur due the increased surface/interface area of a peak leading to greater oxygen absorption into the metal substrate. However this would not account for the differences in bulk weight gain as the troughs would exhibit a reduced surface/interface area and therefore exhibit reduced oxidation. In addition, this would not account for the delay in divergence of oxidation kinetics.</ce:para><ce:para id="par0095" view="all">When analysing the effect of surface roughness on oxidation of other materials, it has been observed that cracking in the oxide and accelerated oxidation occurs above metal peaks <ce:cross-refs id="crfs0040" refid="bib0175 bib0275 bib0280">[1,21,22]</ce:cross-refs>. For an idealised undulation with a thin oxide relative to the radius of curvature, a simple Laplace equation has indicated that when the oxide is under biaxial compression an out-of-plane tensile stress will increase above the roughness peaks as the oxide thickness increases <ce:cross-refs id="crfs0045" refid="bib0280 bib0285 bib0290">[22–24]</ce:cross-refs>. Based on literature, the oxide biaxial compressive stresses averaged between the monoclinic and tetragonal phases can be up to 2<ce:hsp sp="0.25"/>GPa <ce:cross-refs id="crfs0050" refid="bib0225 bib0260 bib0295 bib0300 bib0305">[11,18,25–27]</ce:cross-refs>. As such, the introduction of surface roughness should introduce out-of-plane stresses that will accelerate the lateral crack formation, which occurs as a result of the normal oxidation process. It is also possible that the generation of localised tensile stress above undulation peaks could open the metal lattice accelerating oxidation in these regions.</ce:para><ce:para id="par0100" view="all">The yield strength of Zircaloy-4 at around 400<ce:hsp sp="0.25"/>°C is of the order of ∼130<ce:hsp sp="0.25"/>MPa <ce:cross-ref id="crf0150" refid="bib0310">[28]</ce:cross-ref>. Previous work has shown manufactured yttria stabilised tetragonal zirconia to demonstrate fracture strengths in the range of 555–745<ce:hsp sp="0.25"/>MPa <ce:cross-refs id="crfs0055" refid="bib0315 bib0320">[29,30]</ce:cross-refs>. The manufactured zirconia samples reported in these publications are larger and contain much larger defects than thin oxide films. As such, it is likely they will demonstrate lower fracture strengths when compared with thin oxide films. With such a difference between yield strength for metal and oxide, any generated tensile stresses should be relaxed by yielding of the substrate before fracture of the oxide. The oxidation process has been seen to cause deformation <ce:cross-ref id="crf0155" refid="bib0325">[31]</ce:cross-ref>. However, oxygen is known to diffuse into the underlying metal <ce:cross-ref id="crf0160" refid="bib0330">[32]</ce:cross-ref> which results in solid solution hardening <ce:cross-ref id="crf0165" refid="bib0340">[34]</ce:cross-ref>; a 4<ce:hsp sp="0.25"/>at.% increase of oxygen has been shown to increase the yield strength of zirconium by ∼100<ce:hsp sp="0.25"/>MPa at around 400<ce:hsp sp="0.25"/>°C <ce:cross-ref id="crf0170" refid="bib0335">[33]</ce:cross-ref>. If out-of-plane stresses above peaks do increase with increasing oxide thickness <ce:cross-refs id="crfs0060" refid="bib0280 bib0285 bib0290">[22–24]</ce:cross-refs>, and hardening of the metal substrate is controlled by the level of oxidation, this could explain why a distinctive effect of surface roughness on oxidation kinetics is only observed after 84 days oxidation.</ce:para></ce:section><ce:section id="sec0045" role="conclusion" view="all"><ce:label>5</ce:label><ce:section-title id="sect0060">Conclusions</ce:section-title><ce:para id="par0105" view="all"><ce:list id="lis0010"><ce:list-item id="lsti0020"><ce:label>(1)</ce:label><ce:para id="par0110" view="all">After ∼84 days oxidation in 400<ce:hsp sp="0.25"/>°C steam samples of Zircaloy-4 with different surface roughness start to demonstrate differences in weight gain with initially rougher surfaces showing enhanced oxidation.</ce:para></ce:list-item><ce:list-item id="lsti0025"><ce:label>(2)</ce:label><ce:para id="par0115" view="all">The difference in weight gain continues to increase with oxidation over the remaining test duration.</ce:para></ce:list-item><ce:list-item id="lsti0030"><ce:label>(3)</ce:label><ce:para id="par0120" view="all">SEM image analysis indicates a link with preferential corrosion of peaks in surface roughness.</ce:para></ce:list-item></ce:list></ce:para></ce:section></ce:sections><ce:acknowledgment id="ack0005" view="all"><ce:section-title id="sect0065">Acknowledgements</ce:section-title><ce:para id="par0125" view="all">The authors would like to thank the EPSRC for funding of the Nuclear EngD studentship (Platt) and an EPSRC Leadership Fellowship EP/I005420/1 (Preuss). In addition, top up funding from AMEC is greatly appreciated. Thanks also go to Steve Armitage at AMEC for support with sample preparation. Finally, thanks go to Westinghouse for supplying the material.</ce:para></ce:acknowledgment></body><tail view="all"><ce:bibliography id="bibl0005" view="all"><ce:section-title id="sect0070">References</ce:section-title><ce:bibliography-sec id="bibs0005" view="all"><ce:bib-reference id="bib0175"><ce:label>[1]</ce:label><sb:reference id="sbref0175"><sb:contribution langtype="en"><sb:authors><sb:author><ce:given-name>J.</ce:given-name><ce:surname>Chao</ce:surname></sb:author><sb:author><ce:given-name>J.</ce:given-name><ce:surname>Gonzalez-Carrasco</ce:surname></sb:author></sb:authors><sb:title><sb:maintitle>The role of the surface roughness on the integrity of thermally generated oxide scales. Application to the Al<ce:inf loc="post">2</ce:inf>O<ce:inf loc="post">3</ce:inf>/MA956 system</sb:maintitle></sb:title></sb:contribution><sb:host><sb:issue><sb:series><sb:title><sb:maintitle>Mater. Sci. Eng. A</sb:maintitle></sb:title><sb:volume-nr>230</sb:volume-nr></sb:series><sb:date>1997</sb:date></sb:issue><sb:pages><sb:first-page>39</sb:first-page><sb:last-page>48</sb:last-page></sb:pages><ce:doi>10.1016/S0921-5093(97)00029-4</ce:doi></sb:host></sb:reference></ce:bib-reference><ce:bib-reference id="bib0180"><ce:label>[2]</ce:label><sb:reference id="sbref0180"><sb:contribution langtype="en"><sb:authors><sb:author><ce:given-name>J.-P.</ce:given-name><ce:surname>Mardon</ce:surname></sb:author><sb:author><ce:given-name>D.</ce:given-name><ce:surname>Charquet</ce:surname></sb:author><sb:author><ce:given-name>J.</ce:given-name><ce:surname>Senevat</ce:surname></sb:author></sb:authors><sb:title><sb:maintitle>Optimization of PWR behavior of stress-relieved Zircaloy-4 cladding tubes by improving the manufacturing and inspection process</sb:maintitle></sb:title></sb:contribution><sb:host><sb:edited-book><sb:title><sb:maintitle>Zircon. Nucl. Ind. 10th Int. Symp. ASTM STP 1245, Astm Intl</sb:maintitle></sb:title><sb:date>1994</sb:date></sb:edited-book><sb:pages><sb:first-page>328</sb:first-page><sb:last-page>348</sb:last-page></sb:pages></sb:host></sb:reference></ce:bib-reference><ce:bib-reference id="bib0185"><ce:label>[3]</ce:label><sb:reference id="sbref0185"><sb:contribution langtype="en"><sb:authors><sb:author><ce:given-name>Y.</ce:given-name><ce:surname>Jeong</ce:surname></sb:author><sb:author><ce:given-name>K.</ce:given-name><ce:surname>Rheem</ce:surname></sb:author><sb:author><ce:given-name>H.</ce:given-name><ce:surname>Chung</ce:surname></sb:author></sb:authors><sb:title><sb:maintitle>Characteristics of autoclave and nodular corrosion of zircaloys in-reactor</sb:maintitle></sb:title></sb:contribution><sb:host><sb:edited-book><sb:title><sb:maintitle>Zircon. Nucl. Ind. 9th Int. Symp. ASTM STP 1132, Astm Intl</sb:maintitle></sb:title><sb:date>1991</sb:date></sb:edited-book><sb:pages><sb:first-page>683</sb:first-page><sb:last-page>717</sb:last-page></sb:pages></sb:host></sb:reference></ce:bib-reference><ce:bib-reference id="bib0190"><ce:label>[4]</ce:label><sb:reference id="sbref0190"><sb:contribution langtype="en"><sb:authors><sb:author><ce:given-name>R.</ce:given-name><ce:surname>Sumerling</ce:surname></sb:author><sb:author><ce:given-name>A.</ce:given-name><ce:surname>Garlick</ce:surname></sb:author><sb:author><ce:given-name>A.</ce:given-name><ce:surname>Stuttard</ce:surname></sb:author><sb:author><ce:given-name>J.</ce:given-name><ce:surname>Hartog</ce:surname></sb:author><sb:author><ce:given-name>F.</ce:given-name><ce:surname>Trowse</ce:surname></sb:author><sb:author><ce:given-name>P.</ce:given-name><ce:surname>Sims</ce:surname></sb:author></sb:authors><sb:title><sb:maintitle>Further evidence of zircaloy corrosion in fuel elements irradiated in a steam generating heavy water reactor</sb:maintitle></sb:title></sb:contribution><sb:host><sb:edited-book><sb:title><sb:maintitle>Zircon. Nucl. Ind. 4th Int. Symp. ASTM STP 681, Astm Intl</sb:maintitle></sb:title><sb:date>1979</sb:date></sb:edited-book><sb:pages><sb:first-page>107</sb:first-page><sb:last-page>121</sb:last-page></sb:pages></sb:host></sb:reference></ce:bib-reference><ce:bib-reference id="bib0195"><ce:label>[5]</ce:label><sb:reference id="sbref0195"><sb:contribution langtype="en"><sb:authors><sb:author><ce:given-name>R.</ce:given-name><ce:surname>Kuwae</ce:surname></sb:author><sb:author><ce:given-name>K.</ce:given-name><ce:surname>Sato</ce:surname></sb:author></sb:authors><sb:title><sb:maintitle>Influence of some factors on nodular corrosion behavior of Zircaloy-2</sb:maintitle></sb:title></sb:contribution><sb:host><sb:issue><sb:series><sb:title><sb:maintitle>J. Nucl. Sci. Technol.</sb:maintitle></sb:title><sb:volume-nr>23</sb:volume-nr></sb:series><sb:date>1986</sb:date></sb:issue><sb:pages><sb:first-page>661</sb:first-page><sb:last-page>663</sb:last-page></sb:pages></sb:host><sb:comment><ce:inter-ref id="intr0005" xlink:href="http://www.tandfonline.com/doi/pdf/10.1080/18811248.1986.9735035" xlink:type="simple">http://www.tandfonline.com/doi/pdf/10.1080/18811248.1986.9735035</ce:inter-ref> (accessed 28.09.13)</sb:comment></sb:reference></ce:bib-reference><ce:bib-reference id="bib0200"><ce:label>[6]</ce:label><sb:reference id="sbref0200"><sb:contribution langtype="en"><sb:authors><sb:author><ce:given-name>K.</ce:given-name><ce:surname>Amouzouvi</ce:surname></sb:author><sb:author><ce:given-name>R.</ce:given-name><ce:surname>Styles</ce:surname></sb:author><sb:author><ce:given-name>L.</ce:given-name><ce:surname>Clegg</ce:surname></sb:author><sb:author><ce:given-name>D.</ce:given-name><ce:surname>McCooeye</ce:surname></sb:author><sb:author><ce:given-name>L.</ce:given-name><ce:surname>Zhao</ce:surname></sb:author><sb:author><ce:given-name>A.</ce:given-name><ce:surname>Koul</ce:surname></sb:author></sb:authors><sb:title><sb:maintitle>Effect of heat treatments on the relief of residual stresses and recrystallisation behaviour of shot peened Zr–2.5Nb Pressure Tube Material</sb:maintitle></sb:title></sb:contribution><sb:host><sb:edited-book><sb:title><sb:maintitle>ICSP</sb:maintitle></sb:title><sb:date>1996</sb:date></sb:edited-book></sb:host><sb:comment><ce:inter-ref id="intr0010" xlink:href="http://www.shotpeener.com/library/pdf/1996063.pdf" xlink:type="simple">http://www.shotpeener.com/library/pdf/1996063.pdf</ce:inter-ref> (accessed 28.04.11)</sb:comment></sb:reference></ce:bib-reference><ce:bib-reference id="bib0205"><ce:label>[7]</ce:label><sb:reference id="sbref0205"><sb:contribution langtype="en"><sb:authors><sb:author><ce:given-name>R.A.</ce:given-name><ce:surname>Graham</ce:surname></sb:author><sb:author><ce:given-name>J.P.</ce:given-name><ce:surname>Tosdale</ce:surname></sb:author><sb:author><ce:given-name>P.T.</ce:given-name><ce:surname>Finden</ce:surname></sb:author></sb:authors><sb:title><sb:maintitle>Influence of chemical composition and manufacturing variables on autoclave corrosion of the Zircaloys</sb:maintitle></sb:title></sb:contribution><sb:host><sb:edited-book><sb:title><sb:maintitle>Zircon. Nucl. Ind. 8th Int. Symp. ASTM STP 1023</sb:maintitle></sb:title><sb:date>1989</sb:date></sb:edited-book><sb:pages><sb:first-page>334</sb:first-page><sb:last-page>345</sb:last-page></sb:pages></sb:host></sb:reference></ce:bib-reference><ce:bib-reference id="bib0210"><ce:label>[8]</ce:label><sb:reference id="sbref0210"><sb:contribution langtype="en"><sb:authors><sb:author><ce:given-name>P.</ce:given-name><ce:surname>Platt</ce:surname></sb:author><sb:author><ce:given-name>S.</ce:given-name><ce:surname>Wedge</ce:surname></sb:author><sb:author><ce:given-name>P.</ce:given-name><ce:surname>Frankel</ce:surname></sb:author><sb:author><ce:given-name>M.</ce:given-name><ce:surname>Gass</ce:surname></sb:author><sb:author><ce:given-name>R.</ce:given-name><ce:surname>Howells</ce:surname></sb:author><sb:author><ce:given-name>M.</ce:given-name><ce:surname>Preuss</ce:surname></sb:author></sb:authors><sb:title><sb:maintitle>A study into the impact of interface roughness development on mechanical degradation of oxides formed on zirconium alloys</sb:maintitle></sb:title></sb:contribution><sb:host><sb:issue><sb:series><sb:title><sb:maintitle>J. Nucl. Mater.</sb:maintitle></sb:title><sb:volume-nr>459</sb:volume-nr></sb:series><sb:date>2015</sb:date></sb:issue><sb:pages><sb:first-page>166</sb:first-page><sb:last-page>174</sb:last-page></sb:pages><ce:doi>10.1016/j.jnucmat.2015.01.028</ce:doi></sb:host></sb:reference></ce:bib-reference><ce:bib-reference id="bib0215"><ce:label>[9]</ce:label><sb:reference id="sbref0215"><sb:contribution langtype="en"><sb:authors><sb:author><ce:given-name>A.</ce:given-name><ce:surname>Yilmazbayhan</ce:surname></sb:author><sb:author><ce:given-name>A.</ce:given-name><ce:surname>Motta</ce:surname></sb:author><sb:author><ce:given-name>R.J.</ce:given-name><ce:surname>Comstock</ce:surname></sb:author><sb:author><ce:given-name>G.P.</ce:given-name><ce:surname>Sabol</ce:surname></sb:author><sb:author><ce:given-name>B.</ce:given-name><ce:surname>Lai</ce:surname></sb:author><sb:author><ce:given-name>Z.</ce:given-name><ce:surname>Cai</ce:surname></sb:author></sb:authors><sb:title><sb:maintitle>Structure of zirconium alloy oxides formed in pure water studied with synchrotron radiation and optical microscopy: relation to corrosion rate</sb:maintitle></sb:title></sb:contribution><sb:host><sb:issue><sb:series><sb:title><sb:maintitle>J. Nucl. Mater.</sb:maintitle></sb:title><sb:volume-nr>324</sb:volume-nr></sb:series><sb:date>2004</sb:date></sb:issue><sb:pages><sb:first-page>6</sb:first-page><sb:last-page>22</sb:last-page></sb:pages><ce:doi>10.1016/j.jnucmat.2003.08.038</ce:doi></sb:host></sb:reference></ce:bib-reference><ce:bib-reference id="bib0220"><ce:label>[10]</ce:label><sb:reference id="sbref0220"><sb:contribution langtype="en"><sb:authors><sb:author><ce:given-name>A.</ce:given-name><ce:surname>Yilmazbayhan</ce:surname></sb:author><sb:author><ce:given-name>E.</ce:given-name><ce:surname>Breval</ce:surname></sb:author><sb:author><ce:given-name>A.</ce:given-name><ce:surname>Motta</ce:surname></sb:author><sb:author><ce:given-name>R.</ce:given-name><ce:surname>Comstock</ce:surname></sb:author></sb:authors><sb:title><sb:maintitle>Transmission electron microscopy examination of oxide layers formed on Zr alloys</sb:maintitle></sb:title></sb:contribution><sb:host><sb:issue><sb:series><sb:title><sb:maintitle>J. Nucl. Mater.</sb:maintitle></sb:title><sb:volume-nr>349</sb:volume-nr></sb:series><sb:date>2006</sb:date></sb:issue><sb:pages><sb:first-page>265</sb:first-page><sb:last-page>281</sb:last-page></sb:pages><ce:doi>10.1016/j.jnucmat.2005.10.012</ce:doi></sb:host></sb:reference></ce:bib-reference><ce:bib-reference id="bib0225"><ce:label>[11]</ce:label><sb:reference id="sbref0225"><sb:contribution langtype="en"><sb:authors><sb:author><ce:given-name>E.</ce:given-name><ce:surname>Polatidis</ce:surname></sb:author><sb:author><ce:given-name>P.</ce:given-name><ce:surname>Frankel</ce:surname></sb:author><sb:author><ce:given-name>J.</ce:given-name><ce:surname>Wei</ce:surname></sb:author><sb:author><ce:given-name>M.</ce:given-name><ce:surname>Klaus</ce:surname></sb:author><sb:author><ce:given-name>R.J.</ce:given-name><ce:surname>Comstock</ce:surname></sb:author><sb:author><ce:given-name>A.</ce:given-name><ce:surname>Ambard</ce:surname></sb:author><sb:author><ce:given-name>S.</ce:given-name><ce:surname>Lyon</ce:surname></sb:author><sb:author><ce:given-name>R.A.</ce:given-name><ce:surname>Cottis</ce:surname></sb:author><sb:author><ce:given-name>M.</ce:given-name><ce:surname>Preuss</ce:surname></sb:author></sb:authors><sb:title><sb:maintitle>Residual stresses and tetragonal phase fraction characterisation of corrosion tested Zircaloy-4 using energy dispersive synchrotron X-ray diffraction</sb:maintitle></sb:title></sb:contribution><sb:host><sb:issue><sb:series><sb:title><sb:maintitle>J. Nucl. Mater.</sb:maintitle></sb:title><sb:volume-nr>432</sb:volume-nr></sb:series><sb:date>2013</sb:date></sb:issue><sb:pages><sb:first-page>102</sb:first-page><sb:last-page>112</sb:last-page></sb:pages><ce:doi>10.1016/j.jnucmat.2012.07.025</ce:doi></sb:host></sb:reference></ce:bib-reference><ce:bib-reference id="bib0230"><ce:label>[12]</ce:label><sb:reference id="sbref0230"><sb:contribution langtype="en"><sb:authors><sb:author><ce:given-name>P.</ce:given-name><ce:surname>Bossis</ce:surname></sb:author><sb:author><ce:given-name>F.</ce:given-name><ce:surname>Lefebvre</ce:surname></sb:author><sb:author><ce:given-name>P.</ce:given-name><ce:surname>Barbéris</ce:surname></sb:author><sb:author><ce:given-name>A.</ce:given-name><ce:surname>Galerie</ce:surname></sb:author></sb:authors><sb:title><sb:maintitle>Corrosion of zirconium alloys: link between the metal/oxide interface roughness, the degradation of the protective oxide layer and the corrosion kinetics</sb:maintitle></sb:title></sb:contribution><sb:host><sb:issue><sb:series><sb:title><sb:maintitle>Mater. Sci. Forum</sb:maintitle></sb:title><sb:volume-nr>369–372</sb:volume-nr></sb:series><sb:date>2001</sb:date></sb:issue><sb:pages><sb:first-page>255</sb:first-page><sb:last-page>262</sb:last-page></sb:pages><ce:doi>10.4028/www.scientific.net/MSF.369-372.255</ce:doi></sb:host></sb:reference></ce:bib-reference><ce:bib-reference id="bib0235"><ce:label>[13]</ce:label><sb:reference id="sbref0235"><sb:contribution langtype="en"><sb:authors><sb:author><ce:given-name>P.</ce:given-name><ce:surname>Bossis</ce:surname></sb:author><sb:author><ce:given-name>G.</ce:given-name><ce:surname>Lelievre</ce:surname></sb:author></sb:authors><sb:title><sb:maintitle>Multi-scale characterization of the metal-oxide interface of zirconium alloys</sb:maintitle></sb:title></sb:contribution><sb:host><sb:edited-book><sb:title><sb:maintitle>Zircon. Nucl. Ind. 12th Int. Symp. ASTM STP 1354, Astm Intl</sb:maintitle></sb:title><sb:date>2000</sb:date></sb:edited-book><sb:pages><sb:first-page>918</sb:first-page><sb:last-page>945</sb:last-page></sb:pages></sb:host><sb:comment><ce:inter-ref id="intr0015" xlink:href="http://scholar.google.com/scholar?hl=en%26btnG=Search%26q=intitle%3Amulti-scale+characterisation+of+the+metal-oxide+interface+of+zirconium+alloys#0" xlink:type="simple">http://scholar.google.com/scholar?hl=en&amp;btnG=Search&amp;q=intitle:multi-scale+characterisation+of+the+metal-oxide+interface+of+zirconium+alloys#0</ce:inter-ref> (accessed 17.09.13)</sb:comment></sb:reference></ce:bib-reference><ce:bib-reference id="bib0240"><ce:label>[14]</ce:label><sb:reference id="sbref0240"><sb:contribution langtype="en"><sb:authors><sb:author><ce:given-name>N.</ce:given-name><ce:surname>Ni</ce:surname></sb:author><sb:author><ce:given-name>S.</ce:given-name><ce:surname>Lozano-Perez</ce:surname></sb:author><sb:author><ce:given-name>J.M.</ce:given-name><ce:surname>Sykes</ce:surname></sb:author><sb:author><ce:given-name>G.D.W.</ce:given-name><ce:surname>Smith</ce:surname></sb:author><sb:author><ce:given-name>C.R.M.</ce:given-name><ce:surname>Grovenor</ce:surname></sb:author></sb:authors><sb:title><sb:maintitle>Focussed ion beam sectioning for the 3D characterisation of cracking in oxide scales formed on commercial ZIRLO™ alloys during corrosion in high temperature pressurised water</sb:maintitle></sb:title></sb:contribution><sb:host><sb:issue><sb:series><sb:title><sb:maintitle>Corros. Sci.</sb:maintitle></sb:title><sb:volume-nr>53</sb:volume-nr></sb:series><sb:date>2011</sb:date></sb:issue><sb:pages><sb:first-page>4073</sb:first-page><sb:last-page>4083</sb:last-page></sb:pages><ce:doi>10.1016/j.corsci.2011.08.013</ce:doi></sb:host></sb:reference></ce:bib-reference><ce:bib-reference id="bib0245"><ce:label>[15]</ce:label><sb:reference id="sbref0245"><sb:contribution langtype="en"><sb:authors><sb:author><ce:given-name>A.</ce:given-name><ce:surname>Couet</ce:surname></sb:author><sb:author><ce:given-name>A.T.</ce:given-name><ce:surname>Motta</ce:surname></sb:author><sb:author><ce:given-name>R.J.</ce:given-name><ce:surname>Comstock</ce:surname></sb:author></sb:authors><sb:title><sb:maintitle>Hydrogen pickup measurements in zirconium alloys: relation to oxidation kinetics</sb:maintitle></sb:title></sb:contribution><sb:host><sb:issue><sb:series><sb:title><sb:maintitle>J. Nucl. Mater.</sb:maintitle></sb:title><sb:volume-nr>451</sb:volume-nr></sb:series><sb:date>2014</sb:date></sb:issue><sb:pages><sb:first-page>1</sb:first-page><sb:last-page>13</sb:last-page></sb:pages><ce:doi>10.1016/j.jnucmat.2014.03.001</ce:doi></sb:host></sb:reference></ce:bib-reference><ce:bib-reference id="bib0250"><ce:label>[16]</ce:label><sb:reference id="sbref0250"><sb:contribution langtype="en"><sb:authors><sb:author><ce:given-name>J.</ce:given-name><ce:surname>Wei</ce:surname></sb:author><sb:author><ce:given-name>P.</ce:given-name><ce:surname>Frankel</ce:surname></sb:author><sb:author><ce:given-name>M.</ce:given-name><ce:surname>Blat</ce:surname></sb:author><sb:author><ce:given-name>A.</ce:given-name><ce:surname>Ambard</ce:surname></sb:author><sb:author><ce:given-name>R.J.</ce:given-name><ce:surname>Comstock</ce:surname></sb:author><sb:author><ce:given-name>L.</ce:given-name><ce:surname>Hallstadius</ce:surname></sb:author><sb:author><ce:given-name>S.</ce:given-name><ce:surname>Lyon</ce:surname></sb:author><sb:author><ce:given-name>R.A.</ce:given-name><ce:surname>Cottis</ce:surname></sb:author><sb:author><ce:given-name>M.</ce:given-name><ce:surname>Preuss</ce:surname></sb:author></sb:authors><sb:title><sb:maintitle>Autoclave study of zirconium alloys with and without hydride rim</sb:maintitle></sb:title></sb:contribution><sb:host><sb:issue><sb:series><sb:title><sb:maintitle>Corros. Eng. Sci. Technol.</sb:maintitle></sb:title><sb:volume-nr>47</sb:volume-nr></sb:series><sb:date>2012</sb:date></sb:issue><sb:pages><sb:first-page>516</sb:first-page><sb:last-page>528</sb:last-page></sb:pages><ce:doi>10.1179/1743278212Y.0000000055</ce:doi></sb:host></sb:reference></ce:bib-reference><ce:bib-reference id="bib0255"><ce:label>[17]</ce:label><sb:reference id="sbref0255"><sb:contribution langtype="en"><sb:authors><sb:author><ce:given-name>M.K.</ce:given-name><ce:surname>Kumar</ce:surname></sb:author><sb:author><ce:given-name>S.</ce:given-name><ce:surname>Aggarwal</ce:surname></sb:author><sb:author><ce:given-name>D.A.</ce:given-name><ce:surname>Beniwal</ce:surname></sb:author><sb:author><ce:given-name>K.</ce:given-name><ce:surname>Dey</ce:surname></sb:author><sb:author><ce:given-name>H.</ce:given-name><ce:surname>Singh</ce:surname></sb:author><sb:author><ce:given-name>V.</ce:given-name><ce:surname>Kain</ce:surname></sb:author></sb:authors><sb:title><sb:maintitle>Localized oxidation of zirconium alloys in high temperature and pressure oxidizing environments of nuclear reactors</sb:maintitle></sb:title></sb:contribution><sb:host><sb:issue><sb:series><sb:title><sb:maintitle>Mater. Corros.</sb:maintitle></sb:title><sb:volume-nr>65</sb:volume-nr></sb:series><sb:date>2014</sb:date></sb:issue><sb:pages><sb:first-page>244</sb:first-page><sb:last-page>249</sb:last-page></sb:pages><ce:doi>10.1002/maco.201307067</ce:doi></sb:host></sb:reference></ce:bib-reference><ce:bib-reference id="bib0260"><ce:label>[18]</ce:label><sb:reference id="sbref0260"><sb:contribution langtype="en"><sb:authors><sb:author><ce:given-name>M.</ce:given-name><ce:surname>Parise</ce:surname></sb:author><sb:author><ce:given-name>O.</ce:given-name><ce:surname>Sicardy</ce:surname></sb:author><sb:author><ce:given-name>G.</ce:given-name><ce:surname>Cailletaud</ce:surname></sb:author></sb:authors><sb:title><sb:maintitle>Modelling of the mechanical behavior of the metal–oxide system during Zr alloy oxidation</sb:maintitle></sb:title></sb:contribution><sb:host><sb:issue><sb:series><sb:title><sb:maintitle>J. Nucl. Mater.</sb:maintitle></sb:title><sb:volume-nr>256</sb:volume-nr></sb:series><sb:date>1998</sb:date></sb:issue><sb:pages><sb:first-page>35</sb:first-page><sb:last-page>46</sb:last-page></sb:pages><ce:doi>10.1016/S0022-3115(98)00045-2</ce:doi></sb:host></sb:reference></ce:bib-reference><ce:bib-reference id="bib0265"><ce:label>[19]</ce:label><sb:reference id="sbref0265"><sb:contribution langtype="en"><sb:authors><sb:author><ce:given-name>A.</ce:given-name><ce:surname>Ly</ce:surname></sb:author><sb:author><ce:given-name>A.</ce:given-name><ce:surname>Ambard</ce:surname></sb:author><sb:author><ce:given-name>M.</ce:given-name><ce:surname>Blat-Yrieix</ce:surname></sb:author><sb:author><ce:given-name>L.</ce:given-name><ce:surname>Legras</ce:surname></sb:author><sb:author><ce:given-name>P.</ce:given-name><ce:surname>Frankel</ce:surname></sb:author><sb:author><ce:given-name>M.</ce:given-name><ce:surname>Preuss</ce:surname></sb:author><sb:author><ce:given-name>C.</ce:given-name><ce:surname>Curfs</ce:surname></sb:author><sb:author><ce:given-name>G.</ce:given-name><ce:surname>Parry</ce:surname></sb:author><sb:author><ce:given-name>Y.</ce:given-name><ce:surname>Brechet</ce:surname></sb:author></sb:authors><sb:title><sb:maintitle>Understanding crack formation at the metal/oxide interface during corrosion of Zircaloy-4 using a simple mechanical model</sb:maintitle></sb:title></sb:contribution><sb:host><sb:edited-book><sb:title><sb:maintitle>Zircon. Nucl. Ind. 16th Int. Symp. ASTM STP 2011</sb:maintitle></sb:title><sb:date>1529</sb:date></sb:edited-book><sb:pages><sb:first-page>682</sb:first-page><sb:last-page>707</sb:last-page></sb:pages></sb:host></sb:reference></ce:bib-reference><ce:bib-reference id="bib0270"><ce:label>[20]</ce:label><sb:reference id="sbref0270"><sb:contribution langtype="en"><sb:authors><sb:author><ce:given-name>P.</ce:given-name><ce:surname>Tejland</ce:surname></sb:author><sb:author><ce:given-name>H.-O.</ce:given-name><ce:surname>Andrén</ce:surname></sb:author></sb:authors><sb:title><sb:maintitle>Origin and effect of lateral cracks in oxide scales formed on zirconium alloys</sb:maintitle></sb:title></sb:contribution><sb:host><sb:issue><sb:series><sb:title><sb:maintitle>J. Nucl. Mater.</sb:maintitle></sb:title><sb:volume-nr>430</sb:volume-nr></sb:series><sb:date>2012</sb:date></sb:issue><sb:pages><sb:first-page>64</sb:first-page><sb:last-page>71</sb:last-page></sb:pages><ce:doi>10.1016/j.jnucmat.2012.06.039</ce:doi></sb:host></sb:reference></ce:bib-reference><ce:bib-reference id="bib0275"><ce:label>[21]</ce:label><sb:reference id="sbref0275"><sb:contribution langtype="en"><sb:authors><sb:author><ce:given-name>E.P.</ce:given-name><ce:surname>Busso</ce:surname></sb:author><sb:author><ce:given-name>H.E.</ce:given-name><ce:surname>Evans</ce:surname></sb:author><sb:author><ce:given-name>Z.Q.</ce:given-name><ce:surname>Qian</ce:surname></sb:author><sb:author><ce:given-name>M.P.</ce:given-name><ce:surname>Taylor</ce:surname></sb:author></sb:authors><sb:title><sb:maintitle>Effects of breakaway oxidation on local stresses in thermal barrier coatings</sb:maintitle></sb:title></sb:contribution><sb:host><sb:issue><sb:series><sb:title><sb:maintitle>Acta Mater.</sb:maintitle></sb:title><sb:volume-nr>58</sb:volume-nr></sb:series><sb:issue-nr>124</sb:issue-nr><sb:date>2010</sb:date></sb:issue><sb:pages><sb:first-page>2</sb:first-page><sb:last-page>1251</sb:last-page></sb:pages><ce:doi>10.1016/j.actamat.2009.10.028</ce:doi></sb:host></sb:reference></ce:bib-reference><ce:bib-reference id="bib0280"><ce:label>[22]</ce:label><sb:reference id="sbref0280"><sb:contribution langtype="en"><sb:authors><sb:author><ce:given-name>A.</ce:given-name><ce:surname>Karlsson</ce:surname></sb:author></sb:authors><sb:title><sb:maintitle>The displacement of the thermally grown oxide in thermal barrier systems upon temperature cycling</sb:maintitle></sb:title></sb:contribution><sb:host><sb:issue><sb:series><sb:title><sb:maintitle>Mater. Sci. Eng. A</sb:maintitle></sb:title><sb:volume-nr>351</sb:volume-nr></sb:series><sb:date>2003</sb:date></sb:issue><sb:pages><sb:first-page>244</sb:first-page><sb:last-page>257</sb:last-page></sb:pages><ce:doi>10.1016/S0921-5093(02)00843-2</ce:doi></sb:host></sb:reference></ce:bib-reference><ce:bib-reference id="bib0285"><ce:label>[23]</ce:label><sb:reference id="sbref0285"><sb:contribution langtype="en"><sb:authors><sb:author><ce:given-name>D.</ce:given-name><ce:surname>Clarke</ce:surname></sb:author><sb:author><ce:given-name>W.</ce:given-name><ce:surname>Pompe</ce:surname></sb:author></sb:authors><sb:title><sb:maintitle>Critical radius for interface separation of a compressively stresses film from a rough surface</sb:maintitle></sb:title></sb:contribution><sb:host><sb:issue><sb:series><sb:title><sb:maintitle>Acta Mater.</sb:maintitle></sb:title><sb:volume-nr>47</sb:volume-nr></sb:series><sb:date>1999</sb:date></sb:issue><sb:pages><sb:first-page>1749</sb:first-page><sb:last-page>1756</sb:last-page></sb:pages></sb:host><sb:comment><ce:inter-ref id="intr0020" xlink:href="http://linkinghub.elsevier.com/retrieve/pii/S1359645499000786" xlink:type="simple">http://linkinghub.elsevier.com/retrieve/pii/S1359645499000786</ce:inter-ref> (accessed 28.01.11)</sb:comment></sb:reference></ce:bib-reference><ce:bib-reference id="bib0290"><ce:label>[24]</ce:label><sb:reference id="sbref0290"><sb:contribution langtype="en"><sb:authors><sb:author><ce:given-name>X.</ce:given-name><ce:surname>Gong</ce:surname></sb:author><sb:author><ce:given-name>D.</ce:given-name><ce:surname>Clarke</ce:surname></sb:author></sb:authors><sb:title><sb:maintitle>On the measurement of strain in coatings formed on a wrinkled elastic substrate</sb:maintitle></sb:title></sb:contribution><sb:host><sb:issue><sb:series><sb:title><sb:maintitle>Oxid. Met.</sb:maintitle></sb:title><sb:volume-nr>50</sb:volume-nr></sb:series><sb:date>1998</sb:date></sb:issue></sb:host><sb:comment><ce:inter-ref id="intr0025" xlink:href="http://www.springerlink.com/index/M66J32JJG14WH483.pdf" xlink:type="simple">http://www.springerlink.com/index/M66J32JJG14WH483.pdf</ce:inter-ref> (accessed 28.09.11)</sb:comment></sb:reference></ce:bib-reference><ce:bib-reference id="bib0295"><ce:label>[25]</ce:label><sb:reference id="sbref0295"><sb:contribution langtype="en"><sb:authors><sb:author><ce:given-name>N.</ce:given-name><ce:surname>Petigny</ce:surname></sb:author></sb:authors><sb:title><sb:maintitle>In situ XRD analysis of the oxide layers formed by oxidation at 743<ce:hsp sp="0.25"/>K on Zircaloy 4 and Zr-1NbO</sb:maintitle></sb:title></sb:contribution><sb:host><sb:issue><sb:series><sb:title><sb:maintitle>J. Nucl. Mater.</sb:maintitle></sb:title><sb:volume-nr>280</sb:volume-nr></sb:series><sb:date>2000</sb:date></sb:issue><sb:pages><sb:first-page>318</sb:first-page><sb:last-page>330</sb:last-page></sb:pages><ce:doi>10.1016/S0022-3115(00)00051-9</ce:doi></sb:host></sb:reference></ce:bib-reference><ce:bib-reference id="bib0300"><ce:label>[26]</ce:label><sb:reference id="sbref0300"><sb:contribution langtype="en"><sb:authors><sb:author><ce:given-name>T.</ce:given-name><ce:surname>Jacquot</ce:surname></sb:author><sb:author><ce:given-name>R.</ce:given-name><ce:surname>Guillén</ce:surname></sb:author><sb:author><ce:given-name>M.</ce:given-name><ce:surname>François</ce:surname></sb:author><sb:author><ce:given-name>B.</ce:given-name><ce:surname>Bourniquel</ce:surname></sb:author><sb:author><ce:given-name>J.</ce:given-name><ce:surname>Senevat</ce:surname></sb:author></sb:authors><sb:title><sb:maintitle>Residual stress of monoclinic zircon obtained by x-ray diffraction in ZY4 oxidized cladding tubes</sb:maintitle></sb:title></sb:contribution><sb:host><sb:edited-book><sb:title><sb:maintitle>Mater. Sci. Forum, Trans Tech Publ</sb:maintitle></sb:title><sb:date>1996</sb:date></sb:edited-book><sb:pages><sb:first-page>845</sb:first-page><sb:last-page>850</sb:last-page></sb:pages></sb:host><sb:comment><ce:inter-ref id="intr0030" xlink:href="http://www.scientific.net/MSF.228-231.845.pdf" xlink:type="simple">http://www.scientific.net/MSF.228-231.845.pdf</ce:inter-ref> (accessed 17.03.11)</sb:comment></sb:reference></ce:bib-reference><ce:bib-reference id="bib0305"><ce:label>[27]</ce:label><sb:reference id="sbref0305"><sb:contribution langtype="en"><sb:authors><sb:author><ce:given-name>P.</ce:given-name><ce:surname>Platt</ce:surname></sb:author><sb:author><ce:given-name>E.</ce:given-name><ce:surname>Polatidis</ce:surname></sb:author><sb:author><ce:given-name>P.</ce:given-name><ce:surname>Frankel</ce:surname></sb:author><sb:author><ce:given-name>M.</ce:given-name><ce:surname>Klaus</ce:surname></sb:author><sb:author><ce:given-name>M.</ce:given-name><ce:surname>Gass</ce:surname></sb:author><sb:author><ce:given-name>R.</ce:given-name><ce:surname>Howells</ce:surname></sb:author><sb:author><ce:given-name>M.</ce:given-name><ce:surname>Preuss</ce:surname></sb:author></sb:authors><sb:title><sb:maintitle>A study into stress relaxation in oxides formed on zirconium alloys</sb:maintitle></sb:title></sb:contribution><sb:host><sb:issue><sb:series><sb:title><sb:maintitle>J. Nucl. Mater.</sb:maintitle></sb:title><sb:volume-nr>456</sb:volume-nr></sb:series><sb:date>2015</sb:date></sb:issue><sb:pages><sb:first-page>415</sb:first-page><sb:last-page>425</sb:last-page></sb:pages><ce:doi>10.1016/j.jnucmat.2014.09.072</ce:doi></sb:host></sb:reference></ce:bib-reference><ce:bib-reference id="bib0310"><ce:label>[28]</ce:label><sb:reference id="sbref0310"><sb:contribution langtype="en"><sb:authors><sb:author><ce:given-name>J.W.</ce:given-name><ce:surname>Dunlop</ce:surname></sb:author><sb:author><ce:given-name>Y.J.M.</ce:given-name><ce:surname>Bréchet</ce:surname></sb:author><sb:author><ce:given-name>L.</ce:given-name><ce:surname>Legras</ce:surname></sb:author><sb:author><ce:given-name>Y.</ce:given-name><ce:surname>Estrin</ce:surname></sb:author></sb:authors><sb:title><sb:maintitle>Dislocation density-based modelling of plastic deformation of Zircaloy-4</sb:maintitle></sb:title></sb:contribution><sb:host><sb:issue><sb:series><sb:title><sb:maintitle>Mater. Sci. Eng. A</sb:maintitle></sb:title><sb:volume-nr>443</sb:volume-nr></sb:series><sb:date>2007</sb:date></sb:issue><sb:pages><sb:first-page>77</sb:first-page><sb:last-page>86</sb:last-page></sb:pages><ce:doi>10.1016/j.msea.2006.08.085</ce:doi></sb:host></sb:reference></ce:bib-reference><ce:bib-reference id="bib0315"><ce:label>[29]</ce:label><sb:reference id="sbref0315"><sb:contribution langtype="en"><sb:authors><sb:author><ce:given-name>J.</ce:given-name><ce:surname>Eichler</ce:surname></sb:author><sb:author><ce:given-name>J.</ce:given-name><ce:surname>Rödel</ce:surname></sb:author><sb:author><ce:given-name>U.</ce:given-name><ce:surname>Eisele</ce:surname></sb:author><sb:author><ce:given-name>M.</ce:given-name><ce:surname>Hoffman</ce:surname></sb:author></sb:authors><sb:title><sb:maintitle>Effect of grain size on mechanical properties of submicrometer 3Y-TZP: fracture strength and hydrothermal degradation</sb:maintitle></sb:title></sb:contribution><sb:host><sb:issue><sb:series><sb:title><sb:maintitle>J. Am. Ceram. Soc.</sb:maintitle></sb:title><sb:volume-nr>90</sb:volume-nr></sb:series><sb:date>2007</sb:date></sb:issue><sb:pages><sb:first-page>2830</sb:first-page><sb:last-page>2836</sb:last-page></sb:pages><ce:doi>10.1111/j. 1551-2916.2007.01643.x</ce:doi></sb:host></sb:reference></ce:bib-reference><ce:bib-reference id="bib0320"><ce:label>[30]</ce:label><sb:reference id="sbref0320"><sb:contribution langtype="en"><sb:authors><sb:author><ce:given-name>K.</ce:given-name><ce:surname>Noguchi</ce:surname></sb:author><sb:author><ce:given-name>M.</ce:given-name><ce:surname>Fujita</ce:surname></sb:author></sb:authors><sb:title><sb:maintitle>Tensile strength of yttria stabilized tetragonal zirconia polycrystals</sb:maintitle></sb:title></sb:contribution><sb:host><sb:issue><sb:series><sb:title><sb:maintitle>J. Am. Ceram. Soc.</sb:maintitle></sb:title></sb:series><sb:date>1989</sb:date></sb:issue><sb:pages><sb:first-page>1305</sb:first-page><sb:last-page>1307</sb:last-page></sb:pages></sb:host><sb:comment><ce:inter-ref id="intr0035" xlink:href="http://onlinelibrary.wiley.com/doi/10.1111/j.1151-2916.1989.tb09736.x/abstract" xlink:type="simple">http://onlinelibrary.wiley.com/doi/10.1111/j.1151-2916.1989.tb09736.x/abstract</ce:inter-ref> (accessed 21.09.13)</sb:comment></sb:reference></ce:bib-reference><ce:bib-reference id="bib0325"><ce:label>[31]</ce:label><sb:reference id="sbref0325"><sb:contribution langtype="en"><sb:authors><sb:author><ce:given-name>P.</ce:given-name><ce:surname>Tejland</ce:surname></sb:author><sb:author><ce:given-name>H.-O.</ce:given-name><ce:surname>Andrén</ce:surname></sb:author></sb:authors><sb:title><sb:maintitle>Oxidation induced localized creep deformation in Zircaloy-2</sb:maintitle></sb:title></sb:contribution><sb:host><sb:issue><sb:series><sb:title><sb:maintitle>J. Nucl. Mater.</sb:maintitle></sb:title><sb:volume-nr>444</sb:volume-nr></sb:series><sb:date>2014</sb:date></sb:issue><sb:pages><sb:first-page>30</sb:first-page><sb:last-page>34</sb:last-page></sb:pages><ce:doi>10.1016/j.jnucmat.2013.09.020</ce:doi></sb:host></sb:reference></ce:bib-reference><ce:bib-reference id="bib0330"><ce:label>[32]</ce:label><sb:reference id="sbref0330"><sb:contribution langtype="en"><sb:authors><sb:author><ce:given-name>D.</ce:given-name><ce:surname>Hudson</ce:surname></sb:author><sb:author><ce:given-name>A.</ce:given-name><ce:surname>Cerezo</ce:surname></sb:author><sb:author><ce:given-name>G.D.W.</ce:given-name><ce:surname>Smith</ce:surname></sb:author></sb:authors><sb:title><sb:maintitle>Zirconium oxidation on the atomic scale</sb:maintitle></sb:title></sb:contribution><sb:host><sb:issue><sb:series><sb:title><sb:maintitle>Ultramicroscopy</sb:maintitle></sb:title><sb:volume-nr>109</sb:volume-nr></sb:series><sb:date>2009</sb:date></sb:issue><sb:pages><sb:first-page>667</sb:first-page><sb:last-page>671</sb:last-page></sb:pages><ce:doi>10.1016/j.ultramic.2008.10.020</ce:doi></sb:host></sb:reference></ce:bib-reference><ce:bib-reference id="bib0335"><ce:label>[33]</ce:label><sb:reference id="sbref0335"><sb:contribution langtype="en"><sb:authors><sb:author><ce:given-name>P.</ce:given-name><ce:surname>Das Gupta</ce:surname></sb:author><sb:author><ce:given-name>V.</ce:given-name><ce:surname>Arunachalam</ce:surname></sb:author></sb:authors><sb:title><sb:maintitle>Thermally activated deformation in dilute zirconium/oxygen alloys</sb:maintitle></sb:title></sb:contribution><sb:host><sb:issue><sb:series><sb:title><sb:maintitle>J. Mater. Sci.</sb:maintitle></sb:title><sb:volume-nr>3</sb:volume-nr></sb:series><sb:date>1968</sb:date></sb:issue><sb:pages><sb:first-page>271</sb:first-page><sb:last-page>281</sb:last-page></sb:pages></sb:host><sb:comment><ce:inter-ref id="intr0040" xlink:href="http://www.springerlink.com/index/R271548498K035GQ.pdf" xlink:type="simple">http://www.springerlink.com/index/R271548498K035GQ.pdf</ce:inter-ref> (accessed 20.09.13)</sb:comment></sb:reference></ce:bib-reference><ce:bib-reference id="bib0340"><ce:label>[34]</ce:label><sb:reference id="sbref0340"><sb:contribution langtype="en"><sb:authors><sb:author><ce:given-name>O.</ce:given-name><ce:surname>Ruano</ce:surname></sb:author><sb:author><ce:given-name>G.</ce:given-name><ce:surname>Elssner</ce:surname></sb:author></sb:authors><sb:title><sb:maintitle>On solid solution hardening in the zirconium-oxygen system</sb:maintitle></sb:title></sb:contribution><sb:host><sb:issue><sb:series><sb:title><sb:maintitle>J. Less Common Met.</sb:maintitle></sb:title><sb:volume-nr>40</sb:volume-nr></sb:series><sb:date>1975</sb:date></sb:issue><sb:pages><sb:first-page>121</sb:first-page><sb:last-page>128</sb:last-page></sb:pages></sb:host><sb:comment><ce:inter-ref id="intr0045" xlink:href="http://www.sciencedirect.com/science/article/pii/0022508875901873" xlink:type="simple">http://www.sciencedirect.com/science/article/pii/0022508875901873</ce:inter-ref> (accessed 16.09.13)</sb:comment></sb:reference></ce:bib-reference></ce:bibliography-sec></ce:bibliography></tail></article></xocs:serial-item></xocs:doc>