<xocs:doc xsi:schemaLocation="http://www.elsevier.com/xml/xocs/dtd http://schema.elsevier.com/dtds/document/fulltext/xcr/xocs-article.xsd" xmlns:xocs="http://www.elsevier.com/xml/xocs/dtd" xmlns:xs="http://www.w3.org/2001/XMLSchema" xmlns:xsi="http://www.w3.org/2001/XMLSchema-instance" xmlns="http://www.elsevier.com/xml/ja/dtd" xmlns:ja="http://www.elsevier.com/xml/ja/dtd" xmlns:mml="http://www.w3.org/1998/Math/MathML" xmlns:tb="http://www.elsevier.com/xml/common/table/dtd" xmlns:sb="http://www.elsevier.com/xml/common/struct-bib/dtd" xmlns:ce="http://www.elsevier.com/xml/common/dtd" xmlns:xlink="http://www.w3.org/1999/xlink" xmlns:cals="http://www.elsevier.com/xml/common/cals/dtd"><xocs:meta><xocs:content-family>serial</xocs:content-family><xocs:content-type>JL</xocs:content-type><xocs:cid>271598</xocs:cid><xocs:ssids><xocs:ssid type="alllist">291210</xocs:ssid><xocs:ssid type="subj">291702</xocs:ssid><xocs:ssid type="subj">291777</xocs:ssid><xocs:ssid type="subj">291829</xocs:ssid><xocs:ssid type="content">31</xocs:ssid><xocs:ssid type="oa">90</xocs:ssid></xocs:ssids><xocs:srctitle>Journal of Nuclear Materials</xocs:srctitle><xocs:normalized-srctitle>JOURNALNUCLEARMATERIALS</xocs:normalized-srctitle><xocs:orig-load-date yyyymmdd="20150908">2015-09-08</xocs:orig-load-date><xocs:available-online-date yyyymmdd="20150908">2015-09-08</xocs:available-online-date><xocs:vor-load-date yyyymmdd="20150914">2015-09-14</xocs:vor-load-date><xocs:vor-available-online-date yyyymmdd="20150914">2015-09-14</xocs:vor-available-online-date><xocs:ew-transaction-id>2015-10-30T21:40:10</xocs:ew-transaction-id><xocs:eid>1-s2.0-S0022311515301963</xocs:eid><xocs:pii-formatted>S0022-3115(15)30196-3</xocs:pii-formatted><xocs:pii-unformatted>S0022311515301963</xocs:pii-unformatted><xocs:doi>10.1016/j.jnucmat.2015.09.007</xocs:doi><xocs:item-stage>S300</xocs:item-stage><xocs:item-version-number>S300.1</xocs:item-version-number><xocs:item-weight>FULL-TEXT</xocs:item-weight><xocs:hub-eid>1-s2.0-S0022311515X00092</xocs:hub-eid><xocs:timestamp yyyymmdd="20151030">2015-10-30T19:26:56.248874-04:00</xocs:timestamp><xocs:dco>0</xocs:dco><xocs:tomb>0</xocs:tomb><xocs:date-search-begin>20151101</xocs:date-search-begin><xocs:date-search-end>20151130</xocs:date-search-end><xocs:year-nav>2015</xocs:year-nav><xocs:indexeddate epoch="1441737808">2015-09-08T18:43:28.939864Z</xocs:indexeddate><xocs:articleinfo>articleinfo articletitlenorm authfirstinitialnorm authfirstsurnamenorm cid cids contenttype copyright crossmark dateloaded dateloadedtxt datesearch datesort dateupdated dco docsubtype doctype doi eid ewtransactionid fundingbodyid hubeid indexeddate issn issnnorm itemstage itemtransactionid itemweight oauserlicense openaccess openarchive pg pgfirst pglast pii piinorm pubdateend pubdatestart pubdatetxt pubyr sectiontitle sortorder sponsoredaccesstype srctitle srctitlenorm srctype ssids alllist content oa subj subheadings suppl tomb volfirst volissue volumelist webpdf webpdfpagecount yearnav figure table body mmlmath acknowledge affil articletitle auth authfirstini authfull authkeywords authlast grantnumber grantsponsor highlightsabst orcid primabst ref</xocs:articleinfo><xocs:issns><xocs:issn-primary-formatted>0022-3115</xocs:issn-primary-formatted><xocs:issn-primary-unformatted>00223115</xocs:issn-primary-unformatted></xocs:issns><xocs:sponsored-access-type>UNLIMITED</xocs:sponsored-access-type><xocs:funding-body-id>EPSRC</xocs:funding-body-id><xocs:crossmark is-crossmark="1">true</xocs:crossmark><xocs:vol-first>466</xocs:vol-first><xocs:volume-list><xocs:volume>466</xocs:volume></xocs:volume-list><xocs:suppl>C</xocs:suppl><xocs:vol-iss-suppl-text>Volume 466</xocs:vol-iss-suppl-text><xocs:sort-order>78</xocs:sort-order><xocs:first-fp>634</xocs:first-fp><xocs:last-lp>637</xocs:last-lp><xocs:pages><xocs:first-page>634</xocs:first-page><xocs:last-page>637</xocs:last-page></xocs:pages><xocs:cover-date-orig><xocs:start-date>201511</xocs:start-date></xocs:cover-date-orig><xocs:cover-date-text>November 2015</xocs:cover-date-text><xocs:cover-date-start>2015-11-01</xocs:cover-date-start><xocs:cover-date-end>2015-11-30</xocs:cover-date-end><xocs:cover-date-year>2015</xocs:cover-date-year><xocs:hub-sec><xocs:hub-sec-title>Regular Papers</xocs:hub-sec-title></xocs:hub-sec><xocs:document-type>article</xocs:document-type><xocs:document-subtype>fla</xocs:document-subtype><xocs:copyright-line>Copyright © 2015 The Authors. Published by Elsevier B.V.</xocs:copyright-line><xocs:normalized-article-title>XEDIFFUSIONBUBBLENUCLEATIONAROUNDEDGEDISLOCATIONSINUO2</xocs:normalized-article-title><xocs:normalized-first-auth-surname>MURPHY</xocs:normalized-first-auth-surname><xocs:normalized-first-auth-initial>S</xocs:normalized-first-auth-initial><xocs:item-toc><xocs:item-toc-entry ref-elem="ce:sections"><xocs:item-toc-label>1</xocs:item-toc-label><xocs:item-toc-section-title>Introduction</xocs:item-toc-section-title></xocs:item-toc-entry><xocs:item-toc-entry ref-elem="ce:sections"><xocs:item-toc-label>2</xocs:item-toc-label><xocs:item-toc-section-title>Methodology</xocs:item-toc-section-title></xocs:item-toc-entry><xocs:item-toc-entry ref-elem="ce:sections"><xocs:item-toc-label>3</xocs:item-toc-label><xocs:item-toc-section-title>Results</xocs:item-toc-section-title></xocs:item-toc-entry><xocs:item-toc-entry ref-elem="ce:sections"><xocs:item-toc-label>4</xocs:item-toc-label><xocs:item-toc-section-title>Summary</xocs:item-toc-section-title></xocs:item-toc-entry><xocs:item-toc-entry ref-elem="ce:acknowledgment"><xocs:item-toc-section-title>Acknowledgements</xocs:item-toc-section-title></xocs:item-toc-entry><xocs:item-toc-entry ref-elem="ce:bibliography"><xocs:item-toc-section-title>References</xocs:item-toc-section-title></xocs:item-toc-entry></xocs:item-toc><xocs:references><xocs:ref-info refid="sref1"><xocs:ref-normalized-surname>VANBRUTZEL</xocs:ref-normalized-surname><xocs:ref-pub-year>2006</xocs:ref-pub-year><xocs:ref-first-fp>209</xocs:ref-first-fp><xocs:ref-last-lp>216</xocs:ref-last-lp><xocs:ref-normalized-initial>L</xocs:ref-normalized-initial></xocs:ref-info><xocs:ref-info refid="sref2"><xocs:ref-normalized-surname>VANBRUTZEL</xocs:ref-normalized-surname><xocs:ref-pub-year>2006</xocs:ref-pub-year><xocs:ref-first-fp>28</xocs:ref-first-fp><xocs:ref-normalized-initial>L</xocs:ref-normalized-initial></xocs:ref-info><xocs:ref-info refid="sref3"><xocs:ref-normalized-surname>COX</xocs:ref-normalized-surname><xocs:ref-pub-year>1990</xocs:ref-pub-year><xocs:ref-first-fp>249</xocs:ref-first-fp><xocs:ref-last-lp>292</xocs:ref-last-lp><xocs:ref-normalized-initial>B</xocs:ref-normalized-initial></xocs:ref-info><xocs:ref-info refid="sref4"><xocs:ref-normalized-surname>GENG</xocs:ref-normalized-surname><xocs:ref-pub-year>2010</xocs:ref-pub-year><xocs:ref-first-fp>094106</xocs:ref-first-fp><xocs:ref-normalized-initial>H</xocs:ref-normalized-initial></xocs:ref-info><xocs:ref-info refid="sref5"><xocs:ref-normalized-surname>GRIMES</xocs:ref-normalized-surname><xocs:ref-pub-year>1991</xocs:ref-pub-year><xocs:ref-first-fp>609</xocs:ref-first-fp><xocs:ref-normalized-initial>R</xocs:ref-normalized-initial></xocs:ref-info><xocs:ref-info refid="sref6"><xocs:ref-normalized-surname>GOVERS</xocs:ref-normalized-surname><xocs:ref-pub-year>2010</xocs:ref-pub-year><xocs:ref-first-fp>252</xocs:ref-first-fp><xocs:ref-last-lp>260</xocs:ref-last-lp><xocs:ref-normalized-initial>K</xocs:ref-normalized-initial></xocs:ref-info><xocs:ref-info refid="sref7"><xocs:ref-normalized-surname>ANDERSSON</xocs:ref-normalized-surname><xocs:ref-pub-year>2011</xocs:ref-pub-year><xocs:ref-first-fp>054105</xocs:ref-first-fp><xocs:ref-normalized-initial>D</xocs:ref-normalized-initial></xocs:ref-info><xocs:ref-info refid="sref8"><xocs:ref-normalized-surname>LIU</xocs:ref-normalized-surname><xocs:ref-pub-year>2011</xocs:ref-pub-year><xocs:ref-first-fp>151902</xocs:ref-first-fp><xocs:ref-normalized-initial>X</xocs:ref-normalized-initial></xocs:ref-info><xocs:ref-info refid="sref9"><xocs:ref-normalized-surname>BASAK</xocs:ref-normalized-surname><xocs:ref-pub-year>2003</xocs:ref-pub-year><xocs:ref-first-fp>210</xocs:ref-first-fp><xocs:ref-normalized-initial>C</xocs:ref-normalized-initial></xocs:ref-info><xocs:ref-info refid="sref10"><xocs:ref-normalized-surname>JACKSON</xocs:ref-normalized-surname><xocs:ref-pub-year>1985</xocs:ref-pub-year><xocs:ref-first-fp>161</xocs:ref-first-fp><xocs:ref-normalized-initial>R</xocs:ref-normalized-initial></xocs:ref-info><xocs:ref-info refid="sref11"><xocs:ref-normalized-surname>MORELON</xocs:ref-normalized-surname><xocs:ref-pub-year>2003</xocs:ref-pub-year><xocs:ref-first-fp>1533</xocs:ref-first-fp><xocs:ref-normalized-initial>N</xocs:ref-normalized-initial></xocs:ref-info><xocs:ref-info refid="sref12"><xocs:ref-normalized-surname>GENG</xocs:ref-normalized-surname><xocs:ref-pub-year>2008</xocs:ref-pub-year><xocs:ref-first-fp>465</xocs:ref-first-fp><xocs:ref-normalized-initial>H</xocs:ref-normalized-initial></xocs:ref-info><xocs:ref-info refid="sref13"><xocs:ref-normalized-surname>NICOLL</xocs:ref-normalized-surname><xocs:ref-pub-year>1995</xocs:ref-pub-year><xocs:ref-first-fp>51</xocs:ref-first-fp><xocs:ref-normalized-initial>S</xocs:ref-normalized-initial></xocs:ref-info><xocs:ref-info refid="sref14"><xocs:ref-normalized-surname>MIEKELEY</xocs:ref-normalized-surname><xocs:ref-pub-year>1972</xocs:ref-pub-year><xocs:ref-first-fp>297</xocs:ref-first-fp><xocs:ref-last-lp>306</xocs:ref-last-lp><xocs:ref-normalized-initial>W</xocs:ref-normalized-initial></xocs:ref-info><xocs:ref-info refid="sref15"><xocs:ref-normalized-surname>NOGITA</xocs:ref-normalized-surname><xocs:ref-pub-year>1994</xocs:ref-pub-year><xocs:ref-first-fp>301</xocs:ref-first-fp><xocs:ref-normalized-initial>K</xocs:ref-normalized-initial></xocs:ref-info><xocs:ref-info refid="sref16"><xocs:ref-normalized-surname>RONDINELLA</xocs:ref-normalized-surname><xocs:ref-pub-year>2010</xocs:ref-pub-year><xocs:ref-first-fp>24</xocs:ref-first-fp><xocs:ref-normalized-initial>V</xocs:ref-normalized-initial></xocs:ref-info><xocs:ref-info refid="sref17"><xocs:ref-normalized-surname>SHEA</xocs:ref-normalized-surname><xocs:ref-pub-year>2013</xocs:ref-pub-year><xocs:ref-normalized-initial>J</xocs:ref-normalized-initial><xocs:ref-normalized-srctitle>EXTENSIONFISSIONGASRELEASEMODELLINGHIGHTEMPERATURES</xocs:ref-normalized-srctitle></xocs:ref-info><xocs:ref-info refid="sref18"><xocs:ref-normalized-surname>MURPHY</xocs:ref-normalized-surname><xocs:ref-pub-year>2014</xocs:ref-pub-year><xocs:ref-first-fp>143</xocs:ref-first-fp><xocs:ref-normalized-initial>S</xocs:ref-normalized-initial></xocs:ref-info><xocs:ref-info refid="sref19"><xocs:ref-normalized-surname>NERIKAR</xocs:ref-normalized-surname><xocs:ref-pub-year>2011</xocs:ref-pub-year><xocs:ref-first-fp>174105</xocs:ref-first-fp><xocs:ref-normalized-initial>P</xocs:ref-normalized-initial></xocs:ref-info><xocs:ref-info refid="sref20"><xocs:ref-normalized-surname>GOYAL</xocs:ref-normalized-surname><xocs:ref-pub-year>2013</xocs:ref-pub-year><xocs:ref-first-fp>96</xocs:ref-first-fp><xocs:ref-normalized-initial>A</xocs:ref-normalized-initial></xocs:ref-info><xocs:ref-info refid="sref21"><xocs:ref-normalized-surname>SUI</xocs:ref-normalized-surname><xocs:ref-pub-year>2015</xocs:ref-pub-year><xocs:ref-first-fp>052002</xocs:ref-first-fp><xocs:ref-normalized-initial>P</xocs:ref-normalized-initial></xocs:ref-info><xocs:ref-info refid="sref22"><xocs:ref-normalized-surname>SUN</xocs:ref-normalized-surname><xocs:ref-pub-year>2015</xocs:ref-pub-year><xocs:ref-first-fp>6294</xocs:ref-first-fp><xocs:ref-normalized-initial>L</xocs:ref-normalized-initial></xocs:ref-info><xocs:ref-info refid="sref23"><xocs:ref-normalized-surname>MARROCCHELLI</xocs:ref-normalized-surname><xocs:ref-pub-year>2015</xocs:ref-pub-year><xocs:ref-first-fp>4735</xocs:ref-first-fp><xocs:ref-last-lp>4748</xocs:ref-last-lp><xocs:ref-normalized-initial>D</xocs:ref-normalized-initial></xocs:ref-info><xocs:ref-info refid="sref24"><xocs:ref-normalized-surname>PLIMPTON</xocs:ref-normalized-surname><xocs:ref-pub-year>1995</xocs:ref-pub-year><xocs:ref-first-fp>1</xocs:ref-first-fp><xocs:ref-normalized-initial>S</xocs:ref-normalized-initial></xocs:ref-info><xocs:ref-info refid="sref25"><xocs:ref-normalized-surname>PARFITT</xocs:ref-normalized-surname><xocs:ref-pub-year>2010</xocs:ref-pub-year><xocs:ref-first-fp>175004</xocs:ref-first-fp><xocs:ref-normalized-initial>D</xocs:ref-normalized-initial></xocs:ref-info><xocs:ref-info refid="sref26"><xocs:ref-normalized-surname>FOSSATI</xocs:ref-normalized-surname><xocs:ref-pub-year>2013</xocs:ref-pub-year><xocs:ref-first-fp>359</xocs:ref-first-fp><xocs:ref-last-lp>365</xocs:ref-last-lp><xocs:ref-normalized-initial>P</xocs:ref-normalized-initial></xocs:ref-info><xocs:ref-info refid="sref27"><xocs:ref-normalized-surname>MURPHY</xocs:ref-normalized-surname><xocs:ref-pub-year>2014</xocs:ref-pub-year><xocs:ref-first-fp>27</xocs:ref-first-fp><xocs:ref-normalized-initial>S</xocs:ref-normalized-initial></xocs:ref-info><xocs:ref-info refid="sref28"><xocs:ref-normalized-surname>KELLER</xocs:ref-normalized-surname><xocs:ref-pub-year>1988</xocs:ref-pub-year><xocs:ref-first-fp>1073</xocs:ref-first-fp><xocs:ref-normalized-initial>R</xocs:ref-normalized-initial></xocs:ref-info><xocs:ref-info refid="sref29"><xocs:ref-normalized-surname>CHARTIER</xocs:ref-normalized-surname><xocs:ref-pub-year>2010</xocs:ref-pub-year><xocs:ref-first-fp>174111</xocs:ref-first-fp><xocs:ref-normalized-initial>A</xocs:ref-normalized-initial></xocs:ref-info><xocs:ref-info refid="sref30"><xocs:ref-normalized-surname>TANG</xocs:ref-normalized-surname><xocs:ref-pub-year>2003</xocs:ref-pub-year><xocs:ref-first-fp>4976</xocs:ref-first-fp><xocs:ref-last-lp>4983</xocs:ref-last-lp><xocs:ref-normalized-initial>K</xocs:ref-normalized-initial></xocs:ref-info><xocs:ref-info refid="sref31"><xocs:ref-normalized-surname>MURPHY</xocs:ref-normalized-surname><xocs:ref-pub-year>2012</xocs:ref-pub-year><xocs:ref-first-fp>144102</xocs:ref-first-fp><xocs:ref-normalized-initial>S</xocs:ref-normalized-initial></xocs:ref-info><xocs:ref-info refid="sref32"><xocs:ref-normalized-surname>MARTYNA</xocs:ref-normalized-surname><xocs:ref-pub-year>1994</xocs:ref-pub-year><xocs:ref-first-fp>4177</xocs:ref-first-fp><xocs:ref-normalized-initial>G</xocs:ref-normalized-initial></xocs:ref-info><xocs:ref-info refid="sref33"><xocs:ref-normalized-surname>GOVERS</xocs:ref-normalized-surname><xocs:ref-pub-year>2013</xocs:ref-pub-year><xocs:ref-first-fp>134</xocs:ref-first-fp><xocs:ref-normalized-initial>K</xocs:ref-normalized-initial></xocs:ref-info><xocs:ref-info refid="sref34"><xocs:ref-normalized-surname>HENKELMAN</xocs:ref-normalized-surname><xocs:ref-pub-year>2000</xocs:ref-pub-year><xocs:ref-first-fp>9901</xocs:ref-first-fp><xocs:ref-normalized-initial>G</xocs:ref-normalized-initial></xocs:ref-info><xocs:ref-info refid="sref35"><xocs:ref-normalized-surname>MOORE</xocs:ref-normalized-surname><xocs:ref-pub-year>2011</xocs:ref-pub-year><xocs:ref-first-fp>140</xocs:ref-first-fp><xocs:ref-last-lp>144</xocs:ref-last-lp><xocs:ref-normalized-initial>E</xocs:ref-normalized-initial></xocs:ref-info><xocs:ref-info refid="sref36"><xocs:ref-normalized-surname>STUKOWSKI</xocs:ref-normalized-surname><xocs:ref-pub-year>2010</xocs:ref-pub-year><xocs:ref-first-fp>025016</xocs:ref-first-fp><xocs:ref-normalized-initial>A</xocs:ref-normalized-initial></xocs:ref-info></xocs:references><xocs:attachment-metadata-doc><xocs:attachment-set-type>item</xocs:attachment-set-type><xocs:pii-formatted>S0022-3115(15)30196-3</xocs:pii-formatted><xocs:pii-unformatted>S0022311515301963</xocs:pii-unformatted><xocs:eid>1-s2.0-S0022311515301963</xocs:eid><xocs:doi>10.1016/j.jnucmat.2015.09.007</xocs:doi><xocs:cid>271598</xocs:cid><xocs:timestamp>2015-10-30T19:26:56.248874-04:00</xocs:timestamp><xocs:path>/271598/1-s2.0-S0022311515X00092/1-s2.0-S0022311515301963/</xocs:path><xocs:cover-date-start>2015-11-01</xocs:cover-date-start><xocs:cover-date-end>2015-11-30</xocs:cover-date-end><xocs:sponsored-access-type>UNLIMITED</xocs:sponsored-access-type><xocs:funding-body-id>EPSRC</xocs:funding-body-id><xocs:attachments><xocs:web-pdf><xocs:attachment-eid>1-s2.0-S0022311515301963-main.pdf</xocs:attachment-eid><xocs:ucs-locator>https://s3-eu-west-1.amazonaws.com/prod-ucs-content-store-eu-west/content/pii:S0022311515301963/MAIN/application/pdf/e93faa913e4ad7f3b33d38fc70a6f7f8/main.pdf</xocs:ucs-locator><xocs:ucs-locator>https://s3.amazonaws.com/prod-ucs-content-store-us-east/content/pii:S0022311515301963/MAIN/application/pdf/e93faa913e4ad7f3b33d38fc70a6f7f8/main.pdf</xocs:ucs-locator><xocs:filename>main.pdf</xocs:filename><xocs:extension>pdf</xocs:extension><xocs:pdf-optimized>true</xocs:pdf-optimized><xocs:filesize>746039</xocs:filesize><xocs:web-pdf-purpose>MAIN</xocs:web-pdf-purpose><xocs:web-pdf-page-count>4</xocs:web-pdf-page-count><xocs:web-pdf-images><xocs:web-pdf-image><xocs:attachment-eid>1-s2.0-S0022311515301963-main_1.png</xocs:attachment-eid><xocs:ucs-locator>https://s3-eu-west-1.amazonaws.com/prod-ucs-content-store-eu-west/content/pii:S0022311515301963/PREVIEW/image/png/f6bfdd340d3dac00bd4bf73160cb71aa/main_1.png</xocs:ucs-locator><xocs:ucs-locator>https://s3.amazonaws.com/prod-ucs-content-store-us-east/content/pii:S0022311515301963/PREVIEW/image/png/f6bfdd340d3dac00bd4bf73160cb71aa/main_1.png</xocs:ucs-locator><xocs:filename>main_1.png</xocs:filename><xocs:extension>png</xocs:extension><xocs:filesize>54888</xocs:filesize><xocs:pixel-height>849</xocs:pixel-height><xocs:pixel-width>656</xocs:pixel-width><xocs:attachment-type>IMAGE-WEB-PDF</xocs:attachment-type><xocs:pdf-page-num>1</xocs:pdf-page-num></xocs:web-pdf-image></xocs:web-pdf-images></xocs:web-pdf><xocs:attachment><xocs:attachment-eid>1-s2.0-S0022311515301963-gr3.sml</xocs:attachment-eid><xocs:ucs-locator>https://s3-eu-west-1.amazonaws.com/prod-ucs-content-store-eu-west/content/pii:S0022311515301963/gr3/THUMBNAIL/image/gif/d33077e59fb07adf307df7dd1d61f196/gr3.sml</xocs:ucs-locator><xocs:ucs-locator>https://s3.amazonaws.com/prod-ucs-content-store-us-east/content/pii:S0022311515301963/gr3/THUMBNAIL/image/gif/d33077e59fb07adf307df7dd1d61f196/gr3.sml</xocs:ucs-locator><xocs:file-basename>gr3</xocs:file-basename><xocs:filename>gr3.sml</xocs:filename><xocs:extension>sml</xocs:extension><xocs:filesize>18277</xocs:filesize><xocs:pixel-height>164</xocs:pixel-height><xocs:pixel-width>153</xocs:pixel-width><xocs:attachment-type>IMAGE-THUMBNAIL</xocs:attachment-type></xocs:attachment><xocs:attachment><xocs:attachment-eid>1-s2.0-S0022311515301963-gr2.sml</xocs:attachment-eid><xocs:ucs-locator>https://s3-eu-west-1.amazonaws.com/prod-ucs-content-store-eu-west/content/pii:S0022311515301963/gr2/THUMBNAIL/image/gif/e8ba64c6ee00e76f383aec97d5db2532/gr2.sml</xocs:ucs-locator><xocs:ucs-locator>https://s3.amazonaws.com/prod-ucs-content-store-us-east/content/pii:S0022311515301963/gr2/THUMBNAIL/image/gif/e8ba64c6ee00e76f383aec97d5db2532/gr2.sml</xocs:ucs-locator><xocs:file-basename>gr2</xocs:file-basename><xocs:filename>gr2.sml</xocs:filename><xocs:extension>sml</xocs:extension><xocs:filesize>17514</xocs:filesize><xocs:pixel-height>164</xocs:pixel-height><xocs:pixel-width>112</xocs:pixel-width><xocs:attachment-type>IMAGE-THUMBNAIL</xocs:attachment-type></xocs:attachment><xocs:attachment><xocs:attachment-eid>1-s2.0-S0022311515301963-gr1.sml</xocs:attachment-eid><xocs:ucs-locator>https://s3-eu-west-1.amazonaws.com/prod-ucs-content-store-eu-west/content/pii:S0022311515301963/gr1/THUMBNAIL/image/gif/5932c5aa51314f11b14e9e855b8a6557/gr1.sml</xocs:ucs-locator><xocs:ucs-locator>https://s3.amazonaws.com/prod-ucs-content-store-us-east/content/pii:S0022311515301963/gr1/THUMBNAIL/image/gif/5932c5aa51314f11b14e9e855b8a6557/gr1.sml</xocs:ucs-locator><xocs:file-basename>gr1</xocs:file-basename><xocs:filename>gr1.sml</xocs:filename><xocs:extension>sml</xocs:extension><xocs:filesize>10086</xocs:filesize><xocs:pixel-height>149</xocs:pixel-height><xocs:pixel-width>219</xocs:pixel-width><xocs:attachment-type>IMAGE-THUMBNAIL</xocs:attachment-type></xocs:attachment><xocs:attachment><xocs:attachment-eid>1-s2.0-S0022311515301963-gr4.sml</xocs:attachment-eid><xocs:ucs-locator>https://s3-eu-west-1.amazonaws.com/prod-ucs-content-store-eu-west/content/pii:S0022311515301963/gr4/THUMBNAIL/image/gif/edab74c8e4704afad2bb34128ad16d5d/gr4.sml</xocs:ucs-locator><xocs:ucs-locator>https://s3.amazonaws.com/prod-ucs-content-store-us-east/content/pii:S0022311515301963/gr4/THUMBNAIL/image/gif/edab74c8e4704afad2bb34128ad16d5d/gr4.sml</xocs:ucs-locator><xocs:file-basename>gr4</xocs:file-basename><xocs:filename>gr4.sml</xocs:filename><xocs:extension>sml</xocs:extension><xocs:filesize>11154</xocs:filesize><xocs:pixel-height>152</xocs:pixel-height><xocs:pixel-width>219</xocs:pixel-width><xocs:attachment-type>IMAGE-THUMBNAIL</xocs:attachment-type></xocs:attachment><xocs:attachment><xocs:attachment-eid>1-s2.0-S0022311515301963-gr3.jpg</xocs:attachment-eid><xocs:ucs-locator>https://s3-eu-west-1.amazonaws.com/prod-ucs-content-store-eu-west/content/pii:S0022311515301963/gr3/DOWNSAMPLED/image/jpeg/7ffba6f578685443f4cb0926dbaf587d/gr3.jpg</xocs:ucs-locator><xocs:ucs-locator>https://s3.amazonaws.com/prod-ucs-content-store-us-east/content/pii:S0022311515301963/gr3/DOWNSAMPLED/image/jpeg/7ffba6f578685443f4cb0926dbaf587d/gr3.jpg</xocs:ucs-locator><xocs:file-basename>gr3</xocs:file-basename><xocs:filename>gr3.jpg</xocs:filename><xocs:extension>jpg</xocs:extension><xocs:filesize>73451</xocs:filesize><xocs:pixel-height>534</xocs:pixel-height><xocs:pixel-width>500</xocs:pixel-width><xocs:attachment-type>IMAGE-DOWNSAMPLED</xocs:attachment-type></xocs:attachment><xocs:attachment><xocs:attachment-eid>1-s2.0-S0022311515301963-gr2.jpg</xocs:attachment-eid><xocs:ucs-locator>https://s3-eu-west-1.amazonaws.com/prod-ucs-content-store-eu-west/content/pii:S0022311515301963/gr2/DOWNSAMPLED/image/jpeg/dba19236267c0c0ee33be78ff06aef9b/gr2.jpg</xocs:ucs-locator><xocs:ucs-locator>https://s3.amazonaws.com/prod-ucs-content-store-us-east/content/pii:S0022311515301963/gr2/DOWNSAMPLED/image/jpeg/dba19236267c0c0ee33be78ff06aef9b/gr2.jpg</xocs:ucs-locator><xocs:file-basename>gr2</xocs:file-basename><xocs:filename>gr2.jpg</xocs:filename><xocs:extension>jpg</xocs:extension><xocs:filesize>83958</xocs:filesize><xocs:pixel-height>491</xocs:pixel-height><xocs:pixel-width>335</xocs:pixel-width><xocs:attachment-type>IMAGE-DOWNSAMPLED</xocs:attachment-type></xocs:attachment><xocs:attachment><xocs:attachment-eid>1-s2.0-S0022311515301963-gr1.jpg</xocs:attachment-eid><xocs:ucs-locator>https://s3-eu-west-1.amazonaws.com/prod-ucs-content-store-eu-west/content/pii:S0022311515301963/gr1/DOWNSAMPLED/image/jpeg/a0d9dea8dd42199e85e6dbcae4b36403/gr1.jpg</xocs:ucs-locator><xocs:ucs-locator>https://s3.amazonaws.com/prod-ucs-content-store-us-east/content/pii:S0022311515301963/gr1/DOWNSAMPLED/image/jpeg/a0d9dea8dd42199e85e6dbcae4b36403/gr1.jpg</xocs:ucs-locator><xocs:file-basename>gr1</xocs:file-basename><xocs:filename>gr1.jpg</xocs:filename><xocs:extension>jpg</xocs:extension><xocs:filesize>35996</xocs:filesize><xocs:pixel-height>263</xocs:pixel-height><xocs:pixel-width>387</xocs:pixel-width><xocs:attachment-type>IMAGE-DOWNSAMPLED</xocs:attachment-type></xocs:attachment><xocs:attachment><xocs:attachment-eid>1-s2.0-S0022311515301963-gr4.jpg</xocs:attachment-eid><xocs:ucs-locator>https://s3-eu-west-1.amazonaws.com/prod-ucs-content-store-eu-west/content/pii:S0022311515301963/gr4/DOWNSAMPLED/image/jpeg/664eb0da6f34a6b8f886bc03423a4c73/gr4.jpg</xocs:ucs-locator><xocs:ucs-locator>https://s3.amazonaws.com/prod-ucs-content-store-us-east/content/pii:S0022311515301963/gr4/DOWNSAMPLED/image/jpeg/664eb0da6f34a6b8f886bc03423a4c73/gr4.jpg</xocs:ucs-locator><xocs:file-basename>gr4</xocs:file-basename><xocs:filename>gr4.jpg</xocs:filename><xocs:extension>jpg</xocs:extension><xocs:filesize>37785</xocs:filesize><xocs:pixel-height>268</xocs:pixel-height><xocs:pixel-width>387</xocs:pixel-width><xocs:attachment-type>IMAGE-DOWNSAMPLED</xocs:attachment-type></xocs:attachment><xocs:attachment><xocs:attachment-eid>1-s2.0-S0022311515301963-si1.gif</xocs:attachment-eid><xocs:ucs-locator>https://s3-eu-west-1.amazonaws.com/prod-ucs-content-store-eu-west/content/pii:S0022311515301963/STRIPIN/image/gif/fbd0825d871a68a46b811c63cb09a83f/si1.gif</xocs:ucs-locator><xocs:ucs-locator>https://s3.amazonaws.com/prod-ucs-content-store-us-east/content/pii:S0022311515301963/STRIPIN/image/gif/fbd0825d871a68a46b811c63cb09a83f/si1.gif</xocs:ucs-locator><xocs:file-basename>si1</xocs:file-basename><xocs:filename>si1.gif</xocs:filename><xocs:extension>gif</xocs:extension><xocs:filesize>911</xocs:filesize><xocs:pixel-height>46</xocs:pixel-height><xocs:pixel-width>178</xocs:pixel-width><xocs:attachment-type>ALTIMG</xocs:attachment-type></xocs:attachment></xocs:attachments></xocs:attachment-metadata-doc><xocs:refkeys><xocs:refkey3>MURPHYX2015X634</xocs:refkey3><xocs:refkey4lp>MURPHYX2015X634X637</xocs:refkey4lp><xocs:refkey4ai>MURPHYX2015X634XS</xocs:refkey4ai><xocs:refkey5>MURPHYX2015X634X637XS</xocs:refkey5></xocs:refkeys><xocs:open-access><xocs:oa-article-status is-open-access="1" is-open-archive="0">Full</xocs:oa-article-status><xocs:oa-access-effective-date>2015-10-23T13:33:35Z</xocs:oa-access-effective-date><xocs:oa-sponsor><xocs:oa-sponsor-type>FundingBody</xocs:oa-sponsor-type><xocs:oa-sponsor-name>Engineering and Physical Sciences Research Council</xocs:oa-sponsor-name></xocs:oa-sponsor><xocs:oa-user-license>http://creativecommons.org/licenses/by/4.0/</xocs:oa-user-license></xocs:open-access></xocs:meta><xocs:serial-item><article docsubtype="fla" version="5.4" xml:lang="en" xmlns:sa="http://www.elsevier.com/xml/common/struct-aff/dtd"><item-info><jid>NUMA</jid><aid>49316</aid><ce:pii>S0022-3115(15)30196-3</ce:pii><ce:doi>10.1016/j.jnucmat.2015.09.007</ce:doi><ce:copyright type="other" year="2015">The Authors</ce:copyright></item-info><ce:floats><ce:figure id="fig1"><ce:label>Fig. 1</ce:label><ce:caption id="cap0010"><ce:simple-para id="fspara0010" view="all">Arrhenius plot showing the diffusivity of Xe within 20 Å of a 1/2〈110〉{100} dislocation compared to in the bulk. The red points correspond to the MSD averaged over all 12 dislocations, and the error bars represent the standard deviation across all of the dislocations. The large error bars arise due the random nature of the initial Xe arrangement relative to the dislocations. The results indicate that the diffusivity of Xe is significantly higher in the vicinity of the dislocation than in the bulk. (For interpretation of the references to colour in this figure legend, the reader is referred to the web version of this article.)</ce:simple-para></ce:caption><ce:link locator="gr1"/></ce:figure><ce:figure id="fig2"><ce:label>Fig. 2</ce:label><ce:caption id="cap0015"><ce:simple-para id="fspara0015" view="all">Superposition showing the positions of Xe atoms surrounding a dislocation. Black spheres correspond to U<ce:sup loc="post">4+</ce:sup> ions and the Xe atoms are coloured according to the simulation time. Xe atoms in the compressive region of the strain field do not diffuse on the timescale of the simulation and so simply oscillate about their initial position. By contrast, Xe atoms in the tensile region are able to diffuse to form small nanoclusters.</ce:simple-para></ce:caption><ce:link locator="gr2"/></ce:figure><ce:figure id="fig3"><ce:label>Fig. 3</ce:label><ce:caption id="cap0020"><ce:simple-para id="fspara0020" view="all">Snapshot of the Xe atom positions around one of the dislocations: a) initially; b) after 200 ps at 3200 K. The green spheres represent Xe atoms, the green surfaces represent the nano-bubbles and grey surfaces show the position of the dislocation core as detected by the DXA method <ce:cross-ref refid="bib36" id="crosref0230">[36]</ce:cross-ref>. Initially, there are 37 clusters; only 19 remain at the end of the simulation. Also visible are the distortions to the initially straight dislocations due to the Xe nano clusters. (For interpretation of the references to colour in this figure legend, the reader is referred to the web version of this article.)</ce:simple-para></ce:caption><ce:link locator="gr3"/></ce:figure><ce:figure id="fig4"><ce:label>Fig. 4</ce:label><ce:caption id="cap0025"><ce:simple-para id="fspara0025" view="all">Example showing the MSD as a function of time around a 1/2〈110〉{100} edge dislocation. The MSD initially increases linearly as the Xe atoms diffuse around the dislocation, however, as the atoms forms clusters they become immobile the MSD plateaus.</ce:simple-para></ce:caption><ce:link locator="gr4"/></ce:figure><ce:table id="tbl1" frame="topbot" colsep="0" rowsep="0" xmlns="http://www.elsevier.com/xml/common/cals/dtd"><ce:label>Table 1</ce:label><ce:caption id="cap0030"><ce:simple-para id="tspara0010" view="all">Activation energies and diffusion coefficients for Xe diffusion.</ce:simple-para></ce:caption><tgroup cols="3"><colspec colnum="1" colname="col1" colwidth="46*"/><colspec colnum="2" colname="col2" colwidth="36*"/><colspec colnum="3" colname="col3" colwidth="12*"/><thead><row rowsep="1" valign="top"><entry xmlns="http://www.elsevier.com/xml/common/dtd">System</entry><entry xmlns="http://www.elsevier.com/xml/common/dtd">E<inf loc="post"><italic>a</italic></inf>/eV</entry><entry xmlns="http://www.elsevier.com/xml/common/dtd">D<inf loc="post">0</inf>/cm s<sup loc="post">−1</sup></entry></row></thead><tbody><row valign="top"><entry xmlns="http://www.elsevier.com/xml/common/dtd">1/2〈110〉{100}</entry><entry align="char" char="." xmlns="http://www.elsevier.com/xml/common/dtd">1.62</entry><entry align="char" char="." xmlns="http://www.elsevier.com/xml/common/dtd">0.0020</entry></row><row valign="top"><entry xmlns="http://www.elsevier.com/xml/common/dtd">Bulk</entry><entry align="char" char="." xmlns="http://www.elsevier.com/xml/common/dtd">3.64</entry><entry align="char" char="." xmlns="http://www.elsevier.com/xml/common/dtd">0.00035</entry></row></tbody></tgroup></ce:table></ce:floats><head><ce:title id="title0010">Xe diffusion and bubble nucleation around edge dislocations in UO<ce:inf loc="post">2</ce:inf></ce:title><ce:author-group id="augrp0010"><ce:author id="au1"><ce:given-name>Samuel T.</ce:given-name><ce:surname>Murphy</ce:surname><ce:cross-ref refid="aff1" id="crosref0010"><ce:sup loc="post">a</ce:sup></ce:cross-ref><ce:cross-ref refid="aff2" id="crosref0015"><ce:sup loc="post">b</ce:sup></ce:cross-ref><ce:cross-ref refid="cor1" id="crosref0020"><ce:sup loc="post">∗</ce:sup></ce:cross-ref><ce:e-address type="email" id="eadd0010">samuel.murphy@ucl.ac.uk</ce:e-address></ce:author><ce:author id="au2" orcid="0000-0001-8230-6422"><ce:given-name>Paul</ce:given-name><ce:surname>Fossati</ce:surname><ce:cross-ref refid="aff1" id="crosref0025"><ce:sup loc="post">a</ce:sup></ce:cross-ref></ce:author><ce:author id="au3"><ce:given-name>Robin W.</ce:given-name><ce:surname>Grimes</ce:surname><ce:cross-ref refid="aff1" id="crosref0030"><ce:sup loc="post">a</ce:sup></ce:cross-ref></ce:author><ce:affiliation id="aff1"><ce:label>a</ce:label><ce:textfn>Department of Materials, Imperial College London, Exhibition Road, South Kensington, London SW7 2BP, UK</ce:textfn><sa:affiliation><sa:organization>Department of Materials</sa:organization><sa:organization>Imperial College London</sa:organization><sa:address-line>Exhibition Road</sa:address-line><sa:address-line>South Kensington</sa:address-line><sa:city>London</sa:city><sa:postal-code>SW7 2BP</sa:postal-code><sa:country>UK</sa:country></sa:affiliation></ce:affiliation><ce:affiliation id="aff2"><ce:label>b</ce:label><ce:textfn>Department of Physics and Astronomy, University College London, Gower Street, Bloomsbury, London WC1E 6BT, UK</ce:textfn><sa:affiliation><sa:organization>Department of Physics and Astronomy</sa:organization><sa:organization>University College London</sa:organization><sa:address-line>Gower Street</sa:address-line><sa:address-line>Bloomsbury</sa:address-line><sa:city>London</sa:city><sa:postal-code>WC1E 6BT</sa:postal-code><sa:country>UK</sa:country></sa:affiliation></ce:affiliation><ce:correspondence id="cor1"><ce:label>∗</ce:label><ce:text>Corresponding author. Department of Materials, Imperial College London, Exhibition Road, South Kensington, London SW7 2BP, UK.</ce:text></ce:correspondence></ce:author-group><ce:date-received day="12" month="5" year="2015"/><ce:date-revised day="16" month="8" year="2015"/><ce:date-accepted day="4" month="9" year="2015"/><ce:abstract xml:lang="en" id="abs0010" view="all" class="author"><ce:section-title id="sectitle0010">Abstract</ce:section-title><ce:abstract-sec id="abssec0010" view="all"><ce:simple-para id="abspara0010" view="all">Recently it has been suggested that dislocations, generated by radiation damage, may increase the rate of fission gas diffusion from the fuel grains, an affect which is at present not incorporated into fuel performance codes. Therefore, we perform molecular dynamics simulations employing empirical potentials to investigate the diffusion of Xe atoms around edge dislocations in UO<ce:inf loc="post">2</ce:inf> to establish the importance of this pathway for fission gas release. The results suggest that for isolated atoms near the dislocation the activation energy for Xe diffusion is dramatically reduced relative to the bulk. However, Xe atoms diffusing along the dislocation cluster together to form small bubbles, these bubbles incorporate all of the isolated mobile Xe atoms thereby inhibiting fast diffusion of Xe along the dislocation core.</ce:simple-para></ce:abstract-sec></ce:abstract><ce:abstract class="author-highlights" xml:lang="en" id="abs0015" view="all"><ce:section-title id="sectitle0015">Highlights</ce:section-title><ce:abstract-sec id="abssec0015" view="all"><ce:simple-para id="abspara0015" view="all"><ce:list id="ulist0010"><ce:list-item id="u0010"><ce:label>•</ce:label><ce:para id="p0010" view="all">Prediction of enhanced Xe diffusion near edge dislocations in UO<ce:inf loc="post">2</ce:inf>.</ce:para></ce:list-item><ce:list-item id="u0015"><ce:label>•</ce:label><ce:para id="p0015" view="all">Identification of an efficient pathway for bubble nucleation and growth.</ce:para></ce:list-item><ce:list-item id="u0020"><ce:label>•</ce:label><ce:para id="p0020" view="all">Examine how the presence of nano-bubbles influences dislocations in UO<ce:inf loc="post">2</ce:inf>.</ce:para></ce:list-item></ce:list></ce:simple-para></ce:abstract-sec></ce:abstract><ce:keywords xml:lang="en" id="kwrds0010" view="all" class="keyword"><ce:section-title id="sectitle0050">Keywords</ce:section-title><ce:keyword id="kwrd0005"><ce:text>UO<ce:inf loc="post">2</ce:inf></ce:text></ce:keyword><ce:keyword id="kwrd0010"><ce:text>Xenon</ce:text></ce:keyword><ce:keyword id="kwrd0015"><ce:text>Dislocation</ce:text></ce:keyword><ce:keyword id="kwrd0020"><ce:text>Molecular dynamics</ce:text></ce:keyword></ce:keywords></head><body view="all"><ce:sections><ce:section id="sec1" role="introduction" view="all"><ce:label>1</ce:label><ce:section-title id="sectitle0020">Introduction</ce:section-title><ce:para id="p0025" view="all">During operation in reactor, uranium and plutonium atoms undergo fission generating a variety of fission products and a largely transient distribution of displaced lattice ions (<ce:italic>i</ce:italic>.<ce:italic>e</ce:italic>. radiation damage <ce:cross-refs refid="bib1 bib2" id="crosrefs0010">[1,2]</ce:cross-refs>). Approximately 26% of fission events result in the production of a krypton or xenon atom. The presence of the noble gas atoms leads to swelling of the fuel which exerts pressure on the cladding thereby increasing the probability of clad failure and release of radioactive material to the coolant <ce:cross-ref refid="bib3" id="crosref0035">[3]</ce:cross-ref>. Such release is a significant safety risk and represents the major factor in limiting fuel burn-up in pressurized water reactors (PWR). Therefore, to mitigate this risk it is essential that we develop a comprehensive understanding of the behaviour of fission gasses in nuclear fuels.</ce:para><ce:para id="p0030" view="all">Following fission, noble gas atoms will be distributed in the fuel matrix initially accommodated at point defects trap sites, generally thought to be Schottky trivacancy defects <ce:cross-refs refid="bib4 bib5 bib31" id="crosrefs0015">[4,5,31]</ce:cross-refs>. Diffusion to either bubbles or grain boundaries is then facilitated by associating a further uranium vacancy defect for the gas atom to ‘hop’ into, with the original vacancy then able to loop around to ensure continued diffusion. The rate determining step in the process is not the migration of the Xe itself but rather the rearrangement of the V<ce:inf loc="post">U</ce:inf> defect to facilitate net Xe diffusion <ce:cross-refs refid="bib6 bib7 bib8" id="crosrefs0020">[6–8]</ce:cross-refs>. Activation energies for the overall process depend on the availability of the defect trap sites, which in turn depends on the crystal stoichiometry. For Xe diffusion in UO<ce:inf loc="post">2−<ce:italic>x</ce:italic></ce:inf>, UO<ce:inf loc="post">2</ce:inf> and UO<ce:inf loc="post">2+<ce:italic>x</ce:italic></ce:inf> the activation energies calculated using DFT are 7.04–12.92 eV, 4.15–7.88 eV and 1.38–4.07 eV with the ranges reflecting the way the calculations were performed depending on the charge states of the defects involved and the presence of a Jahn–Teller distortion <ce:cross-ref refid="bib7" id="crosref0040">[7]</ce:cross-ref>. Activation energies calculated using empirical pair potentials can vary strongly depending on the choice of potential. Govers et al. examined three different potentials for UO<ce:inf loc="post">2</ce:inf> (those of Basak <ce:cross-ref refid="bib9" id="crosref0045">[9]</ce:cross-ref>, Jackson <ce:cross-ref refid="bib10" id="crosref0050">[10]</ce:cross-ref> and Morelon <ce:cross-ref refid="bib11" id="crosref0055">[11]</ce:cross-ref>) coupled with different parameterisations for the U–Xe and O–Xe interactions from Geng <ce:cross-ref refid="bib12" id="crosref0060">[12]</ce:cross-ref> and Nicoll <ce:cross-ref refid="bib13" id="crosref0065">[13]</ce:cross-ref> and recommend values of 6.5 eV, 4.5 eV and 2.4 eV <ce:cross-ref refid="bib6" id="crosref0070">[6]</ce:cross-ref> for the different stoichiometric regimes in very good agreement with the experimental values of 6.0 eV, 3.9 eV and 1.7 eV respectively <ce:cross-ref refid="bib14" id="crosref0075">[14]</ce:cross-ref>.</ce:para><ce:para id="p0035" view="all">As burn-up is increased there is a marked increase in the dislocation density <ce:cross-ref refid="bib15" id="crosref0080">[15]</ce:cross-ref> in the fuel, that is, until the formation of the high burn-up structure <ce:cross-ref refid="bib16" id="crosref0085">[16]</ce:cross-ref>. It has been proposed that the relatively lower density of material present in the core of a dislocation may lead to faster diffusion of fission gasses through the fuel grains <ce:cross-ref refid="bib17" id="crosref0090">[17]</ce:cross-ref>. Previous simulations have shown that there is a significant enhancement of the diffusivity of the intrinsic O<ce:sup loc="post">2−</ce:sup> and U<ce:sup loc="post">4+</ce:sup> species in the tensile region of edge dislocations' strain fields in UO<ce:inf loc="post">2</ce:inf> <ce:cross-ref refid="bib18" id="crosref0095">[18]</ce:cross-ref>. It has also been predicted that there is a strong thermodynamic driving force for the segregation of fission products to dislocations <ce:cross-refs refid="bib19 bib20" id="crosrefs0025">[19,20]</ce:cross-refs>.</ce:para><ce:para id="p0040" view="all">The kinetics of Xe diffusion to bubbles along dislocations has been studied using a time dependent finite difference technique and shows that this processes changes non-linearly with the driving force for nucleation in UO<ce:inf loc="post">2+<ce:italic>x</ce:italic></ce:inf> <ce:cross-ref refid="bib21" id="crosref0100">[21]</ce:cross-ref>. Recent work has challenged the idea that dislocations lead to enhanced diffusion, particularly when charged defects are present <ce:cross-refs refid="bib22 bib23" id="crosrefs0030">[22,23]</ce:cross-refs>. The goal of the present work is, therefore, to examine the influence of dislocations on the diffusivity of fission gas atoms, in this case Xe, in UO<ce:inf loc="post">2</ce:inf> using molecular dynamics (MD) simulations employing empirical potentials.</ce:para></ce:section><ce:section id="sec2" role="materials-methods" view="all"><ce:label>2</ce:label><ce:section-title id="sectitle0025">Methodology</ce:section-title><ce:para id="p0045" view="all">MD simulations were performed using the LAMMPS simulation package <ce:cross-ref refid="bib24" id="crosref0105">[24]</ce:cross-ref>. Simulation supercells measuring 280 × 280 × 100 Å and containing four 1/2〈110〉{100} dislocations were generated using a ‘misfit’ approach as described in previous work <ce:cross-ref refid="bib18" id="crosref0110">[18]</ce:cross-ref>. The core structure of a dislocation has been shown to have a significant impact on the diffusion of intrinsic species <ce:cross-ref refid="bib18" id="crosref0115">[18]</ce:cross-ref>. However, here we have chosen to study just the 1/2〈110〉{100} dislocation as this is predicted to have the lowest line energy of the edge dislocations in UO<ce:inf loc="post">2</ce:inf> <ce:cross-refs refid="bib18 bib25 bib26 bib27" id="crosrefs0035">[18,25–27]</ce:cross-refs>, in agreement with experimental observations of the dominance of the {100} slip plane <ce:cross-ref refid="bib28" id="crosref0120">[28]</ce:cross-ref>.</ce:para><ce:para id="p0050" view="all">Interactions between atoms/ions are represented using a combination of a long range Coulombic component and a short range empirical pair potential. There are a large number of empirical potential models available for UO<ce:inf loc="post">2</ce:inf>, therefore care must be taken in selecting the most appropriate model. In previous work it was shown that 15 different empirical potential models predict the same ordering for the dislocation stabilities in UO<ce:inf loc="post">2</ce:inf> <ce:cross-ref refid="bib27" id="crosref0125">[27]</ce:cross-ref>. We adopt one of these, the model of Morelon et al. <ce:cross-ref refid="bib11" id="crosref0130">[11]</ce:cross-ref>, to allow comparison with previous work. The empirical potentials describing the interaction between Xe and the host UO<ce:inf loc="post">2</ce:inf> matrix are taken from Chartier et al. <ce:cross-ref refid="bib29" id="crosref0135">[29]</ce:cross-ref> and between Xe atoms is taken from Tang and Toennies <ce:cross-ref refid="bib30" id="crosref0140">[30]</ce:cross-ref>. This combination of empirical potential models has been successfully employed previously <ce:cross-refs refid="bib29 bib31" id="crosrefs0040">[29,31]</ce:cross-refs>.</ce:para><ce:para id="p0055" view="all">A concentration of 1.5% Xe was introduced into the simulation supercells by randomly removing U atoms along with two of their O neighbours (thus creating Schottky units) and placing Xe atoms in these trivacancies. While this represents a relatively high Xe concentration it is essential that there is sufficient Xe to sample different regions of the dislocation's strain fields. At the start of the simulation a cylindrical region, of radius 20 Å, centred on each dislocation was defined and all Xe atoms inside these cylinders were identified. The simulation supercells were initially subjected to energy minimisation using a conjugate gradient algorithm, before being equilibrated under constant pressure conditions using the Parrinello–Rahman barostat <ce:cross-ref refid="bib32" id="crosref0145">[32]</ce:cross-ref> at a series of temperatures between 2300 and 3200 K for 20 ps with a timestep of 1 fs. These high temperatures were required to ensure that the extent of Xe diffusion is statistically significant. The mean-squared displacement (MSD) of Xe atoms, included initially in each of the cylinders, was calculated over a period of 200 ps within the microcanonical (NVE) ensemble (note that Xe atoms leaving/entering the cylinders during the simulation were not excluded/included in the calculation of the MSD). The MSD may then be plotted as a function of time and the diffusivity, <ce:italic>D</ce:italic>, can be determined following equation <ce:cross-ref refid="fd1" id="crosref0150">(1)</ce:cross-ref>:<ce:display><ce:formula id="fd1"><ce:label>(1)</ce:label><mml:math altimg="si1.gif" overflow="scroll"><mml:mrow><mml:mi>D</mml:mi><mml:mo>=</mml:mo><mml:munder><mml:mrow><mml:mtext>lim</mml:mtext></mml:mrow><mml:mrow><mml:mi>t</mml:mi><mml:mo>→</mml:mo><mml:mi>∞</mml:mi></mml:mrow></mml:munder><mml:mfrac><mml:mn>1</mml:mn><mml:mrow><mml:mn>2</mml:mn><mml:mi>d</mml:mi></mml:mrow></mml:mfrac><mml:mfrac><mml:mrow><mml:msup><mml:mrow><mml:mrow><mml:mo>[</mml:mo><mml:mrow><mml:mrow><mml:mover accent="true"><mml:mrow><mml:msub><mml:mi>r</mml:mi><mml:mi>i</mml:mi></mml:msub></mml:mrow><mml:mo stretchy="true">→</mml:mo></mml:mover></mml:mrow><mml:mrow><mml:mo>(</mml:mo><mml:mi>t</mml:mi><mml:mo>)</mml:mo></mml:mrow><mml:mo>−</mml:mo><mml:mrow><mml:mover accent="true"><mml:mrow><mml:msub><mml:mi>r</mml:mi><mml:mi>i</mml:mi></mml:msub></mml:mrow><mml:mo stretchy="true">→</mml:mo></mml:mover></mml:mrow><mml:mrow><mml:mo>(</mml:mo><mml:mrow><mml:msub><mml:mi>t</mml:mi><mml:mn>0</mml:mn></mml:msub></mml:mrow><mml:mo>)</mml:mo></mml:mrow></mml:mrow><mml:mo>]</mml:mo></mml:mrow></mml:mrow><mml:mn>2</mml:mn></mml:msup></mml:mrow><mml:mi>t</mml:mi></mml:mfrac></mml:mrow></mml:math></ce:formula></ce:display>where, <ce:italic>d</ce:italic> is the dimensionality of the system and <ce:italic>t</ce:italic> is time. The gradient of the Arrhenius plot of the natural log of the diffusivity against 1/<ce:italic>T</ce:italic> is then <ce:italic>E</ce:italic><ce:inf loc="post"><ce:italic>a</ce:italic></ce:inf>/<ce:italic>k</ce:italic><ce:inf loc="post"><ce:italic>B</ce:italic></ce:inf>, where <ce:italic>E</ce:italic><ce:inf loc="post"><ce:italic>a</ce:italic></ce:inf> is the activation energy, <ce:italic>k</ce:italic><ce:inf loc="post"><ce:italic>B</ce:italic></ce:inf> is Boltzmann's constant and the diffusion coefficient can be determined from the intercept with the <ce:italic>y</ce:italic>-axis.</ce:para><ce:para id="p0060" view="all">The small number of Xe atoms close to the dislocations combined with the random nature of their initial positions relative to the dislocation can have a significant influence on their motion and ultimately diffusivities. Therefore, three simulations each with a different starting arrangement of Xe atoms were performed for each temperature.</ce:para><ce:para id="p0065" view="all">In order to compare the diffusion of Xe around dislocations and in the bulk crystal, an identical series of simulations as described above was performed where the supercells did not contain the dislocations and the MSDs were calculated for all Xe atoms in the cell. As the number of Xe atoms in the whole supercell is sufficient to ensure the results are statistically significant these simulations were not repeated.</ce:para></ce:section><ce:section id="sec3" role="results" view="all"><ce:label>3</ce:label><ce:section-title id="sectitle0030">Results</ce:section-title><ce:para id="p0070" view="all">An Arrhenius plot showing the Xe diffusivity within 20 Å of a dislocation compared to the bulk is presented in <ce:cross-ref refid="fig1" id="crosref0155">Fig. 1</ce:cross-ref><ce:float-anchor refid="fig1"/>. The points correspond to the MSD averaged across all of the dislocations and the error bars represent the standard deviation in the MSDs around the 12 different dislocations. It is clear from the plot that Xe diffusivity is significantly increased due to the presence of the dislocations and this effect is more apparent at lower temperatures.</ce:para><ce:para id="p0075" view="all">Activation energies and diffusion coefficients for dislocation assisted and bulk diffusion are presented in <ce:cross-ref refid="tbl1" id="crosref0160">Table 1</ce:cross-ref><ce:float-anchor refid="tbl1"/>. The activation energy for Xe diffusion in the bulk was predicted to be 3.64 eV. Govers et al. <ce:cross-ref refid="bib33" id="crosref0165">[33]</ce:cross-ref> present a value of 2.89 eV from their simulations of bulk Xe diffusion in polycrystalline UO<ce:inf loc="post">2</ce:inf>. We note that as this was a polycrystalline sample the bulk regions may have been subjected to strain, therefore the values may not be directly comparable. As mentioned previously, activation energies calculated using statics techniques such as the nudged elastic band (NEB) <ce:cross-ref refid="bib34" id="crosref0170">[34]</ce:cross-ref> with empirical potentials predict Xe activation energies in stoichiometric UO<ce:inf loc="post">2</ce:inf> ≈ 4.5 eV. However, it should be noted that at the temperatures studied here the oxygen sublattice would be mobile and this may aid Xe diffusion <ce:cross-ref refid="bib8" id="crosref0175">[8]</ce:cross-ref>.</ce:para><ce:para id="p0080" view="all">Around the dislocations the activation energy for Xe diffusion is dramatically reduced to 1.62 eV. However, this is still a higher activation energy than for Xe diffusion around grain boundaries in UO<ce:inf loc="post">2</ce:inf> (i.e. 0.5 eV <ce:cross-ref refid="bib33" id="crosref0180">[33]</ce:cross-ref>). Xe diffusion occurs predominantly in the tensile region of the dislocation strain field, close to the dislocation core where the strain is greatest as shown in <ce:cross-ref refid="fig2" id="crosref0185">Fig. 2</ce:cross-ref><ce:float-anchor refid="fig2"/>. This is because in the tensile part of the strain field the interatomic distances are slightly greater thereby reducing the forces between atoms and hence the energy required to move ions out the way as the Xe atom moves between sites. By contrast Xe atoms in the compressive region of the dislocation strain field are less mobile than in the bulk. A similar observation was made for U<ce:sup loc="post">4+</ce:sup> diffusion in previous work <ce:cross-ref refid="bib18" id="crosref0190">[18]</ce:cross-ref>.</ce:para><ce:para id="p0085" view="all">As the Xe atoms move along the dislocation they encounter other Xe atoms and form small clusters, as has been observed around grain boundaries in UO<ce:inf loc="post">2</ce:inf> <ce:cross-refs refid="bib33 bib35" id="crosrefs0045">[33,35]</ce:cross-refs>. A strong thermodynamic driving force for cluster nucleation was identified in previous work <ce:cross-ref refid="bib31" id="crosref0195">[31]</ce:cross-ref> and this force also acts to prevent resolution from the clusters to the matrix. These observations are consistent with experimental observations that show dislocations are decorated with secondary phase particles and fission gas bubbles <ce:cross-ref refid="bib16" id="crosref0200">[16]</ce:cross-ref>. An example of the clustering around a dislocation is presented in <ce:cross-ref refid="fig3" id="crosref0205">Fig. 3</ce:cross-ref><ce:float-anchor refid="fig3"/>.</ce:para><ce:para id="p0090" view="all">Xe clusters, once formed, appear to be relatively immobile. Therefore, as the number of Xe atoms incorporated into the clusters increases the number of mobile Xe atoms decreases thereby inhibiting overall Xe diffusion. <ce:cross-ref refid="fig4" id="crosref0210">Fig. 4</ce:cross-ref><ce:float-anchor refid="fig4"/> shows the MSD as a function of time for Xe diffusing around a 1/2〈110〉{100} edge dislocation at 3200 K. Initially the MSD increases linearly due to the diffusion of isolated Xe atoms; however, as the simulation proceeds the Xe atoms form immobile clusters and the MSD plateaus as the number of mobile Xe atoms is reduced. In this particular example all of the mobile Xe atoms have become incorporated into clusters and now diffuse on a time scale greater than that covered by the MD simulations. Consequently, this process should not be thought of as diffusion but rather an irreversible rearrangement of the atoms in the region surrounding the dislocation.</ce:para><ce:para id="p0095" view="all">Also evident from <ce:cross-ref refid="fig3" id="crosref0215">Fig. 3</ce:cross-ref> is how the dislocation becomes distorted around the Xe nano clusters. The middle Xe cluster shown in <ce:cross-ref refid="fig3" id="crosref0220">Fig. 3</ce:cross-ref>(b) is located adjacent to the dislocation, however, the clusters at the top and the bottom have been absorbed into the core of the dislocation. The dislocations themselves are then pinned to the nano clusters resulting in an increase in the critical shear stress for dislocation glide. Piling up of dislocations on fission gas bubbles has been proposed as one of the mechanisms responsible for the formation of the high burn-up structure <ce:cross-ref refid="bib16" id="crosref0225">[16]</ce:cross-ref>. Our results suggest that fission gas bubbles can pin dislocations and this will be discussed in future work.</ce:para></ce:section><ce:section id="sec4" view="all"><ce:label>4</ce:label><ce:section-title id="sectitle0035">Summary</ce:section-title><ce:para id="p0100" view="all">In summary, the simulations suggest that the activation energy for diffusion of Xe in the tensile region of the dislocation strain field is reduced dramatically so long as the Xe atoms are isolated. Once Xe clusters are formed along the dislocations, they act as traps that greatly impede further diffusion, effectively blocking the dislocation. The activation energy and diffusion coefficients that we have calculated, therefore, should be considered as estimates for the Xe diffusion rate to nano bubble trap sites along dislocations. Thus, in the absence of dislocations Xe atoms move through the lattice in three dimensional space. By contrast, Xe atoms in the vicinity of dislocations are swept-up and channelled along the dislocation to bubbles where they become trapped.</ce:para></ce:section></ce:sections><ce:acknowledgment id="ack0010" view="all"><ce:section-title id="sectitle0040">Acknowledgements</ce:section-title><ce:para id="p0105" view="all">All calculations were performed using the Imperial College High Performance Computing Service. STM acknowledges funding from <ce:grant-sponsor id="gs1" xlink:type="simple" xlink:role="http://www.elsevier.com/xml/linking-roles/grant-sponsor">EPSRC</ce:grant-sponsor> (<ce:grant-number refid="gs1">EP/I003320/1</ce:grant-number>) under contract EN20100200. PF acknowledges funding from the <ce:grant-sponsor id="gs2" xlink:type="simple" xlink:role="http://www.elsevier.com/xml/linking-roles/grant-sponsor">Consortium for the Advanced Simulation of Lightwater reactors (CASL)</ce:grant-sponsor> under contract (<ce:grant-number refid="gs2">4000118741</ce:grant-number>).</ce:para></ce:acknowledgment></body><tail view="all"><ce:bibliography id="cebib0010" view="all"><ce:section-title id="sectitle0045">References</ce:section-title><ce:bibliography-sec id="cebibsec0010" view="all"><ce:bib-reference id="bib1"><ce:label>[1]</ce:label><sb:reference id="sref1"><sb:contribution langtype="en"><sb:authors><sb:author><ce:given-name>L.</ce:given-name><ce:surname>Van Brutzel</ce:surname></sb:author><sb:author><ce:given-name>M.</ce:given-name><ce:surname>Rarivomanantsoa</ce:surname></sb:author></sb:authors></sb:contribution><sb:host><sb:issue><sb:series><sb:title><sb:maintitle>J. Nucl. Mater.</sb:maintitle></sb:title><sb:volume-nr>358</sb:volume-nr></sb:series><sb:issue-nr>2–3</sb:issue-nr><sb:date>2006</sb:date></sb:issue><sb:pages><sb:first-page>209</sb:first-page><sb:last-page>216</sb:last-page></sb:pages></sb:host></sb:reference></ce:bib-reference><ce:bib-reference id="bib2"><ce:label>[2]</ce:label><sb:reference id="sref2"><sb:contribution langtype="en"><sb:authors><sb:author><ce:given-name>L.</ce:given-name><ce:surname>Van Brutzel</ce:surname></sb:author><sb:author><ce:given-name>M.</ce:given-name><ce:surname>Rarivomanantsoa</ce:surname></sb:author><sb:author><ce:given-name>D.</ce:given-name><ce:surname>Ghaleb</ce:surname></sb:author></sb:authors></sb:contribution><sb:host><sb:issue><sb:series><sb:title><sb:maintitle>J. Nucl. Mater.</sb:maintitle></sb:title><sb:volume-nr>354</sb:volume-nr></sb:series><sb:date>2006</sb:date></sb:issue><sb:pages><sb:first-page>28</sb:first-page></sb:pages></sb:host></sb:reference></ce:bib-reference><ce:bib-reference id="bib3"><ce:label>[3]</ce:label><sb:reference id="sref3"><sb:contribution langtype="en"><sb:authors><sb:author><ce:given-name>B.</ce:given-name><ce:surname>Cox</ce:surname></sb:author></sb:authors></sb:contribution><sb:host><sb:issue><sb:series><sb:title><sb:maintitle>J. Nucl. Mater.</sb:maintitle></sb:title><sb:volume-nr>172</sb:volume-nr></sb:series><sb:date>1990</sb:date></sb:issue><sb:pages><sb:first-page>249</sb:first-page><sb:last-page>292</sb:last-page></sb:pages></sb:host></sb:reference></ce:bib-reference><ce:bib-reference id="bib4"><ce:label>[4]</ce:label><sb:reference id="sref4"><sb:contribution langtype="en"><sb:authors><sb:author><ce:given-name>H.Y.</ce:given-name><ce:surname>Geng</ce:surname></sb:author><sb:author><ce:given-name>Y.</ce:given-name><ce:surname>Chen</ce:surname></sb:author><sb:author><ce:given-name>Y.</ce:given-name><ce:surname>Kaneta</ce:surname></sb:author><sb:author><ce:given-name>M.</ce:given-name><ce:surname>Kinoshita</ce:surname></sb:author><sb:author><ce:given-name>Q.</ce:given-name><ce:surname>Wu</ce:surname></sb:author></sb:authors></sb:contribution><sb:host><sb:issue><sb:series><sb:title><sb:maintitle>Phys. Rev. B</sb:maintitle></sb:title><sb:volume-nr>82</sb:volume-nr></sb:series><sb:issue-nr>9</sb:issue-nr><sb:date>2010</sb:date></sb:issue><sb:pages><sb:first-page>094106</sb:first-page></sb:pages></sb:host></sb:reference></ce:bib-reference><ce:bib-reference id="bib5"><ce:label>[5]</ce:label><sb:reference id="sref5"><sb:contribution langtype="en"><sb:authors><sb:author><ce:given-name>R.W.</ce:given-name><ce:surname>Grimes</ce:surname></sb:author><sb:author><ce:given-name>C.R.A.</ce:given-name><ce:surname>Catlow</ce:surname></sb:author></sb:authors></sb:contribution><sb:host><sb:issue><sb:series><sb:title><sb:maintitle>Philos. Trans. R. Soc. A</sb:maintitle></sb:title><sb:volume-nr>335</sb:volume-nr></sb:series><sb:issue-nr>1639</sb:issue-nr><sb:date>1991</sb:date></sb:issue><sb:pages><sb:first-page>609</sb:first-page></sb:pages></sb:host></sb:reference></ce:bib-reference><ce:bib-reference id="bib6"><ce:label>[6]</ce:label><sb:reference id="sref6"><sb:contribution langtype="en"><sb:authors><sb:author><ce:given-name>K.</ce:given-name><ce:surname>Govers</ce:surname></sb:author><sb:author><ce:given-name>S.E.</ce:given-name><ce:surname>Lemehov</ce:surname></sb:author><sb:author><ce:given-name>M.</ce:given-name><ce:surname>Verweft</ce:surname></sb:author></sb:authors></sb:contribution><sb:host><sb:issue><sb:series><sb:title><sb:maintitle>J. Nucl. Mater.</sb:maintitle></sb:title><sb:volume-nr>405</sb:volume-nr></sb:series><sb:date>2010</sb:date></sb:issue><sb:pages><sb:first-page>252</sb:first-page><sb:last-page>260</sb:last-page></sb:pages></sb:host></sb:reference></ce:bib-reference><ce:bib-reference id="bib7"><ce:label>[7]</ce:label><sb:reference id="sref7"><sb:contribution langtype="en"><sb:authors><sb:author><ce:given-name>D.A.</ce:given-name><ce:surname>Andersson</ce:surname></sb:author><sb:author><ce:given-name>B.P.</ce:given-name><ce:surname>Uberuaga</ce:surname></sb:author><sb:author><ce:given-name>P.V.</ce:given-name><ce:surname>Nerikar</ce:surname></sb:author><sb:author><ce:given-name>C.</ce:given-name><ce:surname>Unal</ce:surname></sb:author><sb:author><ce:given-name>C.R.</ce:given-name><ce:surname>Stanek</ce:surname></sb:author></sb:authors></sb:contribution><sb:host><sb:issue><sb:series><sb:title><sb:maintitle>Phys. Rev. B</sb:maintitle></sb:title><sb:volume-nr>84</sb:volume-nr></sb:series><sb:date>2011</sb:date></sb:issue><sb:pages><sb:first-page>054105</sb:first-page></sb:pages></sb:host></sb:reference></ce:bib-reference><ce:bib-reference id="bib8"><ce:label>[8]</ce:label><sb:reference id="sref8"><sb:contribution langtype="en"><sb:authors><sb:author><ce:given-name>X.-Y.</ce:given-name><ce:surname>Liu</ce:surname></sb:author><sb:author><ce:given-name>B.P.</ce:given-name><ce:surname>Uberuaga</ce:surname></sb:author><sb:author><ce:given-name>D.A.</ce:given-name><ce:surname>Andersson</ce:surname></sb:author><sb:author><ce:given-name>C.R.</ce:given-name><ce:surname>Stanek</ce:surname></sb:author><sb:author><ce:given-name>K.E.</ce:given-name><ce:surname>Sickafus</ce:surname></sb:author></sb:authors></sb:contribution><sb:host><sb:issue><sb:series><sb:title><sb:maintitle>Appl. Phys. Lett.</sb:maintitle></sb:title><sb:volume-nr>98</sb:volume-nr></sb:series><sb:date>2011</sb:date></sb:issue><sb:pages><sb:first-page>151902</sb:first-page></sb:pages></sb:host></sb:reference></ce:bib-reference><ce:bib-reference id="bib9"><ce:label>[9]</ce:label><sb:reference id="sref9"><sb:contribution langtype="en"><sb:authors><sb:author><ce:given-name>C.B.</ce:given-name><ce:surname>Basak</ce:surname></sb:author><sb:author><ce:given-name>A.K.</ce:given-name><ce:surname>Sengupta</ce:surname></sb:author><sb:author><ce:given-name>H.S.</ce:given-name><ce:surname>Kamath</ce:surname></sb:author></sb:authors></sb:contribution><sb:host><sb:issue><sb:series><sb:title><sb:maintitle>J. Alloy. Compd.</sb:maintitle></sb:title><sb:volume-nr>360</sb:volume-nr></sb:series><sb:date>2003</sb:date></sb:issue><sb:pages><sb:first-page>210</sb:first-page></sb:pages></sb:host></sb:reference></ce:bib-reference><ce:bib-reference id="bib10"><ce:label>[10]</ce:label><sb:reference id="sref10"><sb:contribution langtype="en"><sb:authors><sb:author><ce:given-name>R.A.</ce:given-name><ce:surname>Jackson</ce:surname></sb:author><sb:author><ce:given-name>C.R.A.</ce:given-name><ce:surname>Catlow</ce:surname></sb:author></sb:authors></sb:contribution><sb:host><sb:issue><sb:series><sb:title><sb:maintitle>J. Nucl. Mater.</sb:maintitle></sb:title><sb:volume-nr>127</sb:volume-nr></sb:series><sb:date>1985</sb:date></sb:issue><sb:pages><sb:first-page>161</sb:first-page></sb:pages></sb:host></sb:reference></ce:bib-reference><ce:bib-reference id="bib11"><ce:label>[11]</ce:label><sb:reference id="sref11"><sb:contribution langtype="en"><sb:authors><sb:author><ce:given-name>N.D.</ce:given-name><ce:surname>Morelon</ce:surname></sb:author><sb:author><ce:given-name>D.</ce:given-name><ce:surname>Ghaleb</ce:surname></sb:author><sb:author><ce:given-name>J.M.</ce:given-name><ce:surname>Delaye</ce:surname></sb:author><sb:author><ce:given-name>L.</ce:given-name><ce:surname>Van Brutzel</ce:surname></sb:author></sb:authors></sb:contribution><sb:host><sb:issue><sb:series><sb:title><sb:maintitle>Philos. Mag.</sb:maintitle></sb:title><sb:volume-nr>83</sb:volume-nr></sb:series><sb:issue-nr>13</sb:issue-nr><sb:date>2003</sb:date></sb:issue><sb:pages><sb:first-page>1533</sb:first-page></sb:pages></sb:host></sb:reference></ce:bib-reference><ce:bib-reference id="bib12"><ce:label>[12]</ce:label><sb:reference id="sref12"><sb:contribution langtype="en"><sb:authors><sb:author><ce:given-name>H.Y.</ce:given-name><ce:surname>Geng</ce:surname></sb:author><sb:author><ce:given-name>Y.</ce:given-name><ce:surname>Chen</ce:surname></sb:author><sb:author><ce:given-name>Y.</ce:given-name><ce:surname>Kaneta</ce:surname></sb:author><sb:author><ce:given-name>M.</ce:given-name><ce:surname>Kinoshita</ce:surname></sb:author></sb:authors></sb:contribution><sb:host><sb:issue><sb:series><sb:title><sb:maintitle>J. Alloy. Compd.</sb:maintitle></sb:title><sb:volume-nr>457</sb:volume-nr></sb:series><sb:date>2008</sb:date></sb:issue><sb:pages><sb:first-page>465</sb:first-page></sb:pages></sb:host></sb:reference></ce:bib-reference><ce:bib-reference id="bib13"><ce:label>[13]</ce:label><sb:reference id="sref13"><sb:contribution langtype="en"><sb:authors><sb:author><ce:given-name>S.</ce:given-name><ce:surname>Nicoll</ce:surname></sb:author><sb:author><ce:given-name>H.</ce:given-name><ce:surname>Matzke</ce:surname></sb:author><sb:author><ce:given-name>C.R.A.</ce:given-name><ce:surname>Catlow</ce:surname></sb:author></sb:authors></sb:contribution><sb:host><sb:issue><sb:series><sb:title><sb:maintitle>J. Nucl. Mater.</sb:maintitle></sb:title><sb:volume-nr>226</sb:volume-nr></sb:series><sb:date>1995</sb:date></sb:issue><sb:pages><sb:first-page>51</sb:first-page></sb:pages></sb:host></sb:reference></ce:bib-reference><ce:bib-reference id="bib14"><ce:label>[14]</ce:label><sb:reference id="sref14"><sb:contribution langtype="en"><sb:authors><sb:author><ce:given-name>W.</ce:given-name><ce:surname>Miekeley</ce:surname></sb:author><sb:author><ce:given-name>F.W.</ce:given-name><ce:surname>Felix</ce:surname></sb:author></sb:authors></sb:contribution><sb:host><sb:issue><sb:series><sb:title><sb:maintitle>J. Nucl. Mater.</sb:maintitle></sb:title><sb:volume-nr>42</sb:volume-nr></sb:series><sb:date>1972</sb:date></sb:issue><sb:pages><sb:first-page>297</sb:first-page><sb:last-page>306</sb:last-page></sb:pages></sb:host></sb:reference></ce:bib-reference><ce:bib-reference id="bib15"><ce:label>[15]</ce:label><sb:reference id="sref15"><sb:contribution langtype="en"><sb:authors><sb:author><ce:given-name>K.</ce:given-name><ce:surname>Nogita</ce:surname></sb:author><sb:author><ce:given-name>K.</ce:given-name><ce:surname>Une</ce:surname></sb:author></sb:authors></sb:contribution><sb:host><sb:issue><sb:series><sb:title><sb:maintitle>Nucl. Inst. Methods Phys. Res. B-Beam Interact. Mater. At.</sb:maintitle></sb:title><sb:volume-nr>91</sb:volume-nr></sb:series><sb:date>1994</sb:date></sb:issue><sb:pages><sb:first-page>301</sb:first-page></sb:pages></sb:host></sb:reference></ce:bib-reference><ce:bib-reference id="bib16"><ce:label>[16]</ce:label><sb:reference id="sref16"><sb:contribution langtype="en"><sb:authors><sb:author><ce:given-name>V.V.</ce:given-name><ce:surname>Rondinella</ce:surname></sb:author><sb:author><ce:given-name>T.</ce:given-name><ce:surname>Wiss</ce:surname></sb:author></sb:authors></sb:contribution><sb:host><sb:issue><sb:series><sb:title><sb:maintitle>Mat. Today</sb:maintitle></sb:title><sb:volume-nr>13</sb:volume-nr></sb:series><sb:date>2010</sb:date></sb:issue><sb:pages><sb:first-page>24</sb:first-page></sb:pages></sb:host></sb:reference></ce:bib-reference><ce:bib-reference id="bib17"><ce:label>[17]</ce:label><sb:reference id="sref17"><sb:contribution langtype="en"><sb:authors><sb:author><ce:given-name>J.</ce:given-name><ce:surname>Shea</ce:surname></sb:author></sb:authors><sb:title><sb:maintitle>An Extension to Fission Gas Release Modelling at High Temperatures</sb:maintitle></sb:title></sb:contribution><sb:host><sb:book><sb:date>2013</sb:date><sb:publisher><sb:name>EHPG Storefjell</sb:name></sb:publisher></sb:book></sb:host></sb:reference></ce:bib-reference><ce:bib-reference id="bib18"><ce:label>[18]</ce:label><sb:reference id="sref18"><sb:contribution langtype="en"><sb:authors><sb:author><ce:given-name>S.T.</ce:given-name><ce:surname>Murphy</ce:surname></sb:author><sb:author><ce:given-name>E.E.</ce:given-name><ce:surname>Jay</ce:surname></sb:author><sb:author><ce:given-name>R.W.</ce:given-name><ce:surname>Grimes</ce:surname></sb:author></sb:authors></sb:contribution><sb:host><sb:issue><sb:series><sb:title><sb:maintitle>J. Nucl. Mater.</sb:maintitle></sb:title><sb:volume-nr>447</sb:volume-nr></sb:series><sb:date>2014</sb:date></sb:issue><sb:pages><sb:first-page>143</sb:first-page></sb:pages></sb:host></sb:reference></ce:bib-reference><ce:bib-reference id="bib19"><ce:label>[19]</ce:label><sb:reference id="sref19"><sb:contribution langtype="en"><sb:authors><sb:author><ce:given-name>P.V.</ce:given-name><ce:surname>Nerikar</ce:surname></sb:author><sb:author><ce:given-name>D.C.</ce:given-name><ce:surname>Parfitt</ce:surname></sb:author><sb:author><ce:given-name>L.A.</ce:given-name><ce:surname>Casillas Trujillo</ce:surname></sb:author><sb:author><ce:given-name>D.A.</ce:given-name><ce:surname>Andersson</ce:surname></sb:author><sb:author><ce:given-name>C.</ce:given-name><ce:surname>Unal</ce:surname></sb:author><sb:author><ce:given-name>S.B.</ce:given-name><ce:surname>Sinnott</ce:surname></sb:author><sb:author><ce:given-name>R.W.</ce:given-name><ce:surname>Grimes</ce:surname></sb:author><sb:author><ce:given-name>B.P.</ce:given-name><ce:surname>Uberuaga</ce:surname></sb:author><sb:author><ce:given-name>C.R.</ce:given-name><ce:surname>Stanek</ce:surname></sb:author></sb:authors></sb:contribution><sb:host><sb:issue><sb:series><sb:title><sb:maintitle>Phys. Rev. B</sb:maintitle></sb:title><sb:volume-nr>84</sb:volume-nr></sb:series><sb:date>2011</sb:date></sb:issue><sb:pages><sb:first-page>174105</sb:first-page></sb:pages></sb:host></sb:reference></ce:bib-reference><ce:bib-reference id="bib20"><ce:label>[20]</ce:label><sb:reference id="sref20"><sb:contribution langtype="en"><sb:authors><sb:author><ce:given-name>A.</ce:given-name><ce:surname>Goyal</ce:surname></sb:author><sb:author><ce:given-name>T.</ce:given-name><ce:surname>Rudzik</ce:surname></sb:author><sb:author><ce:given-name>B.</ce:given-name><ce:surname>Deng</ce:surname></sb:author><sb:author><ce:given-name>M.</ce:given-name><ce:surname>Hong</ce:surname></sb:author><sb:author><ce:given-name>A.</ce:given-name><ce:surname>Chernatynskiy</ce:surname></sb:author><sb:author><ce:given-name>S.B.</ce:given-name><ce:surname>Sinnott</ce:surname></sb:author><sb:author><ce:given-name>S.R.</ce:given-name><ce:surname>Phillpot</ce:surname></sb:author></sb:authors></sb:contribution><sb:host><sb:issue><sb:series><sb:title><sb:maintitle>J. Nucl. Mater.</sb:maintitle></sb:title><sb:volume-nr>441</sb:volume-nr></sb:series><sb:date>2013</sb:date></sb:issue><sb:pages><sb:first-page>96</sb:first-page></sb:pages></sb:host></sb:reference></ce:bib-reference><ce:bib-reference id="bib21"><ce:label>[21]</ce:label><sb:reference id="sref21"><sb:contribution langtype="en"><sb:authors><sb:author><ce:given-name>P.F.</ce:given-name><ce:surname>Sui</ce:surname></sb:author><sb:author><ce:given-name>Z.H.</ce:given-name><ce:surname>Dai</ce:surname></sb:author></sb:authors></sb:contribution><sb:host><sb:issue><sb:series><sb:title><sb:maintitle>Sci. China Phys. Mech. Astron.</sb:maintitle></sb:title><sb:volume-nr>58</sb:volume-nr></sb:series><sb:date>2015</sb:date></sb:issue><sb:pages><sb:first-page>052002</sb:first-page></sb:pages></sb:host></sb:reference></ce:bib-reference><ce:bib-reference id="bib22"><ce:label>[22]</ce:label><sb:reference id="sref22"><sb:contribution langtype="en"><sb:authors><sb:author><ce:given-name>L.</ce:given-name><ce:surname>Sun</ce:surname></sb:author><sb:author><ce:given-name>D.M.B.</ce:given-name><ce:surname>Yildiz</ce:surname></sb:author></sb:authors></sb:contribution><sb:host><sb:issue><sb:series><sb:title><sb:maintitle>Nat. Commun.</sb:maintitle></sb:title><sb:volume-nr>6</sb:volume-nr></sb:series><sb:date>2015</sb:date></sb:issue><sb:pages><sb:first-page>6294</sb:first-page></sb:pages></sb:host></sb:reference></ce:bib-reference><ce:bib-reference id="bib23"><ce:label>[23]</ce:label><sb:reference id="sref23"><sb:contribution langtype="en"><sb:authors><sb:author><ce:given-name>D.</ce:given-name><ce:surname>Marrocchelli</ce:surname></sb:author><sb:author><ce:given-name>L.</ce:given-name><ce:surname>Sun</ce:surname></sb:author><sb:author><ce:given-name>B.</ce:given-name><ce:surname>Yildiz</ce:surname></sb:author></sb:authors></sb:contribution><sb:host><sb:issue><sb:series><sb:title><sb:maintitle>J. Amer. Chem. Soc.</sb:maintitle></sb:title><sb:volume-nr>137</sb:volume-nr></sb:series><sb:date>2015</sb:date></sb:issue><sb:pages><sb:first-page>4735</sb:first-page><sb:last-page>4748</sb:last-page></sb:pages></sb:host></sb:reference></ce:bib-reference><ce:bib-reference id="bib24"><ce:label>[24]</ce:label><sb:reference id="sref24"><sb:contribution langtype="en"><sb:authors><sb:author><ce:given-name>S.</ce:given-name><ce:surname>Plimpton</ce:surname></sb:author></sb:authors></sb:contribution><sb:host><sb:issue><sb:series><sb:title><sb:maintitle>J. Comp. Phys.</sb:maintitle></sb:title><sb:volume-nr>117</sb:volume-nr></sb:series><sb:date>1995</sb:date></sb:issue><sb:pages><sb:first-page>1</sb:first-page></sb:pages></sb:host></sb:reference></ce:bib-reference><ce:bib-reference id="bib25"><ce:label>[25]</ce:label><sb:reference id="sref25"><sb:contribution langtype="en"><sb:authors><sb:author><ce:given-name>D.C.</ce:given-name><ce:surname>Parfitt</ce:surname></sb:author><sb:author><ce:given-name>C.L.</ce:given-name><ce:surname>Bishop</ce:surname></sb:author><sb:author><ce:given-name>M.R.</ce:given-name><ce:surname>Wenman</ce:surname></sb:author><sb:author><ce:given-name>R.W.</ce:given-name><ce:surname>Grimes</ce:surname></sb:author></sb:authors></sb:contribution><sb:host><sb:issue><sb:series><sb:title><sb:maintitle>J. Phys. Condens. Mater.</sb:maintitle></sb:title><sb:volume-nr>22</sb:volume-nr></sb:series><sb:date>2010</sb:date></sb:issue><sb:pages><sb:first-page>175004</sb:first-page></sb:pages></sb:host></sb:reference></ce:bib-reference><ce:bib-reference id="bib26"><ce:label>[26]</ce:label><sb:reference id="sref26"><sb:contribution langtype="en"><sb:authors><sb:author><ce:given-name>P.</ce:given-name><ce:surname>Fossati</ce:surname></sb:author><sb:author><ce:given-name>L.</ce:given-name><ce:surname>Van Brutzel</ce:surname></sb:author><sb:author><ce:given-name>B.</ce:given-name><ce:surname>Devincre</ce:surname></sb:author></sb:authors></sb:contribution><sb:host><sb:issue><sb:series><sb:title><sb:maintitle>J. Nucl. Mater.</sb:maintitle></sb:title><sb:volume-nr>443</sb:volume-nr></sb:series><sb:issue-nr>1</sb:issue-nr><sb:date>2013</sb:date></sb:issue><sb:pages><sb:first-page>359</sb:first-page><sb:last-page>365</sb:last-page></sb:pages></sb:host></sb:reference></ce:bib-reference><ce:bib-reference id="bib27"><ce:label>[27]</ce:label><sb:reference id="sref27"><sb:contribution langtype="en"><sb:authors><sb:author><ce:given-name>S.T.</ce:given-name><ce:surname>Murphy</ce:surname></sb:author><sb:author><ce:given-name>M.J.D.</ce:given-name><ce:surname>Rushton</ce:surname></sb:author><sb:author><ce:given-name>R.W.</ce:given-name><ce:surname>Grimes</ce:surname></sb:author></sb:authors></sb:contribution><sb:host><sb:issue><sb:series><sb:title><sb:maintitle>Prog. Nucl. Energy</sb:maintitle></sb:title><sb:volume-nr>72</sb:volume-nr></sb:series><sb:date>2014</sb:date></sb:issue><sb:pages><sb:first-page>27</sb:first-page></sb:pages></sb:host></sb:reference></ce:bib-reference><ce:bib-reference id="bib28"><ce:label>[28]</ce:label><sb:reference id="sref28"><sb:contribution langtype="en"><sb:authors><sb:author><ce:given-name>R.J.</ce:given-name><ce:surname>Keller</ce:surname></sb:author><sb:author><ce:given-name>T.E.</ce:given-name><ce:surname>Mitchell</ce:surname></sb:author><sb:author><ce:given-name>A.H.</ce:given-name><ce:surname>Heuer</ce:surname></sb:author></sb:authors></sb:contribution><sb:host><sb:issue><sb:series><sb:title><sb:maintitle>Acta Metal.</sb:maintitle></sb:title><sb:volume-nr>36</sb:volume-nr></sb:series><sb:date>1988</sb:date></sb:issue><sb:pages><sb:first-page>1073</sb:first-page></sb:pages></sb:host></sb:reference></ce:bib-reference><ce:bib-reference id="bib29"><ce:label>[29]</ce:label><sb:reference id="sref29"><sb:contribution langtype="en"><sb:authors><sb:author><ce:given-name>A.</ce:given-name><ce:surname>Chartier</ce:surname></sb:author><sb:author><ce:given-name>L.</ce:given-name><ce:surname>Van Brutzel</ce:surname></sb:author><sb:author><ce:given-name>M.</ce:given-name><ce:surname>Freyss</ce:surname></sb:author></sb:authors></sb:contribution><sb:host><sb:issue><sb:series><sb:title><sb:maintitle>Phys. Rev. B</sb:maintitle></sb:title><sb:volume-nr>81</sb:volume-nr></sb:series><sb:date>2010</sb:date></sb:issue><sb:pages><sb:first-page>174111</sb:first-page></sb:pages></sb:host></sb:reference></ce:bib-reference><ce:bib-reference id="bib30"><ce:label>[30]</ce:label><sb:reference id="sref30"><sb:contribution langtype="en"><sb:authors><sb:author><ce:given-name>K.T.</ce:given-name><ce:surname>Tang</ce:surname></sb:author><sb:author><ce:given-name>J.P.</ce:given-name><ce:surname>Toennies</ce:surname></sb:author></sb:authors></sb:contribution><sb:host><sb:issue><sb:series><sb:title><sb:maintitle>J. Chem. Phys.</sb:maintitle></sb:title><sb:volume-nr>118</sb:volume-nr></sb:series><sb:issue-nr>11</sb:issue-nr><sb:date>2003</sb:date></sb:issue><sb:pages><sb:first-page>4976</sb:first-page><sb:last-page>4983</sb:last-page></sb:pages></sb:host></sb:reference></ce:bib-reference><ce:bib-reference id="bib31"><ce:label>[31]</ce:label><sb:reference id="sref31"><sb:contribution langtype="en"><sb:authors><sb:author><ce:given-name>S.T.</ce:given-name><ce:surname>Murphy</ce:surname></sb:author><sb:author><ce:given-name>A.</ce:given-name><ce:surname>Chartier</ce:surname></sb:author><sb:author><ce:given-name>L.</ce:given-name><ce:surname>Van Brutzel</ce:surname></sb:author><sb:author><ce:given-name>J.-P.</ce:given-name><ce:surname>Crocombette</ce:surname></sb:author></sb:authors></sb:contribution><sb:host><sb:issue><sb:series><sb:title><sb:maintitle>Phys. Rev. B</sb:maintitle></sb:title><sb:volume-nr>85</sb:volume-nr></sb:series><sb:date>2012</sb:date></sb:issue><sb:pages><sb:first-page>144102</sb:first-page></sb:pages></sb:host></sb:reference></ce:bib-reference><ce:bib-reference id="bib32"><ce:label>[32]</ce:label><sb:reference id="sref32"><sb:contribution langtype="en"><sb:authors><sb:author><ce:given-name>G.J.</ce:given-name><ce:surname>Martyna</ce:surname></sb:author><sb:author><ce:given-name>D.J.</ce:given-name><ce:surname>Tobias</ce:surname></sb:author><sb:author><ce:given-name>M.L.</ce:given-name><ce:surname>Klein</ce:surname></sb:author></sb:authors></sb:contribution><sb:host><sb:issue><sb:series><sb:title><sb:maintitle>J. Chem. Phys.</sb:maintitle></sb:title><sb:volume-nr>101</sb:volume-nr></sb:series><sb:issue-nr>5</sb:issue-nr><sb:date>1994</sb:date></sb:issue><sb:pages><sb:first-page>4177</sb:first-page></sb:pages></sb:host></sb:reference></ce:bib-reference><ce:bib-reference id="bib33"><ce:label>[33]</ce:label><sb:reference id="sref33"><sb:contribution langtype="en"><sb:authors><sb:author><ce:given-name>K.</ce:given-name><ce:surname>Govers</ce:surname></sb:author><sb:author><ce:given-name>M.</ce:given-name><ce:surname>Verweft</ce:surname></sb:author></sb:authors></sb:contribution><sb:host><sb:issue><sb:series><sb:title><sb:maintitle>J. Nucl. Mater.</sb:maintitle></sb:title><sb:volume-nr>438</sb:volume-nr></sb:series><sb:date>2013</sb:date></sb:issue><sb:pages><sb:first-page>134</sb:first-page></sb:pages></sb:host></sb:reference></ce:bib-reference><ce:bib-reference id="bib34"><ce:label>[34]</ce:label><sb:reference id="sref34"><sb:contribution langtype="en"><sb:authors><sb:author><ce:given-name>G.</ce:given-name><ce:surname>Henkelman</ce:surname></sb:author><sb:author><ce:given-name>B.P.</ce:given-name><ce:surname>Uberuaga</ce:surname></sb:author><sb:author><ce:given-name>H.</ce:given-name><ce:surname>Jonsson</ce:surname></sb:author></sb:authors></sb:contribution><sb:host><sb:issue><sb:series><sb:title><sb:maintitle>J. Chem. Phys.</sb:maintitle></sb:title><sb:volume-nr>113</sb:volume-nr></sb:series><sb:date>2000</sb:date></sb:issue><sb:pages><sb:first-page>9901</sb:first-page></sb:pages></sb:host></sb:reference></ce:bib-reference><ce:bib-reference id="bib35"><ce:label>[35]</ce:label><sb:reference id="sref35"><sb:contribution langtype="en"><sb:authors><sb:author><ce:given-name>E.</ce:given-name><ce:surname>Moore</ce:surname></sb:author><sb:author><ce:given-name>L.R.</ce:given-name><ce:surname>Corrales</ce:surname></sb:author><sb:author><ce:given-name>T.</ce:given-name><ce:surname>Desai</ce:surname></sb:author><sb:author><ce:given-name>R.</ce:given-name><ce:surname>Devanathan</ce:surname></sb:author></sb:authors></sb:contribution><sb:host><sb:issue><sb:series><sb:title><sb:maintitle>J. Nucl. Mater.</sb:maintitle></sb:title><sb:volume-nr>419</sb:volume-nr></sb:series><sb:date>2011</sb:date></sb:issue><sb:pages><sb:first-page>140</sb:first-page><sb:last-page>144</sb:last-page></sb:pages></sb:host></sb:reference></ce:bib-reference><ce:bib-reference id="bib36"><ce:label>[36]</ce:label><sb:reference id="sref36"><sb:contribution langtype="en"><sb:authors><sb:author><ce:given-name>A.</ce:given-name><ce:surname>Stukowski</ce:surname></sb:author><sb:author><ce:given-name>K.</ce:given-name><ce:surname>Albe</ce:surname></sb:author></sb:authors></sb:contribution><sb:host><sb:issue><sb:series><sb:title><sb:maintitle>Modell. Simul. Mater. Sci. Eng.</sb:maintitle></sb:title><sb:volume-nr>18</sb:volume-nr></sb:series><sb:date>2010</sb:date></sb:issue><sb:pages><sb:first-page>025016</sb:first-page></sb:pages></sb:host></sb:reference></ce:bib-reference></ce:bibliography-sec></ce:bibliography></tail></article></xocs:serial-item></xocs:doc>