<?xml version="1.0" encoding="UTF-8"?>
<xocs:doc xsi:schemaLocation="http://www.elsevier.com/xml/xocs/dtd http://schema.elsevier.com/dtds/document/fulltext/xcr/xocs-article.xsd" xmlns:xocs="http://www.elsevier.com/xml/xocs/dtd" xmlns:xs="http://www.w3.org/2001/XMLSchema" xmlns:xsi="http://www.w3.org/2001/XMLSchema-instance" xmlns="http://www.elsevier.com/xml/ja/dtd" xmlns:ja="http://www.elsevier.com/xml/ja/dtd" xmlns:mml="http://www.w3.org/1998/Math/MathML" xmlns:tb="http://www.elsevier.com/xml/common/table/dtd" xmlns:sb="http://www.elsevier.com/xml/common/struct-bib/dtd" xmlns:ce="http://www.elsevier.com/xml/common/dtd" xmlns:xlink="http://www.w3.org/1999/xlink" xmlns:cals="http://www.elsevier.com/xml/common/cals/dtd"><xocs:meta><xocs:content-family>serial</xocs:content-family><xocs:content-type>JL</xocs:content-type><xocs:cid>271598</xocs:cid><xocs:ssids><xocs:ssid type="alllist">291210</xocs:ssid><xocs:ssid type="subj">291702</xocs:ssid><xocs:ssid type="subj">291777</xocs:ssid><xocs:ssid type="subj">291829</xocs:ssid><xocs:ssid type="content">31</xocs:ssid><xocs:ssid type="oa">90</xocs:ssid></xocs:ssids><xocs:srctitle>Journal of Nuclear Materials</xocs:srctitle><xocs:normalized-srctitle>JOURNALNUCLEARMATERIALS</xocs:normalized-srctitle><xocs:orig-load-date yyyymmdd="20120118">2012-01-18</xocs:orig-load-date><xocs:ew-transaction-id>2014-10-09T08:52:41</xocs:ew-transaction-id><xocs:eid>1-s2.0-S0022311511010014</xocs:eid><xocs:pii-formatted>S0022-3115(11)01001-4</xocs:pii-formatted><xocs:pii-unformatted>S0022311511010014</xocs:pii-unformatted><xocs:doi>10.1016/j.jnucmat.2011.11.046</xocs:doi><xocs:item-stage>S300</xocs:item-stage><xocs:item-version-number>S300.2</xocs:item-version-number><xocs:item-weight>FULL-TEXT</xocs:item-weight><xocs:hub-eid>1-s2.0-S0022311512X00023</xocs:hub-eid><xocs:timestamp yyyymmdd="20141012">2014-10-12T04:38:03.218951-04:00</xocs:timestamp><xocs:dco>0</xocs:dco><xocs:tomb>0</xocs:tomb><xocs:date-search-begin>20120401</xocs:date-search-begin><xocs:date-search-end>20120430</xocs:date-search-end><xocs:year-nav>2012</xocs:year-nav><xocs:indexeddate epoch="1326844800">2012-01-18T00:00:00Z</xocs:indexeddate><xocs:articleinfo>articleinfo articletitlenorm authfirstinitialnorm authfirstsurnamenorm cid cids contenttype copyright crossmark dateloaded dateloadedtxt datesearch datesort dateupdated dco docsubtype doctype doi eid ewtransactionid fundingbodyid hubeid indexeddate issfirst issn issnnorm issuelist itemstage itemtransactionid itemweight oauserlicense openaccess openarchive pg pgfirst pglast pii piinorm pubdateend pubdatestart pubdatetxt pubyr sortorder sponsoredaccesstype srctitle srctitlenorm srctype ssids alllist content oa subj subheadings tomb volfirst volissue volumelist webpdf webpdfpagecount yearnav figure table body mmlmath acknowledge affil articletitle auth authfirstini authfull authlast primabst ref specialabst</xocs:articleinfo><xocs:issns><xocs:issn-primary-formatted>0022-3115</xocs:issn-primary-formatted><xocs:issn-primary-unformatted>00223115</xocs:issn-primary-unformatted></xocs:issns><xocs:sponsored-access-type>UNLIMITED</xocs:sponsored-access-type><xocs:funding-body-id>NONE</xocs:funding-body-id><xocs:crossmark is-crossmark="0">false</xocs:crossmark><xocs:vol-first>423</xocs:vol-first><xocs:volume-list><xocs:volume>423</xocs:volume></xocs:volume-list><xocs:iss-first>1</xocs:iss-first><xocs:iss-last>3</xocs:iss-last><xocs:issue-list><xocs:issue>1</xocs:issue><xocs:issue>2</xocs:issue><xocs:issue>3</xocs:issue></xocs:issue-list><xocs:vol-iss-suppl-text>Volume 423, Issues 1–3</xocs:vol-iss-suppl-text><xocs:sort-order>5</xocs:sort-order><xocs:first-fp>16</xocs:first-fp><xocs:last-lp>21</xocs:last-lp><xocs:pages><xocs:first-page>16</xocs:first-page><xocs:last-page>21</xocs:last-page></xocs:pages><xocs:cover-date-orig><xocs:start-date>201204</xocs:start-date></xocs:cover-date-orig><xocs:cover-date-text>April 2012</xocs:cover-date-text><xocs:cover-date-start>2012-04-01</xocs:cover-date-start><xocs:cover-date-end>2012-04-30</xocs:cover-date-end><xocs:cover-date-year>2012</xocs:cover-date-year><xocs:document-type>article</xocs:document-type><xocs:document-subtype>fla</xocs:document-subtype><xocs:copyright-line>Copyright © 2012 Published by Elsevier B.V.</xocs:copyright-line><xocs:normalized-article-title>POINTDEFECTFORMATIONMIGRATIONINGASTABILISEDPU</xocs:normalized-article-title><xocs:normalized-first-auth-surname>ROBINSON</xocs:normalized-first-auth-surname><xocs:normalized-first-auth-initial>M</xocs:normalized-first-auth-initial><xocs:item-toc><xocs:item-toc-entry ref-elem="ce:sections"><xocs:item-toc-label>1</xocs:item-toc-label><xocs:item-toc-section-title>Introduction</xocs:item-toc-section-title></xocs:item-toc-entry><xocs:item-toc-entry ref-elem="ce:sections"><xocs:item-toc-label>2</xocs:item-toc-label><xocs:item-toc-section-title>Methodology</xocs:item-toc-section-title></xocs:item-toc-entry><xocs:item-toc-entry ref-elem="ce:sections"><xocs:item-toc-label>3</xocs:item-toc-label><xocs:item-toc-section-title>Results</xocs:item-toc-section-title><xocs:item-toc-entry ref-elem="ce:sections"><xocs:item-toc-label>3.1</xocs:item-toc-label><xocs:item-toc-section-title>Defect formation energies</xocs:item-toc-section-title></xocs:item-toc-entry><xocs:item-toc-entry ref-elem="ce:sections"><xocs:item-toc-label>3.2</xocs:item-toc-label><xocs:item-toc-section-title>Transition energy barriers</xocs:item-toc-section-title></xocs:item-toc-entry><xocs:item-toc-entry ref-elem="ce:sections"><xocs:item-toc-label>3.3</xocs:item-toc-label><xocs:item-toc-section-title>On-the-fly KMC</xocs:item-toc-section-title></xocs:item-toc-entry></xocs:item-toc-entry><xocs:item-toc-entry ref-elem="ce:sections"><xocs:item-toc-label>4</xocs:item-toc-label><xocs:item-toc-section-title>Conclusions</xocs:item-toc-section-title></xocs:item-toc-entry><xocs:item-toc-entry ref-elem="ce:acknowledgment"><xocs:item-toc-section-title>Acknowledgements</xocs:item-toc-section-title></xocs:item-toc-entry><xocs:item-toc-entry ref-elem="ce:bibliography"><xocs:item-toc-section-title>References</xocs:item-toc-section-title></xocs:item-toc-entry></xocs:item-toc><xocs:references><xocs:ref-info refid="b0005"><xocs:ref-normalized-surname>ELLINGER</xocs:ref-normalized-surname><xocs:ref-pub-year>1964</xocs:ref-pub-year><xocs:ref-first-fp>226</xocs:ref-first-fp><xocs:ref-normalized-initial>F</xocs:ref-normalized-initial></xocs:ref-info><xocs:ref-info refid="b0010"><xocs:ref-normalized-surname>PETERSON</xocs:ref-normalized-surname><xocs:ref-pub-year>1988</xocs:ref-pub-year><xocs:ref-normalized-initial>D</xocs:ref-normalized-initial></xocs:ref-info><xocs:ref-info refid="b0015"><xocs:ref-normalized-surname>HECKER</xocs:ref-normalized-surname><xocs:ref-pub-year>2000</xocs:ref-pub-year><xocs:ref-first-fp>290</xocs:ref-first-fp><xocs:ref-last-lp>335</xocs:ref-last-lp><xocs:ref-normalized-initial>S</xocs:ref-normalized-initial></xocs:ref-info><xocs:ref-info refid="b0020"><xocs:ref-normalized-surname>BASKES</xocs:ref-normalized-surname><xocs:ref-pub-year>2000</xocs:ref-pub-year><xocs:ref-first-fp>15532</xocs:ref-first-fp><xocs:ref-normalized-initial>M</xocs:ref-normalized-initial></xocs:ref-info><xocs:ref-info refid="b0025"><xocs:ref-normalized-surname>BASKES</xocs:ref-normalized-surname><xocs:ref-pub-year>2003</xocs:ref-pub-year><xocs:ref-first-fp>41</xocs:ref-first-fp><xocs:ref-normalized-initial>M</xocs:ref-normalized-initial></xocs:ref-info><xocs:ref-info refid="b0030"><xocs:ref-normalized-surname>VALONE</xocs:ref-normalized-surname><xocs:ref-pub-year>2004</xocs:ref-pub-year><xocs:ref-first-fp>41</xocs:ref-first-fp><xocs:ref-normalized-initial>S</xocs:ref-normalized-initial></xocs:ref-info><xocs:ref-info refid="b0035"><xocs:ref-normalized-surname>KUBOTA</xocs:ref-normalized-surname><xocs:ref-pub-year>2007</xocs:ref-pub-year><xocs:ref-first-fp>367</xocs:ref-first-fp><xocs:ref-normalized-initial>A</xocs:ref-normalized-initial></xocs:ref-info><xocs:ref-info refid="b0040"><xocs:ref-normalized-surname>BASKES</xocs:ref-normalized-surname><xocs:ref-pub-year>2007</xocs:ref-pub-year><xocs:ref-first-fp>379</xocs:ref-first-fp><xocs:ref-normalized-initial>M</xocs:ref-normalized-initial></xocs:ref-info><xocs:ref-info refid="b0045"><xocs:ref-normalized-surname>BERLU</xocs:ref-normalized-surname><xocs:ref-pub-year>2008</xocs:ref-pub-year><xocs:ref-first-fp>344</xocs:ref-first-fp><xocs:ref-normalized-initial>L</xocs:ref-normalized-initial></xocs:ref-info><xocs:ref-info refid="b0050"><xocs:ref-normalized-surname>BERLU</xocs:ref-normalized-surname><xocs:ref-pub-year>2008</xocs:ref-pub-year><xocs:ref-first-fp>171</xocs:ref-first-fp><xocs:ref-normalized-initial>L</xocs:ref-normalized-initial></xocs:ref-info><xocs:ref-info refid="b0055"><xocs:ref-normalized-surname>ROBINSON</xocs:ref-normalized-surname><xocs:ref-pub-year>2009</xocs:ref-pub-year><xocs:ref-first-fp>2967</xocs:ref-first-fp><xocs:ref-normalized-initial>M</xocs:ref-normalized-initial></xocs:ref-info><xocs:ref-info refid="b0060"><xocs:ref-normalized-surname>ROBINSON</xocs:ref-normalized-surname><xocs:ref-pub-year>2011</xocs:ref-pub-year><xocs:ref-first-fp>2539</xocs:ref-first-fp><xocs:ref-normalized-initial>M</xocs:ref-normalized-initial></xocs:ref-info><xocs:ref-info refid="b0065"><xocs:ref-normalized-surname>UBERUAGA</xocs:ref-normalized-surname><xocs:ref-pub-year>2007</xocs:ref-pub-year><xocs:ref-first-fp>314</xocs:ref-first-fp><xocs:ref-normalized-initial>B</xocs:ref-normalized-initial></xocs:ref-info><xocs:ref-info refid="b0070"><xocs:ref-normalized-surname>UBERUAGA</xocs:ref-normalized-surname><xocs:ref-pub-year>2008</xocs:ref-pub-year><xocs:ref-first-fp>144</xocs:ref-first-fp><xocs:ref-normalized-initial>B</xocs:ref-normalized-initial></xocs:ref-info><xocs:ref-info refid="b0075"><xocs:ref-normalized-surname>BASKES</xocs:ref-normalized-surname><xocs:ref-pub-year>1989</xocs:ref-pub-year><xocs:ref-first-fp>6085</xocs:ref-first-fp><xocs:ref-normalized-initial>M</xocs:ref-normalized-initial></xocs:ref-info><xocs:ref-info refid="b0080"><xocs:ref-normalized-surname>FAURE</xocs:ref-normalized-surname><xocs:ref-pub-year>1996</xocs:ref-pub-year><xocs:ref-first-fp>131</xocs:ref-first-fp><xocs:ref-normalized-initial>P</xocs:ref-normalized-initial></xocs:ref-info><xocs:ref-info refid="b0085"><xocs:ref-normalized-surname>HENKELMAN</xocs:ref-normalized-surname><xocs:ref-pub-year>2000</xocs:ref-pub-year><xocs:ref-first-fp>9978</xocs:ref-first-fp><xocs:ref-normalized-initial>G</xocs:ref-normalized-initial></xocs:ref-info><xocs:ref-info refid="b0090"><xocs:ref-normalized-surname>HENKELMAN</xocs:ref-normalized-surname><xocs:ref-pub-year>2000</xocs:ref-pub-year><xocs:ref-first-fp>9901</xocs:ref-first-fp><xocs:ref-normalized-initial>G</xocs:ref-normalized-initial></xocs:ref-info><xocs:ref-info refid="b0095"><xocs:ref-normalized-surname>VERNON</xocs:ref-normalized-surname><xocs:ref-pub-year>2011</xocs:ref-pub-year><xocs:ref-first-fp>1</xocs:ref-first-fp><xocs:ref-normalized-initial>L</xocs:ref-normalized-initial></xocs:ref-info><xocs:ref-info refid="b0100"/><xocs:ref-info refid="b0105"><xocs:ref-normalized-surname>MCRICKARD</xocs:ref-normalized-surname><xocs:ref-pub-year>1966</xocs:ref-pub-year><xocs:ref-first-fp>1195</xocs:ref-first-fp><xocs:ref-normalized-initial>S</xocs:ref-normalized-initial></xocs:ref-info><xocs:ref-info refid="b0110"><xocs:ref-normalized-surname>HURCHAND</xocs:ref-normalized-surname><xocs:ref-pub-year>2005</xocs:ref-pub-year><xocs:ref-first-fp>146</xocs:ref-first-fp><xocs:ref-normalized-initial>H</xocs:ref-normalized-initial></xocs:ref-info></xocs:references><xocs:attachment-metadata-doc><xocs:attachment-set-type>item</xocs:attachment-set-type><xocs:pii-formatted>S0022-3115(11)01001-4</xocs:pii-formatted><xocs:pii-unformatted>S0022311511010014</xocs:pii-unformatted><xocs:eid>1-s2.0-S0022311511010014</xocs:eid><xocs:doi>10.1016/j.jnucmat.2011.11.046</xocs:doi><xocs:cid>271598</xocs:cid><xocs:timestamp>2014-10-12T04:38:03.218951-04:00</xocs:timestamp><xocs:path>/271598/1-s2.0-S0022311512X00023/1-s2.0-S0022311511010014/</xocs:path><xocs:cover-date-start>2012-04-01</xocs:cover-date-start><xocs:cover-date-end>2012-04-30</xocs:cover-date-end><xocs:sponsored-access-type>UNLIMITED</xocs:sponsored-access-type><xocs:funding-body-id>NONE</xocs:funding-body-id><xocs:attachments><xocs:web-pdf><xocs:attachment-eid>1-s2.0-S0022311511010014-main.pdf</xocs:attachment-eid><xocs:filename>main.pdf</xocs:filename><xocs:extension>pdf</xocs:extension><xocs:pdf-optimized>true</xocs:pdf-optimized><xocs:filesize>633468</xocs:filesize><xocs:web-pdf-purpose>MAIN</xocs:web-pdf-purpose><xocs:web-pdf-page-count>6</xocs:web-pdf-page-count><xocs:web-pdf-images><xocs:web-pdf-image><xocs:attachment-eid>1-s2.0-S0022311511010014-main_1.png</xocs:attachment-eid><xocs:filename>main_1.png</xocs:filename><xocs:extension>png</xocs:extension><xocs:filesize>131319</xocs:filesize><xocs:pixel-height>849</xocs:pixel-height><xocs:pixel-width>656</xocs:pixel-width><xocs:attachment-type>IMAGE-WEB-PDF</xocs:attachment-type><xocs:pdf-page-num>1</xocs:pdf-page-num></xocs:web-pdf-image></xocs:web-pdf-images></xocs:web-pdf><xocs:attachment><xocs:attachment-eid>1-s2.0-S0022311511010014-si6.gif</xocs:attachment-eid><xocs:file-basename>si6</xocs:file-basename><xocs:filename>si6.gif</xocs:filename><xocs:extension>gif</xocs:extension><xocs:filesize>249</xocs:filesize><xocs:pixel-height>19</xocs:pixel-height><xocs:pixel-width>19</xocs:pixel-width><xocs:attachment-type>ALTIMG</xocs:attachment-type></xocs:attachment><xocs:attachment><xocs:attachment-eid>1-s2.0-S0022311511010014-si5.gif</xocs:attachment-eid><xocs:file-basename>si5</xocs:file-basename><xocs:filename>si5.gif</xocs:filename><xocs:extension>gif</xocs:extension><xocs:filesize>489</xocs:filesize><xocs:pixel-height>30</xocs:pixel-height><xocs:pixel-width>75</xocs:pixel-width><xocs:attachment-type>ALTIMG</xocs:attachment-type></xocs:attachment><xocs:attachment><xocs:attachment-eid>1-s2.0-S0022311511010014-si4.gif</xocs:attachment-eid><xocs:file-basename>si4</xocs:file-basename><xocs:filename>si4.gif</xocs:filename><xocs:extension>gif</xocs:extension><xocs:filesize>307</xocs:filesize><xocs:pixel-height>20</xocs:pixel-height><xocs:pixel-width>29</xocs:pixel-width><xocs:attachment-type>ALTIMG</xocs:attachment-type></xocs:attachment><xocs:attachment><xocs:attachment-eid>1-s2.0-S0022311511010014-si3.gif</xocs:attachment-eid><xocs:file-basename>si3</xocs:file-basename><xocs:filename>si3.gif</xocs:filename><xocs:extension>gif</xocs:extension><xocs:filesize>307</xocs:filesize><xocs:pixel-height>20</xocs:pixel-height><xocs:pixel-width>29</xocs:pixel-width><xocs:attachment-type>ALTIMG</xocs:attachment-type></xocs:attachment><xocs:attachment><xocs:attachment-eid>1-s2.0-S0022311511010014-si2.gif</xocs:attachment-eid><xocs:file-basename>si2</xocs:file-basename><xocs:filename>si2.gif</xocs:filename><xocs:extension>gif</xocs:extension><xocs:filesize>1049</xocs:filesize><xocs:pixel-height>21</xocs:pixel-height><xocs:pixel-width>228</xocs:pixel-width><xocs:attachment-type>ALTIMG</xocs:attachment-type></xocs:attachment><xocs:attachment><xocs:attachment-eid>1-s2.0-S0022311511010014-si1.gif</xocs:attachment-eid><xocs:file-basename>si1</xocs:file-basename><xocs:filename>si1.gif</xocs:filename><xocs:extension>gif</xocs:extension><xocs:filesize>1066</xocs:filesize><xocs:pixel-height>45</xocs:pixel-height><xocs:pixel-width>182</xocs:pixel-width><xocs:attachment-type>ALTIMG</xocs:attachment-type></xocs:attachment><xocs:attachment><xocs:attachment-eid>1-s2.0-S0022311511010014-gr5.jpg</xocs:attachment-eid><xocs:file-basename>gr5</xocs:file-basename><xocs:filename>gr5.jpg</xocs:filename><xocs:extension>jpg</xocs:extension><xocs:filesize>41607</xocs:filesize><xocs:pixel-height>291</xocs:pixel-height><xocs:pixel-width>308</xocs:pixel-width><xocs:attachment-type>IMAGE-DOWNSAMPLED</xocs:attachment-type></xocs:attachment><xocs:attachment><xocs:attachment-eid>1-s2.0-S0022311511010014-gr4.jpg</xocs:attachment-eid><xocs:file-basename>gr4</xocs:file-basename><xocs:filename>gr4.jpg</xocs:filename><xocs:extension>jpg</xocs:extension><xocs:filesize>53924</xocs:filesize><xocs:pixel-height>320</xocs:pixel-height><xocs:pixel-width>620</xocs:pixel-width><xocs:attachment-type>IMAGE-DOWNSAMPLED</xocs:attachment-type></xocs:attachment><xocs:attachment><xocs:attachment-eid>1-s2.0-S0022311511010014-gr3.jpg</xocs:attachment-eid><xocs:file-basename>gr3</xocs:file-basename><xocs:filename>gr3.jpg</xocs:filename><xocs:extension>jpg</xocs:extension><xocs:filesize>45634</xocs:filesize><xocs:pixel-height>464</xocs:pixel-height><xocs:pixel-width>356</xocs:pixel-width><xocs:attachment-type>IMAGE-DOWNSAMPLED</xocs:attachment-type></xocs:attachment><xocs:attachment><xocs:attachment-eid>1-s2.0-S0022311511010014-gr2.jpg</xocs:attachment-eid><xocs:file-basename>gr2</xocs:file-basename><xocs:filename>gr2.jpg</xocs:filename><xocs:extension>jpg</xocs:extension><xocs:filesize>25800</xocs:filesize><xocs:pixel-height>190</xocs:pixel-height><xocs:pixel-width>350</xocs:pixel-width><xocs:attachment-type>IMAGE-DOWNSAMPLED</xocs:attachment-type></xocs:attachment><xocs:attachment><xocs:attachment-eid>1-s2.0-S0022311511010014-gr1.jpg</xocs:attachment-eid><xocs:file-basename>gr1</xocs:file-basename><xocs:filename>gr1.jpg</xocs:filename><xocs:extension>jpg</xocs:extension><xocs:filesize>67020</xocs:filesize><xocs:pixel-height>616</xocs:pixel-height><xocs:pixel-width>357</xocs:pixel-width><xocs:attachment-type>IMAGE-DOWNSAMPLED</xocs:attachment-type></xocs:attachment><xocs:attachment><xocs:attachment-eid>1-s2.0-S0022311511010014-gr5.sml</xocs:attachment-eid><xocs:file-basename>gr5</xocs:file-basename><xocs:filename>gr5.sml</xocs:filename><xocs:extension>sml</xocs:extension><xocs:filesize>6943</xocs:filesize><xocs:pixel-height>164</xocs:pixel-height><xocs:pixel-width>174</xocs:pixel-width><xocs:attachment-type>IMAGE-THUMBNAIL</xocs:attachment-type></xocs:attachment><xocs:attachment><xocs:attachment-eid>1-s2.0-S0022311511010014-gr4.sml</xocs:attachment-eid><xocs:file-basename>gr4</xocs:file-basename><xocs:filename>gr4.sml</xocs:filename><xocs:extension>sml</xocs:extension><xocs:filesize>7558</xocs:filesize><xocs:pixel-height>113</xocs:pixel-height><xocs:pixel-width>219</xocs:pixel-width><xocs:attachment-type>IMAGE-THUMBNAIL</xocs:attachment-type></xocs:attachment><xocs:attachment><xocs:attachment-eid>1-s2.0-S0022311511010014-gr3.sml</xocs:attachment-eid><xocs:file-basename>gr3</xocs:file-basename><xocs:filename>gr3.sml</xocs:filename><xocs:extension>sml</xocs:extension><xocs:filesize>5594</xocs:filesize><xocs:pixel-height>164</xocs:pixel-height><xocs:pixel-width>126</xocs:pixel-width><xocs:attachment-type>IMAGE-THUMBNAIL</xocs:attachment-type></xocs:attachment><xocs:attachment><xocs:attachment-eid>1-s2.0-S0022311511010014-gr2.sml</xocs:attachment-eid><xocs:file-basename>gr2</xocs:file-basename><xocs:filename>gr2.sml</xocs:filename><xocs:extension>sml</xocs:extension><xocs:filesize>6635</xocs:filesize><xocs:pixel-height>119</xocs:pixel-height><xocs:pixel-width>219</xocs:pixel-width><xocs:attachment-type>IMAGE-THUMBNAIL</xocs:attachment-type></xocs:attachment><xocs:attachment><xocs:attachment-eid>1-s2.0-S0022311511010014-gr1.sml</xocs:attachment-eid><xocs:file-basename>gr1</xocs:file-basename><xocs:filename>gr1.sml</xocs:filename><xocs:extension>sml</xocs:extension><xocs:filesize>4796</xocs:filesize><xocs:pixel-height>164</xocs:pixel-height><xocs:pixel-width>95</xocs:pixel-width><xocs:attachment-type>IMAGE-THUMBNAIL</xocs:attachment-type></xocs:attachment></xocs:attachments></xocs:attachment-metadata-doc><xocs:refkeys><xocs:refkey3>ROBINSONX2012X16</xocs:refkey3><xocs:refkey4lp>ROBINSONX2012X16X21</xocs:refkey4lp><xocs:refkey4ai>ROBINSONX2012X16XM</xocs:refkey4ai><xocs:refkey5>ROBINSONX2012X16X21XM</xocs:refkey5></xocs:refkeys><xocs:open-access><xocs:oa-article-status is-open-access="1" is-open-archive="0">Full</xocs:oa-article-status><xocs:oa-access-effective-date>2013-07-16T19:39:40Z</xocs:oa-access-effective-date><xocs:oa-sponsor><xocs:oa-sponsor-type>ElsevierWaived</xocs:oa-sponsor-type></xocs:oa-sponsor><xocs:oa-user-license>http://creativecommons.org/licenses/by/3.0/</xocs:oa-user-license></xocs:open-access></xocs:meta><xocs:serial-item><article docsubtype="fla" xml:lang="en" version="5.1"><item-info><jid>NUMA</jid><aid>46222</aid><ce:pii>S0022-3115(11)01001-4</ce:pii><ce:doi>10.1016/j.jnucmat.2011.11.046</ce:doi><ce:copyright type="unknown" year="2012"/></item-info><ce:floats><ce:figure id="f0005"><ce:label>Fig. 1</ce:label><ce:caption><ce:simple-para id="sp015" view="all">Distributions of (a) 1NN and (b) 2NN di-vacancy defect formation energies. The peaks in each histogram represent the possible species combinations. The variation around each peak is due to the changes in local environment around the defect. Calculations were performed using 150 different PuGa configurations. The dotted line represents the di-vacancy formation energies calculated in pure Pu <ce:cross-ref refid="b0055">[11]</ce:cross-ref>.</ce:simple-para></ce:caption><ce:link locator="gr1"/></ce:figure><ce:figure id="f0010"><ce:label>Fig. 2</ce:label><ce:caption><ce:simple-para id="sp020" view="all">The highest energy mono-vacancy transition barrier in PuGa involving the vacancy migrating to a lattice site surrounded by four 1NN Ga substitutional atoms. The removal of a Pu from a Ga rich region results in a final state higher in energy by around 0.6<ce:hsp sp="0.25"/>eV.</ce:simple-para></ce:caption><ce:link locator="gr2"/></ce:figure><ce:figure id="f0015"><ce:label>Fig. 3</ce:label><ce:caption><ce:simple-para id="sp025" view="all">Distribution of energy barriers of the 〈100〉 split-interstitial transition along the 〈1<ce:hsp sp="0.12"/>0<ce:hsp sp="0.12"/>0〉 direction. The top plot (blue) represents the Pu–Pu to Pu–Ga transition where a Ga interstitial is created. The middle plot (green) gives the reverse barrier where a Ga interstitial moves back to a substitutional site creating a pure Pu defect. The bottom plot (red) gives the distribution of Pu–Pu to Pu–Pu 〈1<ce:hsp sp="0.12"/>0<ce:hsp sp="0.12"/>0〉 split-interstitial transition barriers. (For interpretation of the references to colour in this figure legend, the reader is referred to the web version of this article.)</ce:simple-para></ce:caption><ce:link locator="gr3"/></ce:figure><ce:figure id="f0020"><ce:label>Fig. 4</ce:label><ce:caption><ce:simple-para id="sp030" view="all">The figure indicates the regions in which the mono-vacancy diffused (red) along with the regions of high Ga concentration (blue). Atoms connected by lines (red) represent those which have displaced as the vacancy moves, which are all Pu atoms. Volumes are created through the triangulation of the points to form a mesh, with the volume created by the migration pathway shown as transparent in red and the volume formed from the position of the Ga atoms in solid blue. In image (a), the green and yellow boxes represent the initial and final positions of the mono-vacancy respectively. This figure represents 2<ce:hsp sp="0.25"/>days and 18<ce:hsp sp="0.25"/>h of actual diffusion time. (For interpretation of the references to colour in this figure legend, the reader is referred to the web version of this article.)</ce:simple-para></ce:caption><ce:link locator="gr4"/></ce:figure><ce:figure id="f0025"><ce:label>Fig. 5</ce:label><ce:caption><ce:simple-para id="sp035" view="all">The first 2500 steps of an OTF-KMC PuGa simulation initiated with a Pu 〈1<ce:hsp sp="0.12"/>0<ce:hsp sp="0.12"/>0〉 split-interstitial. Simulation is visualised through atomic displacements that are greater than 2<ce:hsp sp="0.25"/>Å with lines tracing each displacement. In addition, the position of the gallium atoms are shown in blue to indicate how the mechanism for migration avoids areas of high Ga concentration. This figure represents 842<ce:hsp sp="0.25"/>ns of actual diffusion time.</ce:simple-para></ce:caption><ce:link locator="gr5"/></ce:figure><ce:table frame="topbot" id="t0005" rowsep="0" colsep="0" xmlns="http://www.elsevier.com/xml/common/cals/dtd"><ce:label>Table 1</ce:label><ce:caption><ce:simple-para id="sp040" view="all">Defect formation energies of Pu defects in fcc Pu 5<ce:hsp sp="0.25"/>at.% Ga and pure fcc Pu. All values in eV.</ce:simple-para></ce:caption><tgroup cols="3"><colspec colname="col1" align="left"/><colspec colname="col2" align="left"/><colspec colname="col3" align="left"/><thead><row valign="top"><entry xmlns="http://www.elsevier.com/xml/common/dtd">Defect structure</entry><entry namest="col2" nameend="col3" rowsep="1" xmlns="http://www.elsevier.com/xml/common/dtd">Formation energy, <italic>E</italic><inf loc="post"><italic>f</italic></inf> (eV)</entry></row><row valign="top"><entry xmlns="http://www.elsevier.com/xml/common/dtd"/><entry xmlns="http://www.elsevier.com/xml/common/dtd">Pu 5<hsp sp="0.25"/>at.% Ga</entry><entry xmlns="http://www.elsevier.com/xml/common/dtd">Pu <cross-ref refid="b0055">[11]</cross-ref></entry></row><row rowsep="1" valign="top"><entry xmlns="http://www.elsevier.com/xml/common/dtd"/><entry xmlns="http://www.elsevier.com/xml/common/dtd">Mean (S.Dev.)</entry><entry xmlns="http://www.elsevier.com/xml/common/dtd"/></row></thead><tbody><row valign="top"><entry xmlns="http://www.elsevier.com/xml/common/dtd">Mono-vac.</entry><entry xmlns="http://www.elsevier.com/xml/common/dtd">0.58 (0.12)</entry><entry xmlns="http://www.elsevier.com/xml/common/dtd">0.46</entry></row><row valign="top"><entry xmlns="http://www.elsevier.com/xml/common/dtd">1NN di-vac.</entry><entry xmlns="http://www.elsevier.com/xml/common/dtd">1.25 (0.20)</entry><entry xmlns="http://www.elsevier.com/xml/common/dtd">1.00</entry></row><row valign="top"><entry xmlns="http://www.elsevier.com/xml/common/dtd">2NN di-vac.</entry><entry xmlns="http://www.elsevier.com/xml/common/dtd">1.18 (0.12)</entry><entry xmlns="http://www.elsevier.com/xml/common/dtd">0.92</entry></row><row valign="top"><entry xmlns="http://www.elsevier.com/xml/common/dtd">3NN di-vac.</entry><entry xmlns="http://www.elsevier.com/xml/common/dtd">1.21 (0.21)</entry><entry xmlns="http://www.elsevier.com/xml/common/dtd">0.89</entry></row><row valign="top"><entry xmlns="http://www.elsevier.com/xml/common/dtd">4NN di-vac.</entry><entry xmlns="http://www.elsevier.com/xml/common/dtd">1.16 (0.14)</entry><entry xmlns="http://www.elsevier.com/xml/common/dtd">0.89</entry></row><row valign="top"><entry xmlns="http://www.elsevier.com/xml/common/dtd">1NN 1NN 1NN tri-vac.</entry><entry xmlns="http://www.elsevier.com/xml/common/dtd">1.83 (0.26)</entry><entry xmlns="http://www.elsevier.com/xml/common/dtd">1.53</entry></row><row valign="top"><entry xmlns="http://www.elsevier.com/xml/common/dtd">1NN 1NN 2NN tri-vac.</entry><entry xmlns="http://www.elsevier.com/xml/common/dtd">1.95 (0.27)</entry><entry xmlns="http://www.elsevier.com/xml/common/dtd">1.58</entry></row><row valign="top"><entry xmlns="http://www.elsevier.com/xml/common/dtd">1NN 1NN 3NN tri-vac.</entry><entry xmlns="http://www.elsevier.com/xml/common/dtd">1.95 (0.24)</entry><entry xmlns="http://www.elsevier.com/xml/common/dtd">1.59</entry></row><row valign="top"><entry xmlns="http://www.elsevier.com/xml/common/dtd">1NN 1NN 4NN tri-vac.</entry><entry xmlns="http://www.elsevier.com/xml/common/dtd">1.91 (0.25)</entry><entry xmlns="http://www.elsevier.com/xml/common/dtd">1.55</entry></row><row valign="top"><entry xmlns="http://www.elsevier.com/xml/common/dtd">Pu octahedral int.</entry><entry xmlns="http://www.elsevier.com/xml/common/dtd">1.26 (0.34)</entry><entry xmlns="http://www.elsevier.com/xml/common/dtd">0.82</entry></row><row valign="top"><entry xmlns="http://www.elsevier.com/xml/common/dtd">Pu tetrahedral int.</entry><entry xmlns="http://www.elsevier.com/xml/common/dtd">1.90 (0.32)</entry><entry xmlns="http://www.elsevier.com/xml/common/dtd">1.59</entry></row><row valign="top"><entry xmlns="http://www.elsevier.com/xml/common/dtd">Pu–Pu 〈1<hsp sp="0.12"/>0<hsp sp="0.12"/>0〉 split-int.</entry><entry xmlns="http://www.elsevier.com/xml/common/dtd">1.16 (0.23)</entry><entry xmlns="http://www.elsevier.com/xml/common/dtd">0.52</entry></row><row valign="top"><entry xmlns="http://www.elsevier.com/xml/common/dtd">Pu–Pu 〈1<hsp sp="0.12"/>1<hsp sp="0.12"/>0〉 split-int.</entry><entry xmlns="http://www.elsevier.com/xml/common/dtd">1.51 (0.59)</entry><entry xmlns="http://www.elsevier.com/xml/common/dtd">1.56</entry></row><row valign="top"><entry xmlns="http://www.elsevier.com/xml/common/dtd">Pu–Pu 〈1<hsp sp="0.12"/>1<hsp sp="0.12"/>1〉 split-int.</entry><entry xmlns="http://www.elsevier.com/xml/common/dtd">1.47 (0.53)</entry><entry xmlns="http://www.elsevier.com/xml/common/dtd">1.27</entry></row></tbody></tgroup></ce:table><ce:table frame="topbot" id="t0010" rowsep="0" colsep="0" xmlns="http://www.elsevier.com/xml/common/cals/dtd"><ce:label>Table 2</ce:label><ce:caption><ce:simple-para id="sp045" view="all">Defect formation energies of Ga and mixed Pu–Ga defects in fcc Pu 5<ce:hsp sp="0.25"/>at.% Ga. split-interstitials, denoted <ce:italic>i</ce:italic>–<ce:italic>j</ce:italic>, are created by introducing a new atom of species <ce:italic>j</ce:italic> to a lattice atom of specie <ce:italic>i</ce:italic>. All values in eV.</ce:simple-para></ce:caption><tgroup cols="4"><colspec colname="col1" align="left"/><colspec colname="col2" align="left"/><colspec colname="col3" align="left"/><colspec colname="col4" align="left"/><thead><row valign="top"><entry xmlns="http://www.elsevier.com/xml/common/dtd">Defect structure</entry><entry xmlns="http://www.elsevier.com/xml/common/dtd">Δ<italic>N</italic><inf loc="post"><italic>Pu</italic></inf></entry><entry xmlns="http://www.elsevier.com/xml/common/dtd">Δ<italic>N</italic><inf loc="post"><italic>Ga</italic></inf></entry><entry xmlns="http://www.elsevier.com/xml/common/dtd">Formation energy, <italic>E</italic><inf loc="post"><italic>f</italic></inf> (eV)</entry></row><row valign="top"><entry xmlns="http://www.elsevier.com/xml/common/dtd"/><entry xmlns="http://www.elsevier.com/xml/common/dtd"/><entry xmlns="http://www.elsevier.com/xml/common/dtd"/><entry xmlns="http://www.elsevier.com/xml/common/dtd">Pu 5<hsp sp="0.25"/>at.% Ga</entry></row><row rowsep="1" valign="top"><entry xmlns="http://www.elsevier.com/xml/common/dtd"/><entry xmlns="http://www.elsevier.com/xml/common/dtd"/><entry xmlns="http://www.elsevier.com/xml/common/dtd"/><entry xmlns="http://www.elsevier.com/xml/common/dtd">Mean (S.Dev.)</entry></row></thead><tbody><row valign="top"><entry xmlns="http://www.elsevier.com/xml/common/dtd">mono-vac.</entry><entry xmlns="http://www.elsevier.com/xml/common/dtd">0</entry><entry xmlns="http://www.elsevier.com/xml/common/dtd">−1</entry><entry xmlns="http://www.elsevier.com/xml/common/dtd">2.92 (0.12)</entry></row><row valign="top"><entry xmlns="http://www.elsevier.com/xml/common/dtd">1NN di-vac.</entry><entry xmlns="http://www.elsevier.com/xml/common/dtd">−1</entry><entry xmlns="http://www.elsevier.com/xml/common/dtd">−1</entry><entry xmlns="http://www.elsevier.com/xml/common/dtd">3.66 (0.22)</entry></row><row valign="top"><entry xmlns="http://www.elsevier.com/xml/common/dtd">2NN di-vac.</entry><entry xmlns="http://www.elsevier.com/xml/common/dtd">−1</entry><entry xmlns="http://www.elsevier.com/xml/common/dtd">−1</entry><entry xmlns="http://www.elsevier.com/xml/common/dtd">3.47 (0.13)</entry></row><row valign="top"><entry xmlns="http://www.elsevier.com/xml/common/dtd">2NN di-vac.</entry><entry xmlns="http://www.elsevier.com/xml/common/dtd">0</entry><entry xmlns="http://www.elsevier.com/xml/common/dtd">−2</entry><entry xmlns="http://www.elsevier.com/xml/common/dtd">5.84 (0.06)</entry></row><row valign="top"><entry xmlns="http://www.elsevier.com/xml/common/dtd">3NN di-vac.</entry><entry xmlns="http://www.elsevier.com/xml/common/dtd">−1</entry><entry xmlns="http://www.elsevier.com/xml/common/dtd">−1</entry><entry xmlns="http://www.elsevier.com/xml/common/dtd">3.61 (0.20)</entry></row><row valign="top"><entry xmlns="http://www.elsevier.com/xml/common/dtd">4NN di-vac.</entry><entry xmlns="http://www.elsevier.com/xml/common/dtd">−1</entry><entry xmlns="http://www.elsevier.com/xml/common/dtd">−1</entry><entry xmlns="http://www.elsevier.com/xml/common/dtd">3.50 (0.14)</entry></row><row valign="top"><entry xmlns="http://www.elsevier.com/xml/common/dtd">4NN di-vac.</entry><entry xmlns="http://www.elsevier.com/xml/common/dtd">0</entry><entry xmlns="http://www.elsevier.com/xml/common/dtd">−2</entry><entry xmlns="http://www.elsevier.com/xml/common/dtd">5.76 (0.10)</entry></row><row valign="top"><entry xmlns="http://www.elsevier.com/xml/common/dtd">1NN 1NN 1NN tri-vac.</entry><entry xmlns="http://www.elsevier.com/xml/common/dtd">−2</entry><entry xmlns="http://www.elsevier.com/xml/common/dtd">−1</entry><entry xmlns="http://www.elsevier.com/xml/common/dtd">4.19 (0.28)</entry></row><row valign="top"><entry xmlns="http://www.elsevier.com/xml/common/dtd">1NN 1NN 2NN tri-vac.</entry><entry xmlns="http://www.elsevier.com/xml/common/dtd">−2</entry><entry xmlns="http://www.elsevier.com/xml/common/dtd">−1</entry><entry xmlns="http://www.elsevier.com/xml/common/dtd">4.34 (0.30)</entry></row><row valign="top"><entry xmlns="http://www.elsevier.com/xml/common/dtd">1NN 1NN 3NN tri-vac.</entry><entry xmlns="http://www.elsevier.com/xml/common/dtd">−2</entry><entry xmlns="http://www.elsevier.com/xml/common/dtd">−1</entry><entry xmlns="http://www.elsevier.com/xml/common/dtd">4.27 (0.20)</entry></row><row valign="top"><entry xmlns="http://www.elsevier.com/xml/common/dtd">1NN 1NN 4NN tri-vac.</entry><entry xmlns="http://www.elsevier.com/xml/common/dtd">−2</entry><entry xmlns="http://www.elsevier.com/xml/common/dtd">−1</entry><entry xmlns="http://www.elsevier.com/xml/common/dtd">4.27 (0.23)</entry></row><row valign="top"><entry xmlns="http://www.elsevier.com/xml/common/dtd">Ga octahedral int.</entry><entry xmlns="http://www.elsevier.com/xml/common/dtd">0</entry><entry xmlns="http://www.elsevier.com/xml/common/dtd">+1</entry><entry xmlns="http://www.elsevier.com/xml/common/dtd">0.48 (0.46)</entry></row><row valign="top"><entry xmlns="http://www.elsevier.com/xml/common/dtd">Ga tetrahedral int.</entry><entry xmlns="http://www.elsevier.com/xml/common/dtd">0</entry><entry xmlns="http://www.elsevier.com/xml/common/dtd">+1</entry><entry xmlns="http://www.elsevier.com/xml/common/dtd">1.63 (1.02)</entry></row><row valign="top"><entry xmlns="http://www.elsevier.com/xml/common/dtd">Pu–Ga 〈1<hsp sp="0.12"/>0<hsp sp="0.12"/>0〉 split-int.</entry><entry xmlns="http://www.elsevier.com/xml/common/dtd">0</entry><entry xmlns="http://www.elsevier.com/xml/common/dtd">+1</entry><entry xmlns="http://www.elsevier.com/xml/common/dtd">−0.52 (0.42)</entry></row><row valign="top"><entry xmlns="http://www.elsevier.com/xml/common/dtd">Pu–Ga 〈1<hsp sp="0.12"/>1<hsp sp="0.12"/>0〉 split-int.</entry><entry xmlns="http://www.elsevier.com/xml/common/dtd">0</entry><entry xmlns="http://www.elsevier.com/xml/common/dtd">+1</entry><entry xmlns="http://www.elsevier.com/xml/common/dtd">0.16 (0.49)</entry></row><row valign="top"><entry xmlns="http://www.elsevier.com/xml/common/dtd">Pu–Ga 〈1<hsp sp="0.12"/>1<hsp sp="0.12"/>1〉 split-int.</entry><entry xmlns="http://www.elsevier.com/xml/common/dtd">0</entry><entry xmlns="http://www.elsevier.com/xml/common/dtd">+1</entry><entry xmlns="http://www.elsevier.com/xml/common/dtd">0.39 (0.44)</entry></row><row valign="top"><entry xmlns="http://www.elsevier.com/xml/common/dtd">Ga–Ga 〈1<hsp sp="0.12"/>0<hsp sp="0.12"/>0〉 split-int.</entry><entry xmlns="http://www.elsevier.com/xml/common/dtd">0</entry><entry xmlns="http://www.elsevier.com/xml/common/dtd">+1</entry><entry xmlns="http://www.elsevier.com/xml/common/dtd">0.75 (0.26)</entry></row><row valign="top"><entry xmlns="http://www.elsevier.com/xml/common/dtd">Ga–Ga 〈1<hsp sp="0.12"/>1<hsp sp="0.12"/>0〉 split-int.</entry><entry xmlns="http://www.elsevier.com/xml/common/dtd">0</entry><entry xmlns="http://www.elsevier.com/xml/common/dtd">+1</entry><entry xmlns="http://www.elsevier.com/xml/common/dtd">1.45 (0.62)</entry></row><row valign="top"><entry xmlns="http://www.elsevier.com/xml/common/dtd">Ga–Ga 〈1<hsp sp="0.12"/>1<hsp sp="0.12"/>1〉 split-int.</entry><entry xmlns="http://www.elsevier.com/xml/common/dtd">0</entry><entry xmlns="http://www.elsevier.com/xml/common/dtd">+1</entry><entry xmlns="http://www.elsevier.com/xml/common/dtd">1.40 (0.30)</entry></row><row valign="top"><entry xmlns="http://www.elsevier.com/xml/common/dtd">Ga–Pu 〈1<hsp sp="0.12"/>0<hsp sp="0.12"/>0〉 split-int.</entry><entry xmlns="http://www.elsevier.com/xml/common/dtd">+1</entry><entry xmlns="http://www.elsevier.com/xml/common/dtd">0</entry><entry xmlns="http://www.elsevier.com/xml/common/dtd">1.82 (0.31)</entry></row><row valign="top"><entry xmlns="http://www.elsevier.com/xml/common/dtd">Ga–Pu 〈1<hsp sp="0.12"/>1<hsp sp="0.12"/>0〉 split-int.</entry><entry xmlns="http://www.elsevier.com/xml/common/dtd">+1</entry><entry xmlns="http://www.elsevier.com/xml/common/dtd">0</entry><entry xmlns="http://www.elsevier.com/xml/common/dtd">2.50 (0.34)</entry></row><row valign="top"><entry xmlns="http://www.elsevier.com/xml/common/dtd">Ga–Pu 〈1<hsp sp="0.12"/>1<hsp sp="0.12"/>1〉 split-int.</entry><entry xmlns="http://www.elsevier.com/xml/common/dtd">+1</entry><entry xmlns="http://www.elsevier.com/xml/common/dtd">0</entry><entry xmlns="http://www.elsevier.com/xml/common/dtd">2.67 (0.36)</entry></row></tbody></tgroup></ce:table><ce:table frame="topbot" id="t0015" rowsep="0" colsep="0" xmlns="http://www.elsevier.com/xml/common/cals/dtd"><ce:label>Table 3</ce:label><ce:caption><ce:simple-para id="sp050" view="all">Summary of defect transition barriers in PuGa. Each barrier energy was calculated in 100 different PuGa configurations using the NEB method. The larger standard deviation is a result of the majority of distributions being non-normal due to the the migrating atoms being of differing specie. For this reason, the median or minimum energy barriers would be more suited for predicting probable transitions in comparison to using the mean barrier.</ce:simple-para></ce:caption><tgroup cols="5"><colspec colname="col1" align="left"/><colspec colname="col2" align="left"/><colspec colname="col3" align="left"/><colspec colname="col4" align="left"/><colspec colname="col5" align="left"/><thead><row valign="top"><entry xmlns="http://www.elsevier.com/xml/common/dtd">Transition</entry><entry namest="col2" nameend="col5" rowsep="1" xmlns="http://www.elsevier.com/xml/common/dtd">Energy barrier (eV)</entry></row><row rowsep="1" valign="top"><entry xmlns="http://www.elsevier.com/xml/common/dtd"/><entry xmlns="http://www.elsevier.com/xml/common/dtd">Mean (S.Dev)</entry><entry xmlns="http://www.elsevier.com/xml/common/dtd">Median</entry><entry xmlns="http://www.elsevier.com/xml/common/dtd">Min</entry><entry xmlns="http://www.elsevier.com/xml/common/dtd">Max</entry></row></thead><tbody><row valign="top"><entry xmlns="http://www.elsevier.com/xml/common/dtd">1NN mono-vac hop</entry><entry xmlns="http://www.elsevier.com/xml/common/dtd">1.29 (0.30)</entry><entry xmlns="http://www.elsevier.com/xml/common/dtd">1.20</entry><entry xmlns="http://www.elsevier.com/xml/common/dtd">0.81</entry><entry xmlns="http://www.elsevier.com/xml/common/dtd">2.42</entry></row><row valign="top"><entry xmlns="http://www.elsevier.com/xml/common/dtd">2NN mono-vac hop</entry><entry xmlns="http://www.elsevier.com/xml/common/dtd">2.90 (0.70)</entry><entry xmlns="http://www.elsevier.com/xml/common/dtd">2.62</entry><entry xmlns="http://www.elsevier.com/xml/common/dtd">1.78</entry><entry xmlns="http://www.elsevier.com/xml/common/dtd">4.88</entry></row><row valign="top"><entry xmlns="http://www.elsevier.com/xml/common/dtd">3NN mono-vac hop</entry><entry xmlns="http://www.elsevier.com/xml/common/dtd">3.47 (0.59)</entry><entry xmlns="http://www.elsevier.com/xml/common/dtd">3.22</entry><entry xmlns="http://www.elsevier.com/xml/common/dtd">2.40</entry><entry xmlns="http://www.elsevier.com/xml/common/dtd">5.75</entry></row><row valign="top"><entry xmlns="http://www.elsevier.com/xml/common/dtd">4NN mono-vac hop</entry><entry xmlns="http://www.elsevier.com/xml/common/dtd">2.80 (0.61)</entry><entry xmlns="http://www.elsevier.com/xml/common/dtd">2.71</entry><entry xmlns="http://www.elsevier.com/xml/common/dtd">1.78</entry><entry xmlns="http://www.elsevier.com/xml/common/dtd">4.88</entry></row><row valign="top"><entry xmlns="http://www.elsevier.com/xml/common/dtd">4NN mono-vac double hop</entry><entry xmlns="http://www.elsevier.com/xml/common/dtd">1.48 (0.53)</entry><entry xmlns="http://www.elsevier.com/xml/common/dtd">1.31</entry><entry xmlns="http://www.elsevier.com/xml/common/dtd">0.71</entry><entry xmlns="http://www.elsevier.com/xml/common/dtd">3.12</entry></row><row valign="top"><entry xmlns="http://www.elsevier.com/xml/common/dtd">1NN to 1NN di-vac</entry><entry xmlns="http://www.elsevier.com/xml/common/dtd">1.27 (0.45)</entry><entry xmlns="http://www.elsevier.com/xml/common/dtd">1.15</entry><entry xmlns="http://www.elsevier.com/xml/common/dtd">0.89</entry><entry xmlns="http://www.elsevier.com/xml/common/dtd">4.78</entry></row><row valign="top"><entry xmlns="http://www.elsevier.com/xml/common/dtd">1NN to 2NN di-vac</entry><entry xmlns="http://www.elsevier.com/xml/common/dtd">1.60 (0.48)</entry><entry xmlns="http://www.elsevier.com/xml/common/dtd">1.46</entry><entry xmlns="http://www.elsevier.com/xml/common/dtd">0.81</entry><entry xmlns="http://www.elsevier.com/xml/common/dtd">3.05</entry></row><row valign="top"><entry xmlns="http://www.elsevier.com/xml/common/dtd">1NN to 3NN di-vac</entry><entry xmlns="http://www.elsevier.com/xml/common/dtd">1.47 (0.36)</entry><entry xmlns="http://www.elsevier.com/xml/common/dtd">1.40</entry><entry xmlns="http://www.elsevier.com/xml/common/dtd">0.85</entry><entry xmlns="http://www.elsevier.com/xml/common/dtd">2.83</entry></row><row valign="top"><entry xmlns="http://www.elsevier.com/xml/common/dtd">1NN to 4NN di-vac</entry><entry xmlns="http://www.elsevier.com/xml/common/dtd">1.71 (0.45)</entry><entry xmlns="http://www.elsevier.com/xml/common/dtd">1.15</entry><entry xmlns="http://www.elsevier.com/xml/common/dtd">1.13</entry><entry xmlns="http://www.elsevier.com/xml/common/dtd">3.39</entry></row><row valign="top"><entry xmlns="http://www.elsevier.com/xml/common/dtd">111 to 111 tri-vac (3.28<hsp sp="0.25"/>Å)</entry><entry xmlns="http://www.elsevier.com/xml/common/dtd">1.49 (0.49)</entry><entry xmlns="http://www.elsevier.com/xml/common/dtd">1.38</entry><entry xmlns="http://www.elsevier.com/xml/common/dtd">0.57</entry><entry xmlns="http://www.elsevier.com/xml/common/dtd">2.87</entry></row><row valign="top"><entry xmlns="http://www.elsevier.com/xml/common/dtd">111 to 111 tri-vac (4.64<hsp sp="0.25"/>Å)</entry><entry xmlns="http://www.elsevier.com/xml/common/dtd">1.65 (0.54)</entry><entry xmlns="http://www.elsevier.com/xml/common/dtd">1.55</entry><entry xmlns="http://www.elsevier.com/xml/common/dtd">0.85</entry><entry xmlns="http://www.elsevier.com/xml/common/dtd">4.12</entry></row><row valign="top"><entry xmlns="http://www.elsevier.com/xml/common/dtd">111 to 112 tri-vac (3.28<hsp sp="0.25"/>Å)</entry><entry xmlns="http://www.elsevier.com/xml/common/dtd">1.48 (0.46)</entry><entry xmlns="http://www.elsevier.com/xml/common/dtd">1.36</entry><entry xmlns="http://www.elsevier.com/xml/common/dtd">0.73</entry><entry xmlns="http://www.elsevier.com/xml/common/dtd">2.62</entry></row><row valign="top"><entry xmlns="http://www.elsevier.com/xml/common/dtd">111 to 113 tri-vac (3.28<hsp sp="0.25"/>Å)</entry><entry xmlns="http://www.elsevier.com/xml/common/dtd">1.56 (0.40)</entry><entry xmlns="http://www.elsevier.com/xml/common/dtd">1.50</entry><entry xmlns="http://www.elsevier.com/xml/common/dtd">0.77</entry><entry xmlns="http://www.elsevier.com/xml/common/dtd">2.97</entry></row><row valign="top"><entry xmlns="http://www.elsevier.com/xml/common/dtd">Pu Oct int to vac (&lt;1NN 2.32<hsp sp="0.25"/>Å)</entry><entry xmlns="http://www.elsevier.com/xml/common/dtd">0.12 (0.20)</entry><entry xmlns="http://www.elsevier.com/xml/common/dtd">0.06</entry><entry xmlns="http://www.elsevier.com/xml/common/dtd">0<cross-ref refid="tblfn1"><sup loc="post">∗</sup></cross-ref></entry><entry xmlns="http://www.elsevier.com/xml/common/dtd">0.56</entry></row><row valign="top"><entry xmlns="http://www.elsevier.com/xml/common/dtd">Pu Oct int to vac (2NN 4.02<hsp sp="0.25"/>Å)</entry><entry xmlns="http://www.elsevier.com/xml/common/dtd">1.44 (0.36)</entry><entry xmlns="http://www.elsevier.com/xml/common/dtd">1.46</entry><entry xmlns="http://www.elsevier.com/xml/common/dtd">0.65</entry><entry xmlns="http://www.elsevier.com/xml/common/dtd">3.31</entry></row><row valign="top"><entry xmlns="http://www.elsevier.com/xml/common/dtd">Pu Oct int to vac (3NN 5.19<hsp sp="0.25"/>Å)</entry><entry xmlns="http://www.elsevier.com/xml/common/dtd">1.32 (0.40)</entry><entry xmlns="http://www.elsevier.com/xml/common/dtd">1.30</entry><entry xmlns="http://www.elsevier.com/xml/common/dtd">0.28</entry><entry xmlns="http://www.elsevier.com/xml/common/dtd">2.23</entry></row><row valign="top"><entry xmlns="http://www.elsevier.com/xml/common/dtd">Ga Oct int to vac (&lt;1NN 2.32<hsp sp="0.25"/>Å)</entry><entry xmlns="http://www.elsevier.com/xml/common/dtd">0.08 (0.14)</entry><entry xmlns="http://www.elsevier.com/xml/common/dtd">0.04</entry><entry xmlns="http://www.elsevier.com/xml/common/dtd">0<cross-ref refid="tblfn1"><sup loc="post">∗</sup></cross-ref></entry><entry xmlns="http://www.elsevier.com/xml/common/dtd">0.96</entry></row><row valign="top"><entry xmlns="http://www.elsevier.com/xml/common/dtd">Ga Oct int to vac (2NN 4.02<hsp sp="0.25"/>Å)</entry><entry xmlns="http://www.elsevier.com/xml/common/dtd">1.91 (0.52)</entry><entry xmlns="http://www.elsevier.com/xml/common/dtd">1.82</entry><entry xmlns="http://www.elsevier.com/xml/common/dtd">0.78</entry><entry xmlns="http://www.elsevier.com/xml/common/dtd">3.34</entry></row><row valign="top"><entry xmlns="http://www.elsevier.com/xml/common/dtd">Oct to Oct int</entry><entry xmlns="http://www.elsevier.com/xml/common/dtd">0.88 (0.77)</entry><entry xmlns="http://www.elsevier.com/xml/common/dtd">0.61</entry><entry xmlns="http://www.elsevier.com/xml/common/dtd">0.10</entry><entry xmlns="http://www.elsevier.com/xml/common/dtd">4.1</entry></row><row valign="top"><entry xmlns="http://www.elsevier.com/xml/common/dtd">Pu–Pu to Pu–Ga 〈1<hsp sp="0.12"/>0<hsp sp="0.12"/>0〉 split-int.</entry><entry xmlns="http://www.elsevier.com/xml/common/dtd">0.96 (0.61)</entry><entry xmlns="http://www.elsevier.com/xml/common/dtd">0.89</entry><entry xmlns="http://www.elsevier.com/xml/common/dtd">0.34</entry><entry xmlns="http://www.elsevier.com/xml/common/dtd">2.90</entry></row><row valign="top"><entry xmlns="http://www.elsevier.com/xml/common/dtd">Pu–Ga to Pu–Pu 〈1<hsp sp="0.12"/>0<hsp sp="0.12"/>0〉 split-int.</entry><entry xmlns="http://www.elsevier.com/xml/common/dtd">0.37 (0.41)</entry><entry xmlns="http://www.elsevier.com/xml/common/dtd">0.28</entry><entry xmlns="http://www.elsevier.com/xml/common/dtd">0.02</entry><entry xmlns="http://www.elsevier.com/xml/common/dtd">2.34</entry></row><row valign="top"><entry xmlns="http://www.elsevier.com/xml/common/dtd">Pu–Pu to Pu–Pu 〈1<hsp sp="0.12"/>0<hsp sp="0.12"/>0〉 split-int.</entry><entry xmlns="http://www.elsevier.com/xml/common/dtd">0.81 (0.51)</entry><entry xmlns="http://www.elsevier.com/xml/common/dtd">0.64</entry><entry xmlns="http://www.elsevier.com/xml/common/dtd">0.16</entry><entry xmlns="http://www.elsevier.com/xml/common/dtd">2.73</entry></row></tbody></tgroup><ce:table-footnote id="tblfn1"><ce:label>∗</ce:label><ce:note-para>0<ce:hsp sp="0.25"/>eV energy barrier represents the simulations when the defect pair relaxed into a perfect lattice configuration before the NEB method was carried out.</ce:note-para></ce:table-footnote></ce:table></ce:floats><head><ce:title>Point defect formation and migration in Ga stabilised <ce:italic>δ</ce:italic>-Pu</ce:title><ce:author-group><ce:author><ce:given-name>M.</ce:given-name><ce:surname>Robinson</ce:surname><ce:cross-ref refid="aff1"><ce:sup loc="post">a</ce:sup></ce:cross-ref><ce:cross-ref refid="cor1"><ce:sup loc="post">⁎</ce:sup></ce:cross-ref><ce:e-address type="email">Marc.Robinson@curtin.edu.au</ce:e-address></ce:author><ce:author><ce:given-name>S.D.</ce:given-name><ce:surname>Kenny</ce:surname><ce:cross-ref refid="aff1"><ce:sup loc="post">a</ce:sup></ce:cross-ref></ce:author><ce:author><ce:given-name>R.</ce:given-name><ce:surname>Smith</ce:surname><ce:cross-ref refid="aff1"><ce:sup loc="post">a</ce:sup></ce:cross-ref></ce:author><ce:author><ce:given-name>M.T.</ce:given-name><ce:surname>Storr</ce:surname><ce:cross-ref refid="aff2"><ce:sup loc="post">b</ce:sup></ce:cross-ref></ce:author><ce:affiliation id="aff1"><ce:label>a</ce:label><ce:textfn>Department of Mathematical Sciences, Loughborough University, Loughborough LE11 3TU, UK</ce:textfn></ce:affiliation><ce:affiliation id="aff2"><ce:label>b</ce:label><ce:textfn>Atomic Weapons Establishment, Aldermaston, Reading RG7 4PR, UK</ce:textfn></ce:affiliation><ce:correspondence id="cor1"><ce:label>⁎</ce:label><ce:text>Corresponding author. Address: Curtin University, GPO Box U1987, Perth, Western Australia. Tel.: +61 8 9266 3780.</ce:text></ce:correspondence></ce:author-group><ce:date-received day="26" month="9" year="2011"/><ce:date-accepted day="11" month="11" year="2011"/><ce:abstract class="graphical" xml:lang="en"><ce:abstract-sec><ce:section-title>Highlights</ce:section-title><ce:simple-para id="sp005" view="all">► The effect of Ga on point defect formation and migration in Ga-stabilised Pu. ► Using computer simulation, formation energies and diffusion mechanisms are studied. ► Defect formation that breaks local Pu–Ga ordering is unfavourable. ► Migration pathways of point defects are bound to Pu-rich regions.</ce:simple-para></ce:abstract-sec></ce:abstract><ce:abstract class="author" xml:lang="en"><ce:section-title>Abstract</ce:section-title><ce:abstract-sec><ce:simple-para id="sp010" view="all">The energetics of point defects in Ga stabilised <ce:italic>δ</ce:italic>-Pu are investigated through calculations of formation energies, migration pathways and through on-the-fly kinetic Monte Carlo (OTF-KMC) calculations. Using the Modified Embedded Atom Method as the interatomic potential, defect formation energies are found to depend greatly on both the specie of the defect and the surrounding local environment. Ga vacancies are found to have considerably larger formation energies than Pu vacancies, due to the change in the nearest neighbour Pu–Ga ordering. Point vacancy and point interstitial migration involving Ga atoms or Pu atoms in regions close to substitutional Ga, results in much higher energy barriers than for migration in pure Pu. OTF-KMC calculations show that this leads to defect migration pathways confined to areas of high Pu concentration, with the degree of confinement dependent on the location and ordering of the substitutional Ga. Vacancy migration takes place only through displacing Pu atoms and split Ga interstitials become almost instantaneously substitutional, displacing a Pu atom. The results indicate that the presence of Ga within the Pu matrix has a significant effect on the recovery of point defects.</ce:simple-para></ce:abstract-sec></ce:abstract></head><body view="all"><ce:sections><ce:section id="s0005" view="all"><ce:label>1</ce:label><ce:section-title>Introduction</ce:section-title><ce:para id="p0005" view="all">Understanding the energetics of point defects is a common goal of work in nuclear materials. This gives a clear indication of the radiation response and aging mechanisms that can lead to macroscopic changes in structural properties. During the storage of radioactive fuel, continual internal aging occurs, creating defects deep within the crystal structure. In the case of plutonium and its alloys, these defects are predominantly created and dispersed through the lattice by recoiled atoms from ongoing alpha decay events.</ce:para><ce:para id="p0010" view="all">Due to the instability of <ce:italic>δ</ce:italic>-plutonium (fcc) at room temperature, it is usually alloyed with a phase stabilising element such as gallium. A small percentage of substitutional Ga stabilises the <ce:italic>δ</ce:italic> phase at ambient temperatures <ce:cross-refs refid="b0005 b0010 b0015">[1–3]</ce:cross-refs>. In the fcc phase, the alloy becomes more manageable relative to the more complex phases of Pu.</ce:para><ce:para id="p0015" view="all">Obtaining an in-depth understanding of the properties of point defects is difficult through experimentation due to the length and time scales involved. The level of difficulty is increased further when experiments involve plutonium, due to its radioactive nature. As a result, computer simulation has become a widely used tool to investigate the atomistic processes related to radiation effects.</ce:para><ce:para id="p0020" view="all">Although the introduction of Ga into the pure Pu system has desirable physical effects, the complexity of modelling the material is greatly increased, due to the addition of the extra specie. There have, however, been numerous reported successes using the Modified Embedded Atom Method (MEAM) to study both the pure Pu and PuGa systems <ce:cross-refs refid="b0020 b0025 b0030 b0035 b0040 b0045 b0050">[4–10]</ce:cross-refs>. The precursors to this work employed the MEAM to investigate the ballistic phase of radiation events in both Pu and PuGa <ce:cross-refs refid="b0055 b0060">[11,12]</ce:cross-refs>. Although these works found no quantitative difference in the number of residual defects between pure Pu and PuGa systems after a collision cascade, there were several indications that the behaviour of Ga defects differed from those of Pu. A significant finding was that all isolated defects would be of type Pu, suggesting the formation of stable Ga point defects is unlikely.</ce:para><ce:para id="p0025" view="all">In addition to the ballistic phase, previous work into pure Pu examined the formation energies of defects <ce:cross-refs refid="b0030 b0050 b0055 b0060">[6,10–12]</ce:cross-refs>. The mono-vacancy formation energies were found to be around 0.5<ce:hsp sp="0.25"/>eV with interstitials having a marginally higher formation energy between 0.5 and 1.5<ce:hsp sp="0.25"/>eV dependent on their configuration. There has also been several studies into defect migration in pure Pu <ce:cross-refs refid="b0050 b0065 b0070">[10,13,14]</ce:cross-refs>. The lowest vacancy migration barrier was found to be around 1<ce:hsp sp="0.25"/>eV with interstitial barriers considerably lower at around 0.1<ce:hsp sp="0.25"/>eV. This suggested that the long time scale annealing process would be dominated by interstitial migration, with vacancies remaining comparatively immobile.</ce:para><ce:para id="p0030" view="all">The work described here examines the defect properties and their longer time scale behaviour in the presence of Ga, by determining the effect of Ga on point defect formation and migration. As Ga is distributed in an irregular way in the Pu crystal, the formation energies and migration barriers depend critically on the local environment and a large number of different possibilities are considered for both formation energies and migration barriers to obtain a good statistical distribution. However, a kinetic Monte Carlo (KMC) algorithm based on look up tables of the migration pathways may well not contain all transitions. As a result a novel on-the-fly KMC (OTF-KMC) method is implemented where pathways and migration barriers are calculated from scratch at each system state.</ce:para></ce:section><ce:section id="s0010" view="all"><ce:label>2</ce:label><ce:section-title>Methodology</ce:section-title><ce:para id="p0035" view="all">All calculations employ the Modified Embedded Atom Method (MEAM) <ce:cross-refs refid="b0020 b0075">[4,15]</ce:cross-refs> with parameters taken from the work of Baskes <ce:cross-ref refid="b0025">[5]</ce:cross-ref>. The form of the MEAM potential is given by:<ce:display><ce:formula id="e0005"><ce:label>(1)</ce:label><mml:math altimg="si1.gif" overflow="scroll"><mml:msub><mml:mrow><mml:mi>E</mml:mi></mml:mrow><mml:mrow><mml:mi>i</mml:mi></mml:mrow></mml:msub><mml:mo>=</mml:mo><mml:msub><mml:mrow><mml:mi>F</mml:mi></mml:mrow><mml:mrow><mml:mi>i</mml:mi></mml:mrow></mml:msub><mml:mo stretchy="false">(</mml:mo><mml:mi>ρ</mml:mi><mml:mo stretchy="false">)</mml:mo><mml:mo>+</mml:mo><mml:mfrac><mml:mrow><mml:mn>1</mml:mn></mml:mrow><mml:mrow><mml:mn>2</mml:mn></mml:mrow></mml:mfrac><mml:munder><mml:mrow><mml:mo>∑</mml:mo></mml:mrow><mml:mrow><mml:mi>j</mml:mi></mml:mrow></mml:munder><mml:mi>ϕ</mml:mi><mml:mo stretchy="false">(</mml:mo><mml:msub><mml:mrow><mml:mi>R</mml:mi></mml:mrow><mml:mrow><mml:mi mathvariant="italic">ij</mml:mi></mml:mrow></mml:msub><mml:mo stretchy="false">)</mml:mo></mml:math></ce:formula></ce:display>where <ce:italic>F</ce:italic><ce:inf loc="post"><ce:italic>i</ce:italic></ce:inf>(<ce:italic>ρ</ce:italic>) represents the embedding energy of atom <ce:italic>i</ce:italic>, which is deduced from the specific geometry of the local environment and <ce:italic>ϕ</ce:italic> is a pair potential chosen so as to give the correct equation of state.</ce:para><ce:para id="p0040" view="all">To gather good statistics, a large number of PuGa configurations were considered. Each lattice contains 5<ce:hsp sp="0.25"/>at.% Ga, a typical concentration falling in the middle of the <ce:italic>δ</ce:italic>-phase stability range. Each lattice is created to ensure no first nearest neighbour (1NN) Ga–Ga bonds, as found experimentally by Faure et al. <ce:cross-ref refid="b0080">[16]</ce:cross-ref> and supported by simulation <ce:cross-refs refid="b0040 b0060">[8,12]</ce:cross-refs>.</ce:para><ce:para id="p0045" view="all">Defect formation energies are calculated using the relationship:<ce:display><ce:formula id="e0010"><ce:label>(2)</ce:label><mml:math altimg="si2.gif" overflow="scroll"><mml:msub><mml:mrow><mml:mi>E</mml:mi></mml:mrow><mml:mrow><mml:mtext>f</mml:mtext></mml:mrow></mml:msub><mml:mo>=</mml:mo><mml:msubsup><mml:mrow><mml:mi>E</mml:mi></mml:mrow><mml:mrow><mml:mtext>def</mml:mtext></mml:mrow><mml:mrow><mml:mi>T</mml:mi></mml:mrow></mml:msubsup><mml:mo>-</mml:mo><mml:msub><mml:mrow><mml:mi>N</mml:mi></mml:mrow><mml:mrow><mml:mtext>Pu</mml:mtext></mml:mrow></mml:msub><mml:msubsup><mml:mrow><mml:mi>E</mml:mi></mml:mrow><mml:mrow><mml:mtext>Pu</mml:mtext></mml:mrow><mml:mrow><mml:mtext>bulk</mml:mtext></mml:mrow></mml:msubsup><mml:mo>-</mml:mo><mml:msub><mml:mrow><mml:mi>N</mml:mi></mml:mrow><mml:mrow><mml:mtext>Ga</mml:mtext></mml:mrow></mml:msub><mml:msubsup><mml:mrow><mml:mi>E</mml:mi></mml:mrow><mml:mrow><mml:mtext>Ga</mml:mtext></mml:mrow><mml:mrow><mml:mtext>bulk</mml:mtext></mml:mrow></mml:msubsup></mml:math></ce:formula></ce:display>where <mml:math altimg="si3.gif" overflow="scroll"><mml:mrow><mml:msubsup><mml:mrow><mml:mi>E</mml:mi></mml:mrow><mml:mrow><mml:mtext>def</mml:mtext></mml:mrow><mml:mrow><mml:mi>T</mml:mi></mml:mrow></mml:msubsup></mml:mrow></mml:math> is the total energy of the lattice containing the defect, <ce:italic>N</ce:italic> is the number of atoms of type Pu or Ga in the defective lattice and <ce:italic>E</ce:italic><ce:sup loc="post">bulk</ce:sup> is the bulk energy per atom for each specie. The energy of the defective lattice, <mml:math altimg="si4.gif" overflow="scroll"><mml:mrow><mml:msubsup><mml:mrow><mml:mi>E</mml:mi></mml:mrow><mml:mrow><mml:mtext>def</mml:mtext></mml:mrow><mml:mrow><mml:mi>T</mml:mi></mml:mrow></mml:msubsup></mml:mrow></mml:math>, is minimised using the conjugate gradient method. The values for bulk energy per atom are calculated as an average from 150 relaxed PuGa configurations.</ce:para><ce:para id="p0050" view="all">In a multi-specie system, there are numerous defect clusters to consider when calculating formation energies. In addition, the number of specie combinations within each cluster increases as the size of the cluster increases. For example, tri-vacancies may exist in eight permutations from a pure Pu defect to a pure Ga defect. However, there are restrictions on the permitted defect structures as each lattice is created with no 1NN Ga pairs. To ensure the Ga ordering is maintained, defects are created in the centre of each lattice without preference of the specie involved. Analysis is then carried out afterwards to examine the defects produced. Using this technique also gives an indication of the proportions of each possible type of defect. The formation energy calculations considered vacancy clusters containing up to three vacancies (mono-vacancies to tri-vacancies). For interstitials, octahedral, tetrahedral and various orientations of split-interstitial were studied. When creating split-interstitials, a lattice atom is offset with a new atom introduced to create the desired orientation. Due to the two-specie system, four possible combinations of each orientation are possible from the pure Pu–Pu and Ga–Ga defects to the Pu–Ga (introducing a Ga atom next to a Pu lattice atom) and Ga–Pu (introducing a Pu atom next to a Ga lattice atom).</ce:para><ce:para id="p0055" view="all">Transition energy barriers are calculated using the climbing image Nudged Elastic Band (NEB) method <ce:cross-refs refid="b0085 b0090">[17,18]</ce:cross-refs>, with initial and final states manually created to study specific defects of interest. As with the defect formation energy calculations it is is important to sample different PuGa configurations and therefore each transition was calculated using 100 PuGa lattice arrangements.</ce:para><ce:para id="p0060" view="all">To investigate defect migration OTF-KMC simulations were carried out using the methodology outlined by Vernon et al. <ce:cross-ref refid="b0095">[19]</ce:cross-ref>. OTF-KMC incorporates the Relaxation and Translation (RAT) method <ce:cross-ref refid="b0100">[20]</ce:cross-ref> to determine the transition states followed by the NEB method to accurately define the energy barrier. These simulations only require an initial defective lattice as each transition state is discovered during run time. Each step involves finding 40 unique transitions (symmetric but equivalent transitions are counted as unique) with the successful transition chosen using a Monte Carlo algorithm, where probabilities are dependent on the rate of each transition calculated from the Arrhenius equation:<ce:display><ce:formula id="e0015"><ce:label>(3)</ce:label><mml:math altimg="si5.gif" overflow="scroll"><mml:msub><mml:mrow><mml:mi>k</mml:mi></mml:mrow><mml:mrow><mml:mi>i</mml:mi></mml:mrow></mml:msub><mml:mo>=</mml:mo><mml:msub><mml:mrow><mml:mi>A</mml:mi></mml:mrow><mml:mrow><mml:mi>i</mml:mi></mml:mrow></mml:msub><mml:msup><mml:mrow><mml:mi>e</mml:mi></mml:mrow><mml:mrow><mml:mfrac><mml:mrow><mml:mo>-</mml:mo><mml:msubsup><mml:mrow><mml:mi>E</mml:mi></mml:mrow><mml:mrow><mml:mi>i</mml:mi></mml:mrow><mml:mrow><mml:mi>b</mml:mi></mml:mrow></mml:msubsup></mml:mrow><mml:mrow><mml:msub><mml:mrow><mml:mi>k</mml:mi></mml:mrow><mml:mrow><mml:mi>b</mml:mi></mml:mrow></mml:msub><mml:mi>T</mml:mi></mml:mrow></mml:mfrac></mml:mrow></mml:msup></mml:math></ce:formula></ce:display>where <ce:italic>k</ce:italic><ce:inf loc="post"><ce:italic>i</ce:italic></ce:inf>, <ce:italic>A</ce:italic><ce:inf loc="post"><ce:italic>i</ce:italic></ce:inf> and <mml:math altimg="si6.gif" overflow="scroll"><mml:mrow><mml:msubsup><mml:mrow><mml:mi>E</mml:mi></mml:mrow><mml:mrow><mml:mi>i</mml:mi></mml:mrow><mml:mrow><mml:mi>b</mml:mi></mml:mrow></mml:msubsup></mml:mrow></mml:math> are the rate, rate prefactor and the energy barrier for transition <ce:italic>i</ce:italic> respectively, <ce:italic>k</ce:italic><ce:inf loc="post"><ce:italic>b</ce:italic></ce:inf> is the Boltzmann constant and <ce:italic>T</ce:italic> is the temperature. Following the approach of Vernon et al. <ce:cross-ref refid="b0095">[19]</ce:cross-ref>, a fixed rate prefactor of 10<ce:sup loc="post">13</ce:sup><ce:hsp sp="0.25"/>s<ce:sup loc="post">−1</ce:sup> was employed with the simulation temperature at 300<ce:hsp sp="0.25"/>K. The time taken for the current transition is dependent on the sum of all rates calculated from the current state.</ce:para></ce:section><ce:section id="s0015" view="all"><ce:label>3</ce:label><ce:section-title>Results</ce:section-title><ce:section id="s0020" view="all"><ce:label>3.1</ce:label><ce:section-title>Defect formation energies</ce:section-title><ce:para id="p0065" view="all">Formation energies of pure Pu defects are listed in <ce:cross-ref refid="t0005">Table 1</ce:cross-ref><ce:float-anchor refid="t0005"/> along with values from the previous work into pure fcc Pu <ce:cross-ref refid="b0055">[11]</ce:cross-ref>. It is clear that the inclusion of Ga in the Pu matrix increases the formation energy of all the defects examined. Although this may suggest that Ga may improve the material’s tolerance to radiation damage, previous work simulating collision cascades in PuGa found no such improvement <ce:cross-ref refid="b0060">[12]</ce:cross-ref>. It is also clear that the deviation reported in <ce:cross-ref refid="t0005">Table 1</ce:cross-ref>, which represents the variance over each PuGa configuration, indicates that in some cases the formation energies were similar to that in pure Pu. In these cases it was found that the Pu defect was created in a Pu-rich region. Similarly it was found that the higher formation energies related to Ga-rich regions. This is simpler to understand when considering vacancies. In the case of a mono-vacancy, the lowest formation energy was found in a pure Pu region where the local environment is similar to that in a Pu lattice, where the Pu atoms can distort from the perfect fcc structure. The highest mono-vacancy formation energy related to removing a Pu atom local to multiple Ga atoms, breaking the first nearest neighbour Pu–Ga bonds which requires more energy. Although an overall increase in the formation energy of defects is observed in the PuGa system, trends found in pure Pu are mirrored. Tri-vacancies produce similar formation energies, with no distinct changes as vacancy separation is increased. The 〈1<ce:hsp sp="0.12"/>0<ce:hsp sp="0.12"/>0〉 split-interstitial remains the most favourable interstitial defect, followed by the octahedral. There exists a minor difference between the di-vacancy defects, where no relation between vacancy separation and formation energy was observed, contrasting the clear trend found in pure Pu.</ce:para><ce:para id="p0070" view="all">The formation energies of Ga and mixed Pu–Ga defects are shown in <ce:cross-ref refid="t0010">Table 2</ce:cross-ref><ce:float-anchor refid="t0010"/>. The column denoted Δ<ce:italic>N</ce:italic><ce:inf loc="post"><ce:italic>k</ce:italic></ce:inf> indicates the number of atoms of species <ce:italic>k</ce:italic> which are added or removed from each lattice to create the required defect.</ce:para><ce:para id="p0075" view="all">Results indicate a clear correlation between vacancy formation energies and the number of Ga vacancies within the cluster. Moving from a pure Pu vacancy cluster to a mixed cluster to a pure Ga cluster generates a noticeable increase in formation energy. For example, the value of <ce:italic>E</ce:italic><ce:inf loc="post"><ce:italic>f</ce:italic></ce:inf> for a pure Ga 2NN di-vacancy is 5.84<ce:hsp sp="0.25"/>±<ce:hsp sp="0.25"/>0.06<ce:hsp sp="0.25"/>eV, around five times higher than the equivalent pure Pu di-vacancy at 1.18<ce:hsp sp="0.25"/>±<ce:hsp sp="0.25"/>0.12<ce:hsp sp="0.25"/>eV, with the mixed cluster lying mid-way between these values. This suggests the probability of observing isolated Ga vacancies post a radiation event is small. It also supports the premise that substitutional Ga atoms are required to generate local stability within the Pu lattice. Vacancy results also indicated that no 1NN or 3NN Ga di-vacancies are possible if the lattices are initially configured with no 1NN Ga–Ga bonds. The histograms of <ce:italic>E</ce:italic><ce:inf loc="post"><ce:italic>f</ce:italic></ce:inf> values calculated for the 1NN and 2NN di-vacancies are shown in <ce:cross-ref refid="f0005">Fig. 1</ce:cross-ref><ce:float-anchor refid="f0005"/> and demonstrate the proportions of each specie.</ce:para><ce:para id="p0080" view="all">Interstitial values of <ce:italic>E</ce:italic><ce:inf loc="post"><ce:italic>f</ce:italic></ce:inf> are listed in <ce:cross-ref refid="t0010">Table 2</ce:cross-ref> show it is possible to produce very low values when introducing Ga to form Pu–Ga split-interstitials. In the extreme case for the 〈1<ce:hsp sp="0.12"/>0<ce:hsp sp="0.12"/>0〉 Pu–Ga split-interstitial, negative formation energies were found. Although this suggests the formation of this defect is more favourable than the non-defective fcc lattice, it is highly dependent on the local environment of the newly created defect. Inspection of the lattices that returned negative formation energies indicated that the lowest formation energies were a result of introducing the Ga atoms to Pu rich regions of the lattice. To produced a negative formation energy suggests that the lowering of the local Pu energies is more significant than the energy cost of straining the lattice by incorporating the new atom. The physical legitimacy of this result is unclear and may be an artefact of the Pu–Ga bond energy within the MEAM potential.</ce:para></ce:section><ce:section id="s0025" view="all"><ce:label>3.2</ce:label><ce:section-title>Transition energy barriers</ce:section-title><ce:para id="p0085" view="all">All transition energy barriers calculated for 100 different PuGa configurations are summarised in <ce:cross-ref refid="t0015">Table 3</ce:cross-ref><ce:float-anchor refid="t0015"/>. A clear trend is the large variance for each barrier, represented by the standard deviation and minimum and maximum barriers. To determine the cause of this, one of the highest energy mono-vacancy transitions was examined. The transition is shown in <ce:cross-ref refid="f0010">Fig. 2</ce:cross-ref><ce:float-anchor refid="f0010"/> and indicates a mono-vacancy moving into a site surrounded by four local Ga atoms. During the transition a Pu atom moves from a highly favourable site, breaking four Pu–Ga bonds to reside in a site with Pu 1NNs. This results in a large 2.4<ce:hsp sp="0.25"/>eV barrier with the final state higher in energy. Inspection of other high energy barriers resulted in similar transition mechanisms. This suggested that the low energy barriers could be a result of moving Pu atoms into Ga-rich regions, which after investigation was found to be the case.</ce:para><ce:para id="p0090" view="all">Interstitial transition barrier calculations considered both octahedral and 〈1<ce:hsp sp="0.12"/>0<ce:hsp sp="0.12"/>0〉 split-interstitial transitions as they resulted in the lowest defect formation energy. <ce:cross-ref refid="f0015">Fig. 3</ce:cross-ref><ce:float-anchor refid="f0015"/> shows the calculated barrier heights for the 〈1<ce:hsp sp="0.12"/>0<ce:hsp sp="0.12"/>0〉 transitions. Findings indicate that the creation of a 〈1<ce:hsp sp="0.12"/>0<ce:hsp sp="0.12"/>0〉 Pu–Ga split-interstitial from a 〈1<ce:hsp sp="0.12"/>0<ce:hsp sp="0.12"/>0〉 Pu–Pu defect generates a barrier three times larger than the reverse transition. It also clear that the Pu–Pu to Pu–Pu transition is more likely than the transition to create a Pu–Ga interstitial and significantly less favourable than the transition from Pu–Ga to Pu–Pu. The ordering observed in these barrier heights strongly suggests that presence of Pu–Ga split-interstitials post-radiation events will be transient before translation into a Pu–Pu defect with a Ga substitutional atom. After the Pu–Pu 〈1<ce:hsp sp="0.12"/>0<ce:hsp sp="0.12"/>0〉 is formed, it is highly unlikely that a Ga atom will return to create a Pu–Ga 〈1<ce:hsp sp="0.12"/>0<ce:hsp sp="0.12"/>0〉 split-interstitial.</ce:para><ce:para id="p0095" view="all">Continuing the trend found for the split-interstitials, octahedral interstitial defect transitions where a Ga defect is created from a Pu defect resulted in very high barriers, with the final state around 1<ce:hsp sp="0.25"/>eV higher in energy. What is significant about these transitions is that the reverse barrier was exceedingly small (∼0.1<ce:hsp sp="0.25"/>eV), suggesting the almost instantaneous transition of a Ga interstitial to a lattice site, creating a Pu interstitial.</ce:para><ce:para id="p0100" view="all">Interstitial barrier calculations suggest creation of a Ga-type interstitial defects are unlikely in comparison to pure Pu defects. This result is supported by a study of the ballistic phase of radiation events in PuGa <ce:cross-ref refid="b0060">[12]</ce:cross-ref> where minimal Ga residual defects were found.</ce:para><ce:para id="p0105" view="all">The relationship of high barriers being associated with the removal of Pu atoms from Ga rich environments was observed for all defect migration mechanisms. Conversely, the opposite is true. The transitions involving introducing a Ga atom into a Pu rich area or moving a Ga atom away from other Ga atoms, produced some of the lowest energy barriers. It should also be noted that in Pu rich regions, transitions involving Pu atoms produced similar barriers to that found in pure Pu studies <ce:cross-refs refid="b0050 b0065">[10,13]</ce:cross-refs>.</ce:para></ce:section><ce:section id="s0030" view="all"><ce:label>3.3</ce:label><ce:section-title>On-the-fly KMC</ce:section-title><ce:para id="p0110" view="all">To investigate diffusion mechanisms without recourse to an events table and because of the large number of potential configurations, on-the-fly KMC (OTF-KMC) simulations involving isolated mono-vacancies and split-interstitials were carried out.</ce:para><ce:para id="p0115" view="all"><ce:cross-ref refid="f0020">Fig. 4</ce:cross-ref><ce:float-anchor refid="f0020"/> shows the resultant pathway of a mono-vacancy defect initiated in the centre of a PuGa lattice. In this image atoms separated by lines represent the displaced atoms as the vacancy moves through the lattice. All these atoms are of type Pu supporting the suggestion from the transition barrier calculations that migration incorporating Ga atoms, or Pu atoms local to a Ga atom, is unlikely. This has consequences for the overall diffusion mechanism as the chains of atomic replacements that allow the vacancy to migrate become confined to Pu-rich regions. This idea can be shown more clearly by grouping the displaced atoms and the substitutional Ga atoms into regions and rendering them as volumes (transparent/red for the displaced atoms and opaque/blue for the Ga atoms) as shown in <ce:cross-ref refid="f0020">Fig. 4</ce:cross-ref>. By doing this it becomes obvious that as these volumes do not intersect, vacancy migration only takes place in areas of high Pu concentration. As a result migration of the vacancy is ‘dis-jointed’, remaining in well-defined regions before discovering a pathway to a new region.</ce:para><ce:para id="p0120" view="all">Examining the boundaries of the regions that confine the vacancy migration, it becomes clear that the Ga ordering plays a significant role in determining the extent of the confinement. As the initial lattices are configured with no 1NN Ga–Ga bonds due to their higher energy, each substitutional Ga resides in a site completely surrounded by 1NN Pu atoms. This creates units of single Ga atoms enclosed by Pu neighbours, which are found to border each region and are impenetrable by defect migration. This suggests that the pathways of vacancy migration are controlled by the amount and distribution of these units which in turn is directly dependent on the Ga concentration and ordering.</ce:para><ce:para id="p0125" view="all">Results from an interstitial OTF-KMC simulation can be found in <ce:cross-ref refid="f0025">Fig. 5</ce:cross-ref><ce:float-anchor refid="f0025"/>. As with the vacancy migration, the interstitial diffusion pathway is restricted to Pu-rich regions. This is due to the mechanism of interstitial migration comprising of atomic replacements and the replacement of a Ga atom on a lattice site by a Pu atom is unfavourable.</ce:para><ce:para id="p0130" view="all">The interstitial OTF-KMC simulation also highlights the differences in the time scales for migration between the two fundamental defects. Interstitial migration is found to occur rapidly in comparison to vacancy migration, suggesting the longer time scale dynamics of defect recombination will be driven by interstitial motion.</ce:para><ce:para id="p0135" view="all">Discovering that both the vacancy and interstitial defect migration pathways are confined to Ga-free regions suggests changes in recombination rates of isolated vacancy-interstitial pairs in comparison to pure Pu. The degree to which the rates are effected depends on the distribution of residual defects post a cascade event, in addition to the concentration and ordering of the Ga atoms. If vacancies and interstitials become greatly separated after the collision cascade, then pathways to recombination are likely to become restricted and recovery times will be extended. This is viable for cascades that created a vacancy rich core surrounded by dispersed interstitials, as found for the low energy cascades in Pu and PuGa <ce:cross-refs refid="b0055 b0060">[11,12]</ce:cross-refs>. This may also be the case for channelling events, where energetic atoms travel deep into the lattice through channels of low atomic density.</ce:para><ce:para id="p0140" view="all">Conversely, if vacancy and interstitials are created within close proximity to each other, then the associated migration pathways will become concentrated within the local Pu-rich region, increasing the likelihood of recombination. This may be true for the point defects observed for the higher energy cascades in PuGa where an amorphous core region is created with few isolated defects.</ce:para><ce:para id="p0145" view="all">A possible method of determining if recovery is impeded or accelerated would be to study the connectivity of the pure Pu channels. If there is a high degree of cross over then there is a good chance migration pathways will overlap, or more specifically, a higher possibility that rapid interstitial migration will come in contact with vacancies. Clearly, if there is no connectivity between channels or there are isolated Pu pockets bounded by Ga atoms, any defects within these regions will remain trapped.</ce:para></ce:section></ce:section><ce:section id="s0035" view="all"><ce:label>4</ce:label><ce:section-title>Conclusions</ce:section-title><ce:para id="p0150" view="all">The effect of substitutional Ga on defect formation and migration in Pu has been examined using the Modified Embedded Atom Method (MEAM) to model the interatomic interactions. Defect formation energies, transition energy barriers and diffusion mechanisms are studied and compared with previous work in pure <ce:italic>δ</ce:italic>-Pu.</ce:para><ce:para id="p0155" view="all">Defect formation energies and migration energy barriers vary greatly and directly depend on the local Ga environment. Regions close to substitutional Ga are associated with a lower potential energy which results in an increase in defect formation energy and increases the transition energy barriers making migration through these areas unlikely. As a result, the diffusion of point defects is impeded. OTF-KMC calculations confirm that point defect migration is confined to regions of high Pu concentration and that the rate of migration is less than in pure Pu, however, the number of steps possible with the OTF-KMC method were insufficient to determine accurate diffusion coefficients.</ce:para><ce:para id="p0160" view="all">Results show a strong correlation with findings from more general systems containing impurities, where defect formation and migration is greatly effected by the impurities, see for example <ce:cross-refs refid="b0105 b0110">[21,22]</ce:cross-refs>. This will be an issue therefore with the build up of inert gases in Pu produced from nuclear reactions. The diffusion and accumulation of He in Ga stabilised Pu will be the subject of a further study.</ce:para></ce:section></ce:sections><ce:acknowledgment><ce:section-title>Acknowledgements</ce:section-title><ce:para id="p0165" view="all">The authors would like to acknowledge EPSRC and the AWE for funding. Thanks is given to Louis Vernon for assistance with on-the-fly KMC simulations.</ce:para></ce:acknowledgment></body><tail view="all"><ce:bibliography id="bi005" view="all"><ce:section-title>References</ce:section-title><ce:bibliography-sec id="bs005"><ce:bib-reference id="b0005"><ce:label>[1]</ce:label><sb:reference><sb:contribution langtype="en"><sb:authors><sb:author><ce:given-name>F.H.</ce:given-name><ce:surname>Ellinger</ce:surname></sb:author><sb:author><ce:given-name>C.C.</ce:given-name><ce:surname>Land</ce:surname></sb:author><sb:author><ce:given-name>V.O.</ce:given-name><ce:surname>Struebing</ce:surname></sb:author></sb:authors></sb:contribution><sb:host><sb:issue><sb:series><sb:title><sb:maintitle>Journal of Nuclear Materials</sb:maintitle></sb:title><sb:volume-nr>2</sb:volume-nr></sb:series><sb:date>1964</sb:date></sb:issue><sb:pages><sb:first-page>226</sb:first-page></sb:pages></sb:host></sb:reference></ce:bib-reference><ce:bib-reference id="b0010"><ce:label>[2]</ce:label><sb:reference><sb:contribution langtype="en"><sb:authors><sb:author><ce:given-name>D.E.</ce:given-name><ce:surname>Peterson</ce:surname></sb:author><sb:author><ce:given-name>M.E.</ce:given-name><ce:surname>Kassner</ce:surname></sb:author></sb:authors></sb:contribution><sb:host><sb:issue><sb:series><sb:title><sb:maintitle>Bulletin of Alloy Phase Diagrams</sb:maintitle></sb:title><sb:volume-nr>9</sb:volume-nr></sb:series><sb:date>1988</sb:date></sb:issue></sb:host></sb:reference></ce:bib-reference><ce:bib-reference id="b0015"><ce:label>[3]</ce:label><sb:reference><sb:contribution langtype="en"><sb:authors><sb:author><ce:given-name>S.S.</ce:given-name><ce:surname>Hecker</ce:surname></sb:author></sb:authors></sb:contribution><sb:host><sb:issue><sb:series><sb:title><sb:maintitle>Los Alamos Science</sb:maintitle></sb:title></sb:series><sb:date>2000</sb:date></sb:issue><sb:pages><sb:first-page>290</sb:first-page><sb:last-page>335</sb:last-page></sb:pages></sb:host></sb:reference></ce:bib-reference><ce:bib-reference id="b0020"><ce:label>[4]</ce:label><sb:reference><sb:contribution langtype="en"><sb:authors><sb:author><ce:given-name>M.I.</ce:given-name><ce:surname>Baskes</ce:surname></sb:author></sb:authors></sb:contribution><sb:host><sb:issue><sb:series><sb:title><sb:maintitle>Physical Review B</sb:maintitle></sb:title><sb:volume-nr>62</sb:volume-nr></sb:series><sb:date>2000</sb:date></sb:issue><sb:pages><sb:first-page>15532</sb:first-page></sb:pages></sb:host></sb:reference></ce:bib-reference><ce:bib-reference id="b0025"><ce:label>[5]</ce:label><sb:reference><sb:contribution langtype="en"><sb:authors><sb:author><ce:given-name>M.I.</ce:given-name><ce:surname>Baskes</ce:surname></sb:author><sb:author><ce:given-name>K.</ce:given-name><ce:surname>Muralidharan</ce:surname></sb:author><sb:author><ce:given-name>M.</ce:given-name><ce:surname>Stan</ce:surname></sb:author><sb:author><ce:given-name>S.M.</ce:given-name><ce:surname>Valone</ce:surname></sb:author><sb:author><ce:given-name>F.J.</ce:given-name><ce:surname>Cherne</ce:surname></sb:author></sb:authors><sb:title><sb:maintitle>Journal of the Minerals</sb:maintitle></sb:title></sb:contribution><sb:host><sb:issue><sb:series><sb:title><sb:maintitle>Metals and Materials Society</sb:maintitle></sb:title><sb:volume-nr>55</sb:volume-nr></sb:series><sb:date>2003</sb:date></sb:issue><sb:pages><sb:first-page>41</sb:first-page></sb:pages></sb:host></sb:reference></ce:bib-reference><ce:bib-reference id="b0030"><ce:label>[6]</ce:label><sb:reference><sb:contribution langtype="en"><sb:authors><sb:author><ce:given-name>S.M.</ce:given-name><ce:surname>Valone</ce:surname></sb:author></sb:authors></sb:contribution><sb:host><sb:issue><sb:series><sb:title><sb:maintitle>Journal of Nuclear Materials</sb:maintitle></sb:title><sb:volume-nr>324</sb:volume-nr></sb:series><sb:date>2004</sb:date></sb:issue><sb:pages><sb:first-page>41</sb:first-page></sb:pages></sb:host></sb:reference></ce:bib-reference><ce:bib-reference id="b0035"><ce:label>[7]</ce:label><sb:reference><sb:contribution langtype="en"><sb:authors><sb:author><ce:given-name>A.</ce:given-name><ce:surname>Kubota</ce:surname></sb:author><sb:author><ce:given-name>W.G.</ce:given-name><ce:surname>Wolfer</ce:surname></sb:author><sb:author><ce:given-name>S.M.</ce:given-name><ce:surname>Valone</ce:surname></sb:author><sb:author><ce:given-name>M.I.</ce:given-name><ce:surname>Baskes</ce:surname></sb:author></sb:authors></sb:contribution><sb:host><sb:issue><sb:series><sb:title><sb:maintitle>Journal of Computer-Aided Materials Design</sb:maintitle></sb:title><sb:volume-nr>14</sb:volume-nr></sb:series><sb:date>2007</sb:date></sb:issue><sb:pages><sb:first-page>367</sb:first-page></sb:pages></sb:host></sb:reference></ce:bib-reference><ce:bib-reference id="b0040"><ce:label>[8]</ce:label><sb:reference><sb:contribution langtype="en"><sb:authors><sb:author><ce:given-name>M.I.</ce:given-name><ce:surname>Baskes</ce:surname></sb:author><sb:author><ce:given-name>S.Y.</ce:given-name><ce:surname>Hu</ce:surname></sb:author><sb:author><ce:given-name>S.M.</ce:given-name><ce:surname>Valone</ce:surname></sb:author><sb:author><ce:given-name>G.F.</ce:given-name><ce:surname>Wang</ce:surname></sb:author><sb:author><ce:given-name>A.C.</ce:given-name><ce:surname>Lawson</ce:surname></sb:author></sb:authors></sb:contribution><sb:host><sb:issue><sb:series><sb:title><sb:maintitle>Journal of Computer-Aided Materials Design</sb:maintitle></sb:title><sb:volume-nr>14</sb:volume-nr></sb:series><sb:date>2007</sb:date></sb:issue><sb:pages><sb:first-page>379</sb:first-page></sb:pages></sb:host></sb:reference></ce:bib-reference><ce:bib-reference id="b0045"><ce:label>[9]</ce:label><sb:reference><sb:contribution langtype="en"><sb:authors><sb:author><ce:given-name>L.</ce:given-name><ce:surname>Berlu</ce:surname></sb:author><sb:author><ce:given-name>G.</ce:given-name><ce:surname>Jomard</ce:surname></sb:author><sb:author><ce:given-name>G.</ce:given-name><ce:surname>Rosa</ce:surname></sb:author><sb:author><ce:given-name>P.</ce:given-name><ce:surname>Faure</ce:surname></sb:author></sb:authors></sb:contribution><sb:host><sb:issue><sb:series><sb:title><sb:maintitle>Journal of Nuclear Materials</sb:maintitle></sb:title><sb:volume-nr>374</sb:volume-nr></sb:series><sb:date>2008</sb:date></sb:issue><sb:pages><sb:first-page>344</sb:first-page></sb:pages></sb:host></sb:reference></ce:bib-reference><ce:bib-reference id="b0050"><ce:label>[10]</ce:label><sb:reference><sb:contribution langtype="en"><sb:authors><sb:author><ce:given-name>L.</ce:given-name><ce:surname>Berlu</ce:surname></sb:author><sb:author><ce:given-name>G.</ce:given-name><ce:surname>Jomard</ce:surname></sb:author><sb:author><ce:given-name>G.</ce:given-name><ce:surname>Rosa</ce:surname></sb:author><sb:author><ce:given-name>P.</ce:given-name><ce:surname>Faure</ce:surname></sb:author></sb:authors></sb:contribution><sb:host><sb:issue><sb:series><sb:title><sb:maintitle>Journal of Nuclear Materials</sb:maintitle></sb:title><sb:volume-nr>372</sb:volume-nr></sb:series><sb:date>2008</sb:date></sb:issue><sb:pages><sb:first-page>171</sb:first-page></sb:pages></sb:host></sb:reference></ce:bib-reference><ce:bib-reference id="b0055"><ce:label>[11]</ce:label><sb:reference><sb:contribution langtype="en"><sb:authors><sb:author><ce:given-name>M.</ce:given-name><ce:surname>Robinson</ce:surname></sb:author><sb:author><ce:given-name>S.D.</ce:given-name><ce:surname>Kenny</ce:surname></sb:author><sb:author><ce:given-name>R.</ce:given-name><ce:surname>Smith</ce:surname></sb:author><sb:author><ce:given-name>M.T.</ce:given-name><ce:surname>Storr</ce:surname></sb:author><sb:author><ce:given-name>E.</ce:given-name><ce:surname>McGee</ce:surname></sb:author></sb:authors></sb:contribution><sb:host><sb:issue><sb:series><sb:title><sb:maintitle>Nuclear Instruments and Methods in Physics Research Section B: Beam Interactions with Materials and Atoms</sb:maintitle></sb:title><sb:volume-nr>267</sb:volume-nr></sb:series><sb:date>2009</sb:date></sb:issue><sb:pages><sb:first-page>2967</sb:first-page></sb:pages></sb:host></sb:reference></ce:bib-reference><ce:bib-reference id="b0060"><ce:label>[12]</ce:label><sb:reference><sb:contribution langtype="en"><sb:authors><sb:author><ce:given-name>M.</ce:given-name><ce:surname>Robinson</ce:surname></sb:author><sb:author><ce:given-name>S.</ce:given-name><ce:surname>Kenny</ce:surname></sb:author><sb:author><ce:given-name>R.</ce:given-name><ce:surname>Smith</ce:surname></sb:author><sb:author><ce:given-name>M.</ce:given-name><ce:surname>Storr</ce:surname></sb:author></sb:authors></sb:contribution><sb:host><sb:issue><sb:series><sb:title><sb:maintitle>Nuclear Instruments and Methods in Physics Research Section B: Beam Interactions with Materials and Atoms</sb:maintitle></sb:title><sb:volume-nr>269</sb:volume-nr></sb:series><sb:date>2011</sb:date></sb:issue><sb:pages><sb:first-page>2539</sb:first-page></sb:pages></sb:host></sb:reference></ce:bib-reference><ce:bib-reference id="b0065"><ce:label>[13]</ce:label><sb:reference><sb:contribution langtype="en"><sb:authors><sb:author><ce:given-name>B.P.</ce:given-name><ce:surname>Uberuaga</ce:surname></sb:author><sb:author><ce:given-name>S.M.</ce:given-name><ce:surname>Valone</ce:surname></sb:author><sb:author><ce:given-name>M.I.</ce:given-name><ce:surname>Baskes</ce:surname></sb:author></sb:authors></sb:contribution><sb:host><sb:issue><sb:series><sb:title><sb:maintitle>Journal of Alloys and Compounds</sb:maintitle></sb:title><sb:volume-nr>444-445</sb:volume-nr></sb:series><sb:date>2007</sb:date></sb:issue><sb:pages><sb:first-page>314</sb:first-page></sb:pages></sb:host></sb:reference></ce:bib-reference><ce:bib-reference id="b0070"><ce:label>[14]</ce:label><sb:reference><sb:contribution langtype="en"><sb:authors><sb:author><ce:given-name>B.P.</ce:given-name><ce:surname>Uberuaga</ce:surname></sb:author><sb:author><ce:given-name>S.M.</ce:given-name><ce:surname>Valone</ce:surname></sb:author></sb:authors></sb:contribution><sb:host><sb:issue><sb:series><sb:title><sb:maintitle>Journal of Nuclear Materials</sb:maintitle></sb:title><sb:volume-nr>375</sb:volume-nr></sb:series><sb:date>2008</sb:date></sb:issue><sb:pages><sb:first-page>144</sb:first-page></sb:pages></sb:host></sb:reference></ce:bib-reference><ce:bib-reference id="b0075"><ce:label>[15]</ce:label><sb:reference><sb:contribution langtype="en"><sb:authors><sb:author><ce:given-name>M.I.</ce:given-name><ce:surname>Baskes</ce:surname></sb:author><sb:author><ce:given-name>J.S.</ce:given-name><ce:surname>Nelson</ce:surname></sb:author><sb:author><ce:given-name>A.F.</ce:given-name><ce:surname>Wright</ce:surname></sb:author></sb:authors></sb:contribution><sb:host><sb:issue><sb:series><sb:title><sb:maintitle>Physical Review B</sb:maintitle></sb:title><sb:volume-nr>40</sb:volume-nr></sb:series><sb:date>1989</sb:date></sb:issue><sb:pages><sb:first-page>6085</sb:first-page></sb:pages></sb:host></sb:reference></ce:bib-reference><ce:bib-reference id="b0080"><ce:label>[16]</ce:label><sb:reference><sb:contribution langtype="en"><sb:authors><sb:author><ce:given-name>P.</ce:given-name><ce:surname>Faure</ce:surname></sb:author><sb:author><ce:given-name>B.</ce:given-name><ce:surname>Deslandes</ce:surname></sb:author><sb:author><ce:given-name>D.</ce:given-name><ce:surname>Bazin</ce:surname></sb:author><sb:author><ce:given-name>C.</ce:given-name><ce:surname>Tailland</ce:surname></sb:author><sb:author><ce:given-name>R.</ce:given-name><ce:surname>Doukan</ce:surname></sb:author><sb:author><ce:given-name>J.M.</ce:given-name><ce:surname>Fournier</ce:surname></sb:author></sb:authors></sb:contribution><sb:host><sb:issue><sb:series><sb:title><sb:maintitle>Journal of Alloys</sb:maintitle></sb:title><sb:volume-nr>244</sb:volume-nr></sb:series><sb:date>1996</sb:date></sb:issue><sb:pages><sb:first-page>131</sb:first-page></sb:pages></sb:host></sb:reference></ce:bib-reference><ce:bib-reference id="b0085"><ce:label>[17]</ce:label><sb:reference><sb:contribution langtype="en"><sb:authors><sb:author><ce:given-name>G.</ce:given-name><ce:surname>Henkelman</ce:surname></sb:author><sb:author><ce:given-name>H.</ce:given-name><ce:surname>Jonsson</ce:surname></sb:author></sb:authors></sb:contribution><sb:host><sb:issue><sb:series><sb:title><sb:maintitle>The Journal of Chemical Physics</sb:maintitle></sb:title><sb:volume-nr>113</sb:volume-nr></sb:series><sb:date>2000</sb:date></sb:issue><sb:pages><sb:first-page>9978</sb:first-page></sb:pages></sb:host></sb:reference></ce:bib-reference><ce:bib-reference id="b0090"><ce:label>[18]</ce:label><sb:reference><sb:contribution langtype="en"><sb:authors><sb:author><ce:given-name>G.</ce:given-name><ce:surname>Henkelman</ce:surname></sb:author><sb:author><ce:given-name>B.P.</ce:given-name><ce:surname>Uberuaga</ce:surname></sb:author><sb:author><ce:given-name>H.</ce:given-name><ce:surname>Jonsson</ce:surname></sb:author></sb:authors></sb:contribution><sb:host><sb:issue><sb:series><sb:title><sb:maintitle>The Journal of Chemical Physics</sb:maintitle></sb:title><sb:volume-nr>113</sb:volume-nr></sb:series><sb:date>2000</sb:date></sb:issue><sb:pages><sb:first-page>9901</sb:first-page></sb:pages></sb:host></sb:reference></ce:bib-reference><ce:bib-reference id="b0095"><ce:label>[19]</ce:label><sb:reference><sb:contribution langtype="en"><sb:authors><sb:author><ce:given-name>L.J.</ce:given-name><ce:surname>Vernon</ce:surname></sb:author><sb:author><ce:given-name>S.D.</ce:given-name><ce:surname>Kenny</ce:surname></sb:author><sb:author><ce:given-name>R.</ce:given-name><ce:surname>Smith</ce:surname></sb:author><sb:author><ce:given-name>E.J.</ce:given-name><ce:surname>Sanville</ce:surname></sb:author></sb:authors></sb:contribution><sb:host><sb:issue><sb:series><sb:title><sb:maintitle>Physical Review B</sb:maintitle></sb:title><sb:volume-nr>83</sb:volume-nr></sb:series><sb:date>2011</sb:date></sb:issue><sb:pages><sb:first-page>1</sb:first-page></sb:pages></sb:host></sb:reference></ce:bib-reference><ce:bib-reference id="b0100"><ce:label>[20]</ce:label><ce:other-ref><ce:textref>L.J. Vernon, Ph.d., Loughborough University (2010).</ce:textref></ce:other-ref></ce:bib-reference><ce:bib-reference id="b0105"><ce:label>[21]</ce:label><sb:reference><sb:contribution langtype="en"><sb:authors><sb:author><ce:given-name>S.B.</ce:given-name><ce:surname>McRickard</ce:surname></sb:author><sb:author><ce:given-name>J.G.Y.</ce:given-name><ce:surname>Chow</ce:surname></sb:author></sb:authors></sb:contribution><sb:host><sb:issue><sb:series><sb:title><sb:maintitle>Acta Metallurgica</sb:maintitle></sb:title><sb:volume-nr>14</sb:volume-nr></sb:series><sb:date>1966</sb:date></sb:issue><sb:pages><sb:first-page>1195</sb:first-page></sb:pages></sb:host></sb:reference></ce:bib-reference><ce:bib-reference id="b0110"><ce:label>[22]</ce:label><sb:reference><sb:contribution langtype="en"><sb:authors><sb:author><ce:given-name>H.</ce:given-name><ce:surname>Hurchand</ce:surname></sb:author><sb:author><ce:given-name>S.D.</ce:given-name><ce:surname>Kenny</ce:surname></sb:author><sb:author><ce:given-name>R.</ce:given-name><ce:surname>Smith</ce:surname></sb:author></sb:authors></sb:contribution><sb:host><sb:issue><sb:series><sb:title><sb:maintitle>Nuclear Instruments and Methods in Physics Research Section B: Beam Interactions with Materials and Atoms</sb:maintitle></sb:title><sb:volume-nr>228</sb:volume-nr></sb:series><sb:date>2005</sb:date></sb:issue><sb:pages><sb:first-page>146</sb:first-page></sb:pages></sb:host></sb:reference></ce:bib-reference></ce:bibliography-sec></ce:bibliography></tail></article></xocs:serial-item></xocs:doc>