<?xml version="1.0" encoding="UTF-8"?>
<xocs:doc xsi:schemaLocation="http://www.elsevier.com/xml/xocs/dtd http://schema.elsevier.com/dtds/document/fulltext/xcr/xocs-article.xsd" xmlns:xocs="http://www.elsevier.com/xml/xocs/dtd" xmlns:xs="http://www.w3.org/2001/XMLSchema" xmlns:xsi="http://www.w3.org/2001/XMLSchema-instance" xmlns="http://www.elsevier.com/xml/ja/dtd" xmlns:ja="http://www.elsevier.com/xml/ja/dtd" xmlns:mml="http://www.w3.org/1998/Math/MathML" xmlns:tb="http://www.elsevier.com/xml/common/table/dtd" xmlns:sb="http://www.elsevier.com/xml/common/struct-bib/dtd" xmlns:ce="http://www.elsevier.com/xml/common/dtd" xmlns:xlink="http://www.w3.org/1999/xlink" xmlns:cals="http://www.elsevier.com/xml/common/cals/dtd"><xocs:meta><xocs:content-family>serial</xocs:content-family><xocs:content-type>JL</xocs:content-type><xocs:cid>271459</xocs:cid><xocs:ssids><xocs:ssid type="alllist">291210</xocs:ssid><xocs:ssid type="subj">291731</xocs:ssid><xocs:ssid type="subj">291892</xocs:ssid><xocs:ssid type="subj">291893</xocs:ssid><xocs:ssid type="content">31</xocs:ssid><xocs:ssid type="oa">90</xocs:ssid></xocs:ssids><xocs:srctitle>Solar Energy</xocs:srctitle><xocs:normalized-srctitle>SOLARENERGY</xocs:normalized-srctitle><xocs:orig-load-date yyyymmdd="20111206">2011-12-06</xocs:orig-load-date><xocs:ew-transaction-id>2014-10-20T13:04:46</xocs:ew-transaction-id><xocs:eid>1-s2.0-S0038092X11004129</xocs:eid><xocs:pii-formatted>S0038-092X(11)00412-9</xocs:pii-formatted><xocs:pii-unformatted>S0038092X11004129</xocs:pii-unformatted><xocs:doi>10.1016/j.solener.2011.10.032</xocs:doi><xocs:item-stage>S300</xocs:item-stage><xocs:item-version-number>S300.3</xocs:item-version-number><xocs:item-weight>FULL-TEXT</xocs:item-weight><xocs:hub-eid>1-s2.0-S0038092X11X00130</xocs:hub-eid><xocs:timestamp yyyymmdd="20141021">2014-10-21T05:05:21.253734-04:00</xocs:timestamp><xocs:dco>0</xocs:dco><xocs:tomb>0</xocs:tomb><xocs:date-search-begin>20120101</xocs:date-search-begin><xocs:date-search-end>20120131</xocs:date-search-end><xocs:year-nav>2012</xocs:year-nav><xocs:indexeddate epoch="1323129600">2011-12-06T00:00:00Z</xocs:indexeddate><xocs:articleinfo>articleinfo articletitlenorm authfirstinitialnorm authfirstsurnamenorm cid cids contenttype copyright crossmark dateloaded dateloadedtxt datesearch datesort dateupdated dco docsubtype doctype doi eid ewtransactionid fundingbodyid hubeid indexeddate issfirst issn issnnorm issuelist itemstage itemtransactionid itemweight oauserlicense openaccess openarchive pg pgfirst pglast pii piinorm pubdateend pubdatestart pubdatetxt pubyr sortorder sponsoredaccesstype srctitle srctitlenorm srctype ssids alllist content oa subj subheadings tomb volfirst volissue volumelist webpdf webpdfpagecount yearnav figure table body mmlmath acknowledge affil appendices articletitle auth authfirstini authfull authkeywords authlast misctext primabst ref specialabst</xocs:articleinfo><xocs:issns><xocs:issn-primary-formatted>0038-092X</xocs:issn-primary-formatted><xocs:issn-primary-unformatted>0038092X</xocs:issn-primary-unformatted></xocs:issns><xocs:sponsored-access-type>UNLIMITED</xocs:sponsored-access-type><xocs:funding-body-id>NONE</xocs:funding-body-id><xocs:crossmark is-crossmark="0">false</xocs:crossmark><xocs:vol-first>86</xocs:vol-first><xocs:volume-list><xocs:volume>86</xocs:volume></xocs:volume-list><xocs:iss-first>1</xocs:iss-first><xocs:issue-list><xocs:issue>1</xocs:issue></xocs:issue-list><xocs:vol-iss-suppl-text>Volume 86, Issue 1</xocs:vol-iss-suppl-text><xocs:sort-order>46</xocs:sort-order><xocs:first-fp>430</xocs:first-fp><xocs:last-lp>440</xocs:last-lp><xocs:pages><xocs:first-page>430</xocs:first-page><xocs:last-page>440</xocs:last-page></xocs:pages><xocs:cover-date-orig><xocs:start-date>201201</xocs:start-date></xocs:cover-date-orig><xocs:cover-date-text>January 2012</xocs:cover-date-text><xocs:cover-date-start>2012-01-01</xocs:cover-date-start><xocs:cover-date-end>2012-01-31</xocs:cover-date-end><xocs:cover-date-year>2012</xocs:cover-date-year><xocs:document-type>article</xocs:document-type><xocs:document-subtype>fla</xocs:document-subtype><xocs:copyright-line>Copyright © 2011 Elsevier Ltd.</xocs:copyright-line><xocs:normalized-article-title>EXPERIMENTALCHARACTERISATIONAFRESNELLENSPHOTOVOLTAICCONCENTRATINGSYSTEM</xocs:normalized-article-title><xocs:normalized-first-auth-surname>WU</xocs:normalized-first-auth-surname><xocs:normalized-first-auth-initial>Y</xocs:normalized-first-auth-initial><xocs:item-toc><xocs:item-toc-entry ref-elem="ce:sections"><xocs:item-toc-label>1</xocs:item-toc-label><xocs:item-toc-section-title>Introduction</xocs:item-toc-section-title></xocs:item-toc-entry><xocs:item-toc-entry ref-elem="ce:sections"><xocs:item-toc-label>2</xocs:item-toc-label><xocs:item-toc-section-title>Design and selection of the experimental test facilities</xocs:item-toc-section-title><xocs:item-toc-entry ref-elem="ce:sections"><xocs:item-toc-label>2.1</xocs:item-toc-label><xocs:item-toc-section-title>Selection of the Electrical Resistance Heaters (ERHs)</xocs:item-toc-section-title></xocs:item-toc-entry><xocs:item-toc-entry ref-elem="ce:sections"><xocs:item-toc-label>2.2</xocs:item-toc-label><xocs:item-toc-section-title>Design and fabrication of the temperature controlled test chamber</xocs:item-toc-section-title></xocs:item-toc-entry></xocs:item-toc-entry><xocs:item-toc-entry ref-elem="ce:sections"><xocs:item-toc-label>3</xocs:item-toc-label><xocs:item-toc-section-title>Experimental apparatus setup used for indoor heat loss characterisation</xocs:item-toc-section-title><xocs:item-toc-entry ref-elem="ce:sections"><xocs:item-toc-label>3.1</xocs:item-toc-label><xocs:item-toc-section-title>Installation of the resistance heaters to the FPVC system</xocs:item-toc-section-title></xocs:item-toc-entry><xocs:item-toc-entry ref-elem="ce:sections"><xocs:item-toc-label>3.2</xocs:item-toc-label><xocs:item-toc-section-title>Temperature measurements and full experimental test apparatus</xocs:item-toc-section-title></xocs:item-toc-entry></xocs:item-toc-entry><xocs:item-toc-entry ref-elem="ce:sections"><xocs:item-toc-label>4</xocs:item-toc-label><xocs:item-toc-section-title>Thermal behaviour of the FPVC system with natural convective heat transfer</xocs:item-toc-section-title><xocs:item-toc-entry ref-elem="ce:sections"><xocs:item-toc-label>4.1</xocs:item-toc-label><xocs:item-toc-section-title>Ambient temperature of 20<ce:hsp sp="0.25"/>°C</xocs:item-toc-section-title></xocs:item-toc-entry><xocs:item-toc-entry ref-elem="ce:sections"><xocs:item-toc-label>4.2</xocs:item-toc-label><xocs:item-toc-section-title>Ambient temperature of 50<ce:hsp sp="0.25"/>°C</xocs:item-toc-section-title></xocs:item-toc-entry></xocs:item-toc-entry><xocs:item-toc-entry ref-elem="ce:sections"><xocs:item-toc-label>5</xocs:item-toc-label><xocs:item-toc-section-title>Thermal characterisation of the FPVC system with an ambient air temperature of 20<ce:hsp sp="0.25"/>°C and forced convection heat transfer</xocs:item-toc-section-title></xocs:item-toc-entry><xocs:item-toc-entry ref-elem="ce:sections"><xocs:item-toc-label>6</xocs:item-toc-label><xocs:item-toc-section-title>Discussion</xocs:item-toc-section-title></xocs:item-toc-entry><xocs:item-toc-entry ref-elem="ce:sections"><xocs:item-toc-label>7</xocs:item-toc-label><xocs:item-toc-section-title>Conclusion and suggestions</xocs:item-toc-section-title></xocs:item-toc-entry><xocs:item-toc-entry ref-elem="ce:acknowledgment"><xocs:item-toc-section-title>Acknowledgements</xocs:item-toc-section-title></xocs:item-toc-entry><xocs:item-toc-entry ref-elem="ce:appendices"><xocs:item-toc-section-title>Appendix A</xocs:item-toc-section-title></xocs:item-toc-entry><xocs:item-toc-entry ref-elem="ce:bibliography"><xocs:item-toc-section-title>References</xocs:item-toc-section-title></xocs:item-toc-entry></xocs:item-toc><xocs:references><xocs:ref-info refid="b0070"><xocs:ref-normalized-surname>ALJUMAILY</xocs:ref-normalized-surname><xocs:ref-pub-year>1998</xocs:ref-pub-year><xocs:ref-first-fp>41</xocs:ref-first-fp><xocs:ref-last-lp>48</xocs:ref-last-lp><xocs:ref-normalized-initial>K</xocs:ref-normalized-initial></xocs:ref-info><xocs:ref-info refid="b0035"><xocs:ref-normalized-surname>ANDREEV</xocs:ref-normalized-surname><xocs:ref-pub-year>2004</xocs:ref-pub-year><xocs:ref-first-fp>3</xocs:ref-first-fp><xocs:ref-last-lp>17</xocs:ref-last-lp><xocs:ref-normalized-initial>V</xocs:ref-normalized-initial></xocs:ref-info><xocs:ref-info refid="b0060"><xocs:ref-normalized-surname>ANON</xocs:ref-normalized-surname><xocs:ref-pub-year>2005</xocs:ref-pub-year><xocs:ref-normalized-srctitle>PLANNINGINSTALLINGPHOTOVOLTAICSYSTEMSAGUIDEFORINSTALLERSARCHITECTSENGINEERSBYGERMANSOLARENERGYSOCIETYDGS</xocs:ref-normalized-srctitle></xocs:ref-info><xocs:ref-info refid="b0050"><xocs:ref-normalized-surname>ANON</xocs:ref-normalized-surname><xocs:ref-pub-year>2008</xocs:ref-pub-year><xocs:ref-normalized-initial>R</xocs:ref-normalized-initial><xocs:ref-normalized-srctitle>DATASHEETLOCTITE315</xocs:ref-normalized-srctitle></xocs:ref-info><xocs:ref-info refid="b0055"/><xocs:ref-info refid="b0040"/><xocs:ref-info refid="b0045"/><xocs:ref-info refid="b0030"><xocs:ref-normalized-surname>NABELEK</xocs:ref-normalized-surname><xocs:ref-pub-year>1991</xocs:ref-pub-year><xocs:ref-first-fp>403</xocs:ref-first-fp><xocs:ref-last-lp>408</xocs:ref-last-lp><xocs:ref-normalized-initial>B</xocs:ref-normalized-initial></xocs:ref-info><xocs:ref-info refid="b0005"><xocs:ref-normalized-surname>RABL</xocs:ref-normalized-surname><xocs:ref-pub-year>1976</xocs:ref-pub-year><xocs:ref-first-fp>93</xocs:ref-first-fp><xocs:ref-last-lp>111</xocs:ref-last-lp><xocs:ref-normalized-initial>A</xocs:ref-normalized-initial></xocs:ref-info><xocs:ref-info refid="b0015"><xocs:ref-normalized-surname>RYU</xocs:ref-normalized-surname><xocs:ref-pub-year>2006</xocs:ref-pub-year><xocs:ref-first-fp>1580</xocs:ref-first-fp><xocs:ref-last-lp>1587</xocs:ref-last-lp><xocs:ref-normalized-initial>K</xocs:ref-normalized-initial></xocs:ref-info><xocs:ref-info refid="b0020"><xocs:ref-normalized-surname>SALIM</xocs:ref-normalized-surname><xocs:ref-pub-year>1990</xocs:ref-pub-year><xocs:ref-first-fp>1</xocs:ref-first-fp><xocs:ref-last-lp>24</xocs:ref-last-lp><xocs:ref-normalized-initial>A</xocs:ref-normalized-initial></xocs:ref-info><xocs:ref-info refid="b0065"><xocs:ref-normalized-surname>SINGH</xocs:ref-normalized-surname><xocs:ref-pub-year>1999</xocs:ref-pub-year><xocs:ref-first-fp>409</xocs:ref-first-fp><xocs:ref-last-lp>416</xocs:ref-last-lp><xocs:ref-normalized-initial>P</xocs:ref-normalized-initial></xocs:ref-info><xocs:ref-info refid="b0025"><xocs:ref-normalized-surname>WHITFIELD</xocs:ref-normalized-surname><xocs:ref-pub-year>1999</xocs:ref-pub-year><xocs:ref-first-fp>23</xocs:ref-first-fp><xocs:ref-last-lp>34</xocs:ref-last-lp><xocs:ref-normalized-initial>G</xocs:ref-normalized-initial></xocs:ref-info><xocs:ref-info refid="b0010"><xocs:ref-normalized-surname>WINSTON</xocs:ref-normalized-surname><xocs:ref-pub-year>2005</xocs:ref-pub-year><xocs:ref-normalized-initial>R</xocs:ref-normalized-initial><xocs:ref-normalized-srctitle>NONIMAGINGOPTICS</xocs:ref-normalized-srctitle></xocs:ref-info></xocs:references><xocs:attachment-metadata-doc><xocs:attachment-set-type>item</xocs:attachment-set-type><xocs:pii-formatted>S0038-092X(11)00412-9</xocs:pii-formatted><xocs:pii-unformatted>S0038092X11004129</xocs:pii-unformatted><xocs:eid>1-s2.0-S0038092X11004129</xocs:eid><xocs:doi>10.1016/j.solener.2011.10.032</xocs:doi><xocs:cid>271459</xocs:cid><xocs:timestamp>2014-10-21T05:05:21.253734-04:00</xocs:timestamp><xocs:path>/271459/1-s2.0-S0038092X11X00130/1-s2.0-S0038092X11004129/</xocs:path><xocs:cover-date-start>2012-01-01</xocs:cover-date-start><xocs:cover-date-end>2012-01-31</xocs:cover-date-end><xocs:sponsored-access-type>UNLIMITED</xocs:sponsored-access-type><xocs:funding-body-id>NONE</xocs:funding-body-id><xocs:attachments><xocs:web-pdf><xocs:attachment-eid>1-s2.0-S0038092X11004129-main.pdf</xocs:attachment-eid><xocs:filename>main.pdf</xocs:filename><xocs:extension>pdf</xocs:extension><xocs:pdf-optimized>true</xocs:pdf-optimized><xocs:filesize>2076318</xocs:filesize><xocs:web-pdf-purpose>MAIN</xocs:web-pdf-purpose><xocs:web-pdf-page-count>11</xocs:web-pdf-page-count><xocs:web-pdf-images><xocs:web-pdf-image><xocs:attachment-eid>1-s2.0-S0038092X11004129-main_1.png</xocs:attachment-eid><xocs:filename>main_1.png</xocs:filename><xocs:extension>png</xocs:extension><xocs:filesize>96330</xocs:filesize><xocs:pixel-height>849</xocs:pixel-height><xocs:pixel-width>656</xocs:pixel-width><xocs:attachment-type>IMAGE-WEB-PDF</xocs:attachment-type><xocs:pdf-page-num>1</xocs:pdf-page-num></xocs:web-pdf-image></xocs:web-pdf-images></xocs:web-pdf><xocs:attachment><xocs:attachment-eid>1-s2.0-S0038092X11004129-si3.gif</xocs:attachment-eid><xocs:file-basename>si3</xocs:file-basename><xocs:filename>si3.gif</xocs:filename><xocs:extension>gif</xocs:extension><xocs:filesize>846</xocs:filesize><xocs:pixel-height>38</xocs:pixel-height><xocs:pixel-width>136</xocs:pixel-width><xocs:attachment-type>ALTIMG</xocs:attachment-type></xocs:attachment><xocs:attachment><xocs:attachment-eid>1-s2.0-S0038092X11004129-si2.gif</xocs:attachment-eid><xocs:file-basename>si2</xocs:file-basename><xocs:filename>si2.gif</xocs:filename><xocs:extension>gif</xocs:extension><xocs:filesize>1093</xocs:filesize><xocs:pixel-height>17</xocs:pixel-height><xocs:pixel-width>275</xocs:pixel-width><xocs:attachment-type>ALTIMG</xocs:attachment-type></xocs:attachment><xocs:attachment><xocs:attachment-eid>1-s2.0-S0038092X11004129-si1.gif</xocs:attachment-eid><xocs:file-basename>si1</xocs:file-basename><xocs:filename>si1.gif</xocs:filename><xocs:extension>gif</xocs:extension><xocs:filesize>698</xocs:filesize><xocs:pixel-height>19</xocs:pixel-height><xocs:pixel-width>168</xocs:pixel-width><xocs:attachment-type>ALTIMG</xocs:attachment-type></xocs:attachment><xocs:attachment><xocs:attachment-eid>1-s2.0-S0038092X11004129-gr9.jpg</xocs:attachment-eid><xocs:file-basename>gr9</xocs:file-basename><xocs:filename>gr9.jpg</xocs:filename><xocs:extension>jpg</xocs:extension><xocs:filesize>45675</xocs:filesize><xocs:pixel-height>287</xocs:pixel-height><xocs:pixel-width>439</xocs:pixel-width><xocs:attachment-type>IMAGE-DOWNSAMPLED</xocs:attachment-type></xocs:attachment><xocs:attachment><xocs:attachment-eid>1-s2.0-S0038092X11004129-gr8.jpg</xocs:attachment-eid><xocs:file-basename>gr8</xocs:file-basename><xocs:filename>gr8.jpg</xocs:filename><xocs:extension>jpg</xocs:extension><xocs:filesize>38052</xocs:filesize><xocs:pixel-height>276</xocs:pixel-height><xocs:pixel-width>443</xocs:pixel-width><xocs:attachment-type>IMAGE-DOWNSAMPLED</xocs:attachment-type></xocs:attachment><xocs:attachment><xocs:attachment-eid>1-s2.0-S0038092X11004129-gr7.jpg</xocs:attachment-eid><xocs:file-basename>gr7</xocs:file-basename><xocs:filename>gr7.jpg</xocs:filename><xocs:extension>jpg</xocs:extension><xocs:filesize>37458</xocs:filesize><xocs:pixel-height>269</xocs:pixel-height><xocs:pixel-width>437</xocs:pixel-width><xocs:attachment-type>IMAGE-DOWNSAMPLED</xocs:attachment-type></xocs:attachment><xocs:attachment><xocs:attachment-eid>1-s2.0-S0038092X11004129-gr6.jpg</xocs:attachment-eid><xocs:file-basename>gr6</xocs:file-basename><xocs:filename>gr6.jpg</xocs:filename><xocs:extension>jpg</xocs:extension><xocs:filesize>42419</xocs:filesize><xocs:pixel-height>236</xocs:pixel-height><xocs:pixel-width>485</xocs:pixel-width><xocs:attachment-type>IMAGE-DOWNSAMPLED</xocs:attachment-type></xocs:attachment><xocs:attachment><xocs:attachment-eid>1-s2.0-S0038092X11004129-gr5.jpg</xocs:attachment-eid><xocs:file-basename>gr5</xocs:file-basename><xocs:filename>gr5.jpg</xocs:filename><xocs:extension>jpg</xocs:extension><xocs:filesize>81892</xocs:filesize><xocs:pixel-height>753</xocs:pixel-height><xocs:pixel-width>637</xocs:pixel-width><xocs:attachment-type>IMAGE-DOWNSAMPLED</xocs:attachment-type></xocs:attachment><xocs:attachment><xocs:attachment-eid>1-s2.0-S0038092X11004129-gr4.jpg</xocs:attachment-eid><xocs:file-basename>gr4</xocs:file-basename><xocs:filename>gr4.jpg</xocs:filename><xocs:extension>jpg</xocs:extension><xocs:filesize>75297</xocs:filesize><xocs:pixel-height>512</xocs:pixel-height><xocs:pixel-width>444</xocs:pixel-width><xocs:attachment-type>IMAGE-DOWNSAMPLED</xocs:attachment-type></xocs:attachment><xocs:attachment><xocs:attachment-eid>1-s2.0-S0038092X11004129-gr3.jpg</xocs:attachment-eid><xocs:file-basename>gr3</xocs:file-basename><xocs:filename>gr3.jpg</xocs:filename><xocs:extension>jpg</xocs:extension><xocs:filesize>25638</xocs:filesize><xocs:pixel-height>375</xocs:pixel-height><xocs:pixel-width>489</xocs:pixel-width><xocs:attachment-type>IMAGE-DOWNSAMPLED</xocs:attachment-type></xocs:attachment><xocs:attachment><xocs:attachment-eid>1-s2.0-S0038092X11004129-gr2.jpg</xocs:attachment-eid><xocs:file-basename>gr2</xocs:file-basename><xocs:filename>gr2.jpg</xocs:filename><xocs:extension>jpg</xocs:extension><xocs:filesize>28536</xocs:filesize><xocs:pixel-height>415</xocs:pixel-height><xocs:pixel-width>449</xocs:pixel-width><xocs:attachment-type>IMAGE-DOWNSAMPLED</xocs:attachment-type></xocs:attachment><xocs:attachment><xocs:attachment-eid>1-s2.0-S0038092X11004129-gr13.jpg</xocs:attachment-eid><xocs:file-basename>gr13</xocs:file-basename><xocs:filename>gr13.jpg</xocs:filename><xocs:extension>jpg</xocs:extension><xocs:filesize>38398</xocs:filesize><xocs:pixel-height>230</xocs:pixel-height><xocs:pixel-width>475</xocs:pixel-width><xocs:attachment-type>IMAGE-DOWNSAMPLED</xocs:attachment-type></xocs:attachment><xocs:attachment><xocs:attachment-eid>1-s2.0-S0038092X11004129-gr12.jpg</xocs:attachment-eid><xocs:file-basename>gr12</xocs:file-basename><xocs:filename>gr12.jpg</xocs:filename><xocs:extension>jpg</xocs:extension><xocs:filesize>44635</xocs:filesize><xocs:pixel-height>250</xocs:pixel-height><xocs:pixel-width>491</xocs:pixel-width><xocs:attachment-type>IMAGE-DOWNSAMPLED</xocs:attachment-type></xocs:attachment><xocs:attachment><xocs:attachment-eid>1-s2.0-S0038092X11004129-gr11.jpg</xocs:attachment-eid><xocs:file-basename>gr11</xocs:file-basename><xocs:filename>gr11.jpg</xocs:filename><xocs:extension>jpg</xocs:extension><xocs:filesize>44512</xocs:filesize><xocs:pixel-height>249</xocs:pixel-height><xocs:pixel-width>494</xocs:pixel-width><xocs:attachment-type>IMAGE-DOWNSAMPLED</xocs:attachment-type></xocs:attachment><xocs:attachment><xocs:attachment-eid>1-s2.0-S0038092X11004129-gr10.jpg</xocs:attachment-eid><xocs:file-basename>gr10</xocs:file-basename><xocs:filename>gr10.jpg</xocs:filename><xocs:extension>jpg</xocs:extension><xocs:filesize>40673</xocs:filesize><xocs:pixel-height>294</xocs:pixel-height><xocs:pixel-width>444</xocs:pixel-width><xocs:attachment-type>IMAGE-DOWNSAMPLED</xocs:attachment-type></xocs:attachment><xocs:attachment><xocs:attachment-eid>1-s2.0-S0038092X11004129-gr1.jpg</xocs:attachment-eid><xocs:file-basename>gr1</xocs:file-basename><xocs:filename>gr1.jpg</xocs:filename><xocs:extension>jpg</xocs:extension><xocs:filesize>10823</xocs:filesize><xocs:pixel-height>204</xocs:pixel-height><xocs:pixel-width>292</xocs:pixel-width><xocs:attachment-type>IMAGE-DOWNSAMPLED</xocs:attachment-type></xocs:attachment><xocs:attachment><xocs:attachment-eid>1-s2.0-S0038092X11004129-gr9.sml</xocs:attachment-eid><xocs:file-basename>gr9</xocs:file-basename><xocs:filename>gr9.sml</xocs:filename><xocs:extension>sml</xocs:extension><xocs:filesize>8646</xocs:filesize><xocs:pixel-height>143</xocs:pixel-height><xocs:pixel-width>219</xocs:pixel-width><xocs:attachment-type>IMAGE-THUMBNAIL</xocs:attachment-type></xocs:attachment><xocs:attachment><xocs:attachment-eid>1-s2.0-S0038092X11004129-gr8.sml</xocs:attachment-eid><xocs:file-basename>gr8</xocs:file-basename><xocs:filename>gr8.sml</xocs:filename><xocs:extension>sml</xocs:extension><xocs:filesize>7672</xocs:filesize><xocs:pixel-height>136</xocs:pixel-height><xocs:pixel-width>219</xocs:pixel-width><xocs:attachment-type>IMAGE-THUMBNAIL</xocs:attachment-type></xocs:attachment><xocs:attachment><xocs:attachment-eid>1-s2.0-S0038092X11004129-gr7.sml</xocs:attachment-eid><xocs:file-basename>gr7</xocs:file-basename><xocs:filename>gr7.sml</xocs:filename><xocs:extension>sml</xocs:extension><xocs:filesize>7105</xocs:filesize><xocs:pixel-height>135</xocs:pixel-height><xocs:pixel-width>219</xocs:pixel-width><xocs:attachment-type>IMAGE-THUMBNAIL</xocs:attachment-type></xocs:attachment><xocs:attachment><xocs:attachment-eid>1-s2.0-S0038092X11004129-gr6.sml</xocs:attachment-eid><xocs:file-basename>gr6</xocs:file-basename><xocs:filename>gr6.sml</xocs:filename><xocs:extension>sml</xocs:extension><xocs:filesize>6970</xocs:filesize><xocs:pixel-height>106</xocs:pixel-height><xocs:pixel-width>219</xocs:pixel-width><xocs:attachment-type>IMAGE-THUMBNAIL</xocs:attachment-type></xocs:attachment><xocs:attachment><xocs:attachment-eid>1-s2.0-S0038092X11004129-gr5.sml</xocs:attachment-eid><xocs:file-basename>gr5</xocs:file-basename><xocs:filename>gr5.sml</xocs:filename><xocs:extension>sml</xocs:extension><xocs:filesize>5254</xocs:filesize><xocs:pixel-height>163</xocs:pixel-height><xocs:pixel-width>138</xocs:pixel-width><xocs:attachment-type>IMAGE-THUMBNAIL</xocs:attachment-type></xocs:attachment><xocs:attachment><xocs:attachment-eid>1-s2.0-S0038092X11004129-gr4.sml</xocs:attachment-eid><xocs:file-basename>gr4</xocs:file-basename><xocs:filename>gr4.sml</xocs:filename><xocs:extension>sml</xocs:extension><xocs:filesize>12605</xocs:filesize><xocs:pixel-height>164</xocs:pixel-height><xocs:pixel-width>142</xocs:pixel-width><xocs:attachment-type>IMAGE-THUMBNAIL</xocs:attachment-type></xocs:attachment><xocs:attachment><xocs:attachment-eid>1-s2.0-S0038092X11004129-gr3.sml</xocs:attachment-eid><xocs:file-basename>gr3</xocs:file-basename><xocs:filename>gr3.sml</xocs:filename><xocs:extension>sml</xocs:extension><xocs:filesize>4078</xocs:filesize><xocs:pixel-height>164</xocs:pixel-height><xocs:pixel-width>213</xocs:pixel-width><xocs:attachment-type>IMAGE-THUMBNAIL</xocs:attachment-type></xocs:attachment><xocs:attachment><xocs:attachment-eid>1-s2.0-S0038092X11004129-gr2.sml</xocs:attachment-eid><xocs:file-basename>gr2</xocs:file-basename><xocs:filename>gr2.sml</xocs:filename><xocs:extension>sml</xocs:extension><xocs:filesize>3881</xocs:filesize><xocs:pixel-height>164</xocs:pixel-height><xocs:pixel-width>177</xocs:pixel-width><xocs:attachment-type>IMAGE-THUMBNAIL</xocs:attachment-type></xocs:attachment><xocs:attachment><xocs:attachment-eid>1-s2.0-S0038092X11004129-gr13.sml</xocs:attachment-eid><xocs:file-basename>gr13</xocs:file-basename><xocs:filename>gr13.sml</xocs:filename><xocs:extension>sml</xocs:extension><xocs:filesize>6904</xocs:filesize><xocs:pixel-height>106</xocs:pixel-height><xocs:pixel-width>219</xocs:pixel-width><xocs:attachment-type>IMAGE-THUMBNAIL</xocs:attachment-type></xocs:attachment><xocs:attachment><xocs:attachment-eid>1-s2.0-S0038092X11004129-gr12.sml</xocs:attachment-eid><xocs:file-basename>gr12</xocs:file-basename><xocs:filename>gr12.sml</xocs:filename><xocs:extension>sml</xocs:extension><xocs:filesize>7452</xocs:filesize><xocs:pixel-height>111</xocs:pixel-height><xocs:pixel-width>219</xocs:pixel-width><xocs:attachment-type>IMAGE-THUMBNAIL</xocs:attachment-type></xocs:attachment><xocs:attachment><xocs:attachment-eid>1-s2.0-S0038092X11004129-gr11.sml</xocs:attachment-eid><xocs:file-basename>gr11</xocs:file-basename><xocs:filename>gr11.sml</xocs:filename><xocs:extension>sml</xocs:extension><xocs:filesize>6970</xocs:filesize><xocs:pixel-height>110</xocs:pixel-height><xocs:pixel-width>219</xocs:pixel-width><xocs:attachment-type>IMAGE-THUMBNAIL</xocs:attachment-type></xocs:attachment><xocs:attachment><xocs:attachment-eid>1-s2.0-S0038092X11004129-gr10.sml</xocs:attachment-eid><xocs:file-basename>gr10</xocs:file-basename><xocs:filename>gr10.sml</xocs:filename><xocs:extension>sml</xocs:extension><xocs:filesize>7471</xocs:filesize><xocs:pixel-height>145</xocs:pixel-height><xocs:pixel-width>219</xocs:pixel-width><xocs:attachment-type>IMAGE-THUMBNAIL</xocs:attachment-type></xocs:attachment><xocs:attachment><xocs:attachment-eid>1-s2.0-S0038092X11004129-gr1.sml</xocs:attachment-eid><xocs:file-basename>gr1</xocs:file-basename><xocs:filename>gr1.sml</xocs:filename><xocs:extension>sml</xocs:extension><xocs:filesize>4375</xocs:filesize><xocs:pixel-height>153</xocs:pixel-height><xocs:pixel-width>219</xocs:pixel-width><xocs:attachment-type>IMAGE-THUMBNAIL</xocs:attachment-type></xocs:attachment></xocs:attachments></xocs:attachment-metadata-doc><xocs:refkeys><xocs:refkey3>WUX2012X430</xocs:refkey3><xocs:refkey4lp>WUX2012X430X440</xocs:refkey4lp><xocs:refkey4ai>WUX2012X430XY</xocs:refkey4ai><xocs:refkey5>WUX2012X430X440XY</xocs:refkey5></xocs:refkeys><xocs:open-access><xocs:oa-article-status is-open-access="1" is-open-archive="0">Full</xocs:oa-article-status><xocs:oa-access-effective-date>2013-07-16T19:48:58Z</xocs:oa-access-effective-date><xocs:oa-sponsor><xocs:oa-sponsor-type>Other</xocs:oa-sponsor-type></xocs:oa-sponsor><xocs:oa-user-license>http://creativecommons.org/licenses/by/3.0/</xocs:oa-user-license></xocs:open-access></xocs:meta><xocs:serial-item><article docsubtype="fla" xml:lang="en" version="5.1"><item-info><jid>SE</jid><aid>2953</aid><ce:pii>S0038-092X(11)00412-9</ce:pii><ce:doi>10.1016/j.solener.2011.10.032</ce:doi><ce:copyright type="full-transfer" year="2011">Elsevier Ltd</ce:copyright></item-info><ce:floats><ce:figure id="f0005"><ce:label>Fig. 1</ce:label><ce:caption><ce:simple-para id="sp015" view="all">A schematic diagram of a Fresnel lens PV Concentrator (<ce:cross-ref refid="b0015">Ryu et al., 2006</ce:cross-ref>).</ce:simple-para></ce:caption><ce:link locator="gr1"/></ce:figure><ce:figure id="f0010"><ce:label>Fig. 2</ce:label><ce:caption><ce:simple-para id="sp020" view="all">(a) Cross sectional view of the experimentally characterised FPVC system and (b) 3D diagram of the experimentally characterised FPVC system.</ce:simple-para></ce:caption><ce:link locator="gr2"/></ce:figure><ce:figure id="f0015"><ce:label>Fig. 3</ce:label><ce:caption><ce:simple-para id="sp025" view="all">Detailed view of the thermocouple locations in the FPVC system, all dimensions in mm.</ce:simple-para></ce:caption><ce:link locator="gr3"/></ce:figure><ce:figure id="f0020"><ce:label>Fig. 4</ce:label><ce:caption><ce:simple-para id="sp030" view="all">A photograph of the test facility developed for the FPVC system showing the test chamber, temperature controller, power supply and the FPVC system.</ce:simple-para></ce:caption><ce:link locator="gr4"/></ce:figure><ce:figure id="f0025"><ce:label>Fig. 5</ce:label><ce:caption><ce:simple-para id="sp035" view="all">Two dimensional isotherms generated from experimental measurements around the 3rd simulated solar cell on the IMS circuit board. Simulated solar radiation intensity was (a) 200, (b) 400, (c) 600, (d) 800 and (e) 1000<ce:hsp sp="0.25"/>W/m<ce:sup loc="post">2</ce:sup> with an ambient air temperature of 20<ce:hsp sp="0.25"/>°C.</ce:simple-para></ce:caption><ce:link locator="gr5"/></ce:figure><ce:figure id="f0030"><ce:label>Fig. 6</ce:label><ce:caption><ce:simple-para id="sp040" view="all">Temperature distribution in the horizontal long central axis (<ce:italic>X</ce:italic>-direction) around the 3rd simulated solar cell on the IMS circuit board for solar radiation intensities of 200, 400, 600, 800 and 1000<ce:hsp sp="0.25"/>W/m<ce:sup loc="post">2</ce:sup>, and an ambient air temperature of 20<ce:hsp sp="0.25"/>°C.</ce:simple-para></ce:caption><ce:link locator="gr6"/></ce:figure><ce:figure id="f0035"><ce:label>Fig. 7</ce:label><ce:caption><ce:simple-para id="sp045" view="all">The measured temperatures in the FPVC system at selected simulated solar radiation intensities with an ambient air temperature of 20<ce:hsp sp="0.25"/>°C.</ce:simple-para></ce:caption><ce:link locator="gr7"/></ce:figure><ce:figure id="f0040"><ce:label>Fig. 8</ce:label><ce:caption><ce:simple-para id="sp050" view="all">The measured temperatures of the FPVC system for selected solar radiation intensities, and an ambient air temperature of 50<ce:hsp sp="0.25"/>°C.</ce:simple-para></ce:caption><ce:link locator="gr8"/></ce:figure><ce:figure id="f0045"><ce:label>Fig. 9</ce:label><ce:caption><ce:simple-para id="sp055" view="all">The measured temperatures for the FPVC system with solar radiation and an ambient air temperature of 20<ce:hsp sp="0.25"/>°C for natural and forced convection conditions.</ce:simple-para></ce:caption><ce:link locator="gr9"/></ce:figure><ce:figure id="f0050"><ce:label>Fig. 10</ce:label><ce:caption><ce:simple-para id="sp060" view="all">The measured temperatures of No. 3 solar cell at actual incident solar radiation intensities.</ce:simple-para></ce:caption><ce:link locator="gr10"/></ce:figure><ce:figure id="f0055"><ce:label>Fig. A1</ce:label><ce:caption><ce:simple-para id="sp065" view="all">Temperature distribution in the horizontal long central axis (<ce:italic>X</ce:italic>-direction) for the 3rd solar cell and the IMS circuit board at simulated solar radiation intensities of 200, 400, 600, 800 and 1000<ce:hsp sp="0.25"/>W/m<ce:sup loc="post">2</ce:sup>, and an ambient temperature of 20<ce:hsp sp="0.25"/>°C with forced convection along the long axis of the FPVC system.</ce:simple-para></ce:caption><ce:link locator="gr11"/></ce:figure><ce:figure id="f0060"><ce:label>Fig. A2</ce:label><ce:caption><ce:simple-para id="sp070" view="all">Temperature distribution in the horizontal long central axis (<ce:italic>X</ce:italic>-direction) for the simulated 3rd solar cell along the IMS circuit board at simulated solar radiation intensities of 200, 400, 600, 800 and 1000<ce:hsp sp="0.25"/>W/m<ce:sup loc="post">2</ce:sup>, and an ambient temperature of 20<ce:hsp sp="0.25"/>°C with forced convection over the cross section of the FPVC system.</ce:simple-para></ce:caption><ce:link locator="gr12"/></ce:figure><ce:figure id="f0065"><ce:label>Fig. A3</ce:label><ce:caption><ce:simple-para id="sp075" view="all">Temperature distribution along the cross section for the FPVC system simulated 3rd solar cell and trough walls at simulated solar radiation intensities of 200, 400, 600, 800 and 1000<ce:hsp sp="0.25"/>W/m<ce:sup loc="post">2</ce:sup>, and an ambient temperature of 20<ce:hsp sp="0.25"/>°C with forced convection over the cross section of the FPVC system.</ce:simple-para></ce:caption><ce:link locator="gr13"/></ce:figure><ce:table frame="topbot" id="t0005" rowsep="0" colsep="0" xmlns="http://www.elsevier.com/xml/common/cals/dtd"><ce:label>Table 1</ce:label><ce:caption><ce:simple-para id="sp080" view="all">Thermocouple locations in the FPVC system and the test chamber.</ce:simple-para></ce:caption><tgroup cols="2"><colspec colname="col1" align="left"/><colspec colname="col2" align="left"/><thead><row rowsep="1" valign="top"><entry xmlns="http://www.elsevier.com/xml/common/dtd">Thermocouple</entry><entry xmlns="http://www.elsevier.com/xml/common/dtd">Thermocouple locations</entry></row></thead><tbody><row valign="top"><entry xmlns="http://www.elsevier.com/xml/common/dtd">T1–T4</entry><entry xmlns="http://www.elsevier.com/xml/common/dtd">Distributed between Nos. 2 and 3 solar cells on the IMS board</entry></row><row valign="top"><entry xmlns="http://www.elsevier.com/xml/common/dtd">T5 and T6</entry><entry xmlns="http://www.elsevier.com/xml/common/dtd">On both sides of the No. 3 solar cell</entry></row><row valign="top"><entry xmlns="http://www.elsevier.com/xml/common/dtd">T7</entry><entry xmlns="http://www.elsevier.com/xml/common/dtd">On the No. 3 solar cell</entry></row><row valign="top"><entry xmlns="http://www.elsevier.com/xml/common/dtd">T8</entry><entry xmlns="http://www.elsevier.com/xml/common/dtd">17.6<hsp sp="0.25"/>mm from the No. 4 solar cell</entry></row><row valign="top"><entry xmlns="http://www.elsevier.com/xml/common/dtd">T9–T14</entry><entry xmlns="http://www.elsevier.com/xml/common/dtd">On the FPVC long trough walls</entry></row><row valign="top"><entry xmlns="http://www.elsevier.com/xml/common/dtd">T15</entry><entry xmlns="http://www.elsevier.com/xml/common/dtd">At the rear of the trough base</entry></row><row valign="top"><entry xmlns="http://www.elsevier.com/xml/common/dtd">T16</entry><entry xmlns="http://www.elsevier.com/xml/common/dtd">At the same horizontal plane as the trough base used to measure the ambient air temperature shown in <cross-ref refid="f0020">Fig. 4</cross-ref></entry></row><row valign="top"><entry xmlns="http://www.elsevier.com/xml/common/dtd">T17</entry><entry xmlns="http://www.elsevier.com/xml/common/dtd">7<hsp sp="0.25"/>mm from T1</entry></row><row valign="top"><entry xmlns="http://www.elsevier.com/xml/common/dtd">T18 and T19</entry><entry xmlns="http://www.elsevier.com/xml/common/dtd">7<hsp sp="0.25"/>mm from T20</entry></row><row valign="top"><entry xmlns="http://www.elsevier.com/xml/common/dtd">T20</entry><entry xmlns="http://www.elsevier.com/xml/common/dtd">17.6<hsp sp="0.25"/>mm from the No. 3 solar cell</entry></row></tbody></tgroup></ce:table><ce:table frame="topbot" id="t0010" rowsep="0" colsep="0" xmlns="http://www.elsevier.com/xml/common/cals/dtd"><ce:label>Table 2</ce:label><ce:caption><ce:simple-para id="sp085" view="all">Predicted electrical conversion efficiency at simulated solar radiation intensities of 200<ce:hsp sp="0.25"/>W/m<ce:sup loc="post">2</ce:sup>, 400<ce:hsp sp="0.25"/>W/m<ce:sup loc="post">2</ce:sup>, 600<ce:hsp sp="0.25"/>W/m<ce:sup loc="post">2</ce:sup>, 800<ce:hsp sp="0.25"/>W/m<ce:sup loc="post">2</ce:sup> and 1000<ce:hsp sp="0.25"/>W/m<ce:sup loc="post">2</ce:sup> for different ambient air temperatures, and natural and forced convection.</ce:simple-para></ce:caption><tgroup cols="5"><colspec colname="col1" align="char" char="."/><colspec colname="col2" align="char" char="."/><colspec colname="col3" align="char" char="."/><colspec colname="col4" align="left"/><colspec colname="col5" align="left"/><thead><row rowsep="1" valign="top"><entry morerows="2" xmlns="http://www.elsevier.com/xml/common/dtd">Initial solar radiation intensities (W/m<sup loc="post">2</sup>)</entry><entry namest="col2" nameend="col5" xmlns="http://www.elsevier.com/xml/common/dtd">Electrical conversion efficiency (%)</entry></row><row rowsep="1" valign="top"><entry namest="col2" nameend="col3" xmlns="http://www.elsevier.com/xml/common/dtd">Natural convective heat transfer only</entry><entry namest="col4" nameend="col5" xmlns="http://www.elsevier.com/xml/common/dtd">Forced convection (air velocity of 2<hsp sp="0.25"/>m/s) and ambient air temperature of 20<hsp sp="0.25"/>°C</entry></row><row rowsep="1" valign="top"><entry xmlns="http://www.elsevier.com/xml/common/dtd">Ambient temperature of 20<hsp sp="0.25"/>°C</entry><entry xmlns="http://www.elsevier.com/xml/common/dtd">Ambient temperature of 50<hsp sp="0.25"/>°C</entry><entry xmlns="http://www.elsevier.com/xml/common/dtd">Forced air flow along the long axis of the FPVC system</entry><entry xmlns="http://www.elsevier.com/xml/common/dtd">Forced air flow over the cross section of the FPVC system</entry></row></thead><tbody><row valign="top"><entry align="char" char="." xmlns="http://www.elsevier.com/xml/common/dtd">200</entry><entry align="char" char="." xmlns="http://www.elsevier.com/xml/common/dtd">14.12</entry><entry align="char" char="." xmlns="http://www.elsevier.com/xml/common/dtd">11.89</entry><entry xmlns="http://www.elsevier.com/xml/common/dtd">14.51</entry><entry xmlns="http://www.elsevier.com/xml/common/dtd">14.54</entry></row><row valign="top"><entry align="char" char="." xmlns="http://www.elsevier.com/xml/common/dtd">400</entry><entry align="char" char="." xmlns="http://www.elsevier.com/xml/common/dtd">13.01</entry><entry align="char" char="." xmlns="http://www.elsevier.com/xml/common/dtd">10.85</entry><entry xmlns="http://www.elsevier.com/xml/common/dtd">13.68</entry><entry xmlns="http://www.elsevier.com/xml/common/dtd">13.73</entry></row><row valign="top"><entry align="char" char="." xmlns="http://www.elsevier.com/xml/common/dtd">600</entry><entry align="char" char="." xmlns="http://www.elsevier.com/xml/common/dtd">11.96</entry><entry align="char" char="." xmlns="http://www.elsevier.com/xml/common/dtd">9.86</entry><entry xmlns="http://www.elsevier.com/xml/common/dtd">12.85</entry><entry xmlns="http://www.elsevier.com/xml/common/dtd">12.93</entry></row><row valign="top"><entry align="char" char="." xmlns="http://www.elsevier.com/xml/common/dtd">800</entry><entry align="char" char="." xmlns="http://www.elsevier.com/xml/common/dtd">10.97</entry><entry align="char" char="." xmlns="http://www.elsevier.com/xml/common/dtd">8.79</entry><entry xmlns="http://www.elsevier.com/xml/common/dtd">12.05</entry><entry xmlns="http://www.elsevier.com/xml/common/dtd">12.16</entry></row><row valign="top"><entry align="char" char="." xmlns="http://www.elsevier.com/xml/common/dtd">1000</entry><entry align="char" char="." xmlns="http://www.elsevier.com/xml/common/dtd">9.95</entry><entry align="char" char="." xmlns="http://www.elsevier.com/xml/common/dtd">7.95</entry><entry xmlns="http://www.elsevier.com/xml/common/dtd">11.15</entry><entry xmlns="http://www.elsevier.com/xml/common/dtd">11.28</entry></row></tbody></tgroup></ce:table><ce:table frame="topbot" id="t0015" rowsep="0" colsep="0" xmlns="http://www.elsevier.com/xml/common/cals/dtd"><ce:label>Table 3</ce:label><ce:caption><ce:simple-para id="sp090" view="all">The actual incident solar radiation intensities converted from Eq. <ce:cross-ref refid="e0015">(3)</ce:cross-ref>.</ce:simple-para></ce:caption><tgroup cols="5"><colspec colname="col1" align="char" char="."/><colspec colname="col2" align="left"/><colspec colname="col3" align="left"/><colspec colname="col4" align="left"/><colspec colname="col5" align="left"/><thead><row rowsep="1" valign="top"><entry morerows="2" xmlns="http://www.elsevier.com/xml/common/dtd">Initial solar radiation intensities (W/m<sup loc="post">2</sup>)</entry><entry namest="col2" nameend="col5" xmlns="http://www.elsevier.com/xml/common/dtd">Actual solar radiation intensities (W/m<sup loc="post">2</sup>)</entry></row><row rowsep="1" valign="top"><entry namest="col2" nameend="col3" xmlns="http://www.elsevier.com/xml/common/dtd">Natural convective heat transfer only</entry><entry namest="col4" nameend="col5" xmlns="http://www.elsevier.com/xml/common/dtd">Forced convection (air velocity of 2<hsp sp="0.25"/>m/s) and ambient air temperature of 20<hsp sp="0.25"/>°C</entry></row><row rowsep="1" valign="top"><entry xmlns="http://www.elsevier.com/xml/common/dtd">Ambient temperature of 20<hsp sp="0.25"/>°C</entry><entry xmlns="http://www.elsevier.com/xml/common/dtd">Ambient temperature of 50<hsp sp="0.25"/>°C</entry><entry xmlns="http://www.elsevier.com/xml/common/dtd">Forced air flow along the long axis of the FPVC system</entry><entry xmlns="http://www.elsevier.com/xml/common/dtd">Forced air flow over the cross section of the FPVC system</entry></row></thead><tbody><row valign="top"><entry align="char" char="." xmlns="http://www.elsevier.com/xml/common/dtd">200</entry><entry xmlns="http://www.elsevier.com/xml/common/dtd">198</entry><entry xmlns="http://www.elsevier.com/xml/common/dtd">193</entry><entry xmlns="http://www.elsevier.com/xml/common/dtd">199</entry><entry xmlns="http://www.elsevier.com/xml/common/dtd">199</entry></row><row valign="top"><entry align="char" char="." xmlns="http://www.elsevier.com/xml/common/dtd">400</entry><entry xmlns="http://www.elsevier.com/xml/common/dtd">391</entry><entry xmlns="http://www.elsevier.com/xml/common/dtd">381</entry><entry xmlns="http://www.elsevier.com/xml/common/dtd">394</entry><entry xmlns="http://www.elsevier.com/xml/common/dtd">394</entry></row><row valign="top"><entry align="char" char="." xmlns="http://www.elsevier.com/xml/common/dtd">600</entry><entry xmlns="http://www.elsevier.com/xml/common/dtd">579</entry><entry xmlns="http://www.elsevier.com/xml/common/dtd">566</entry><entry xmlns="http://www.elsevier.com/xml/common/dtd">585</entry><entry xmlns="http://www.elsevier.com/xml/common/dtd">586</entry></row><row valign="top"><entry align="char" char="." xmlns="http://www.elsevier.com/xml/common/dtd">800</entry><entry xmlns="http://www.elsevier.com/xml/common/dtd">764</entry><entry xmlns="http://www.elsevier.com/xml/common/dtd">746</entry><entry xmlns="http://www.elsevier.com/xml/common/dtd">773</entry><entry xmlns="http://www.elsevier.com/xml/common/dtd">774</entry></row><row valign="top"><entry align="char" char="." xmlns="http://www.elsevier.com/xml/common/dtd">1000</entry><entry xmlns="http://www.elsevier.com/xml/common/dtd">944</entry><entry xmlns="http://www.elsevier.com/xml/common/dtd">923</entry><entry xmlns="http://www.elsevier.com/xml/common/dtd">957</entry><entry xmlns="http://www.elsevier.com/xml/common/dtd">958</entry></row></tbody></tgroup></ce:table></ce:floats><head><ce:title>Experimental characterisation of a Fresnel lens photovoltaic concentrating system</ce:title><ce:author-group><ce:author><ce:given-name>Yupeng</ce:given-name><ce:surname>Wu</ce:surname><ce:cross-ref refid="aff1"><ce:sup loc="post">a</ce:sup></ce:cross-ref><ce:cross-ref refid="cor1"><ce:sup loc="post">⁎</ce:sup></ce:cross-ref><ce:e-address type="email">Yupeng.Wu@nottingham.ac.uk</ce:e-address><ce:e-address type="email">jackwuyp@googlemail.com</ce:e-address></ce:author><ce:author><ce:given-name>Philip</ce:given-name><ce:surname>Eames</ce:surname><ce:cross-ref refid="aff2"><ce:sup loc="post">b</ce:sup></ce:cross-ref></ce:author><ce:author><ce:given-name>Tapas</ce:given-name><ce:surname>Mallick</ce:surname><ce:cross-ref refid="aff3"><ce:sup loc="post">c</ce:sup></ce:cross-ref></ce:author><ce:author><ce:given-name>Mohamed</ce:given-name><ce:surname>Sabry</ce:surname><ce:cross-ref refid="aff4"><ce:sup loc="post">d</ce:sup></ce:cross-ref></ce:author><ce:affiliation id="aff1"><ce:label>a</ce:label><ce:textfn>Department of Architecture &amp; Built Environment, Faculty of Engineering, University of Nottingham, Nottingham NG7 2RD, UK</ce:textfn></ce:affiliation><ce:affiliation id="aff2"><ce:label>b</ce:label><ce:textfn>Centre for Renewable Energy Systems Technology, Department of Electronic and Electrical Engineering, Loughborough University, Loughborough LE11 3TU, UK</ce:textfn></ce:affiliation><ce:affiliation id="aff3"><ce:label>c</ce:label><ce:textfn>Department of Mechanical Engineering, School of Engineering and Physical Sciences, Heriot-Watt University, Edinburgh EH14 4AS, UK</ce:textfn></ce:affiliation><ce:affiliation id="aff4"><ce:label>d</ce:label><ce:textfn>Solar Physics Lab, National Research Institute of Astronomy and Geophysics, Helwan, Cairo, Egypt</ce:textfn></ce:affiliation><ce:correspondence id="cor1"><ce:label>⁎</ce:label><ce:text>Corresponding author. Tel.: +44 (0) 115 74 84011.</ce:text></ce:correspondence></ce:author-group><ce:date-received day="20" month="9" year="2010"/><ce:date-revised day="7" month="9" year="2011"/><ce:date-accepted day="20" month="10" year="2011"/><ce:miscellaneous>Communicated by: Associate Editor Brian Norton</ce:miscellaneous><ce:abstract class="graphical" xml:lang="en"><ce:abstract-sec><ce:section-title>Highlights</ce:section-title><ce:simple-para id="sp005" view="all">► Extensive experiments for a point focus Fresnel lens PV Concentrator (FPVC) system were conducted. ► Conductive and convective heat transfer were the dominate heat transfer mechanisms in the FPVC system. ► At an extreme operation condition, the solar cell efficiency in the FPVC system was only 7.95%.</ce:simple-para></ce:abstract-sec></ce:abstract><ce:abstract class="author" xml:lang="en"><ce:section-title>Abstract</ce:section-title><ce:abstract-sec><ce:simple-para id="sp010" view="all">An extensive indoor experimental characterisation program to investigate the heat loss from a point focus Fresnel lens PV Concentrator (FPVC) with a concentration ratio of 100× was performed for a range of simulated solar radiation intensities between 200 and 1000<ce:hsp sp="0.25"/>W/m<ce:sup loc="post">2</ce:sup>, different ambient air temperatures, and natural and forced convection. From the experimental program it was found that the solar cell temperature increased proportionally with the increase in simulated solar radiation for all experimental tests, indicating that conductive and convective heat transfer were significantly larger than the long wave radiative heat transfer within and from the FPVC system. For the simulated worst case scenario, in which the FPVC system was tested under a simulated solar radiation intensity of 1000<ce:hsp sp="0.25"/>W/m<ce:sup loc="post">2</ce:sup> and ambient air temperature of 50<ce:hsp sp="0.25"/>°C with no forced convection, the predicted silicon solar cell efficiency in the FPVC system was reduced to approximately half that at standard test conditions.</ce:simple-para></ce:abstract-sec></ce:abstract><ce:keywords class="keyword"><ce:section-title>Keywords</ce:section-title><ce:keyword><ce:text>Fresnel lens PV Concentrator</ce:text></ce:keyword><ce:keyword><ce:text>Natural and forced convection</ce:text></ce:keyword><ce:keyword><ce:text>Thermal characterisation</ce:text></ce:keyword></ce:keywords></head><body view="all"><ce:sections><ce:section id="s0005" view="all"><ce:label>1</ce:label><ce:section-title>Introduction</ce:section-title><ce:para id="p0005" view="all">PV concentrator systems reduce the area of photovoltaic cells required, increase the solar radiation intensity on the photovoltaic cells and can lead to a reduction in total system cost, if the cost of the concentrator and tracking assembly are less than that of the area of photovoltaic cells displaced (<ce:cross-refs refid="b0005 b0010">Rabl, 1976; Winston et al., 2005</ce:cross-refs>). PV concentrators can employ reflective or refractive optical approaches or a combination of both. The two main types are (i) those that use mirrors such as a parabolic trough, parabolic dish or compound parabolic reflector, and (ii) those that use lenses such as a Fresnel lens. A reflector based concentrator requires larger areas of reflecting surface compared to the actual aperture area over which solar radiation is collected, in comparison Fresnel lens concentrators require the Fresnel lens area to match the aperture area and may be more suitable for concentrating PV applications (<ce:cross-ref refid="b0065">Singh et al., 1999</ce:cross-ref>). A Fresnel lens is a flat or curved optical component which focuses light by means of a series of concentric grooves (point focus) or parallel grooves (line focus), which are prismatic in section. For the point focus lens the acting angles of the prisms increase ring by ring from the centre. The light passing through each prism is refracted at a slightly different angle and focuses on a point (<ce:cross-ref refid="b0070">Al-Jumaily and Al-Kaysi, 1998</ce:cross-ref>). The Fresnel lens can achieve a high energy flux with geometric concentrations ratio from 10 to over 500 being common, however, tracking systems are required and direct radiation only is concentrated. A schematic sketch of a point focus Fresnel lens PV Concentrator is presented in <ce:cross-ref refid="f0005">Fig. 1</ce:cross-ref><ce:float-anchor refid="f0005"/> and illustrates how a Fresnel lens can focus sunlight onto a small area.</ce:para><ce:para id="p0010" view="all">A range of companies are currently developing Fresnel lens PV Concentrator (FPVC) systems due to their ability to increase the solar radiation intensity on the solar cells to high levels, simultaneously, the housing of the FPVC system performing as a heat sink and enhancing heat transfer from the solar cells to the ambient environment. <ce:cross-ref refid="b0020">Salim and Eugenio (1990)</ce:cross-ref> reported the performance of a 350<ce:hsp sp="0.25"/>kW Fresnel lens PV Concentrator system located about 45<ce:hsp sp="0.25"/>km northwest of Riyadh, the capital city of Saudi Arabia. They concluded that this PV system was a reliable source of power with minimum operation and maintenance requirements. <ce:cross-ref refid="b0025">Whitfield et al. (1999)</ce:cross-ref> undertook experimental tests for a two-axis tracking point-focus Fresnel lenses PV Concentrator with a concentration ratio of 32×. During a continuous 12<ce:hsp sp="0.25"/>h outdoor test at Reading UK, on the 8th of August 1998, the Fresnel lens PV Concentrator system generated 505<ce:hsp sp="0.25"/>Wh of electricity. A considerable volume of research has been undertaken and reported in the literature aimed at improving the optical efficiency of the Fresnel lens and at optimising the Fresnel lens design to provide a uniform radiation intensity distribution over the solar cell surface (<ce:cross-refs refid="b0015 b0030 b0035 b0040">Ryu et al., 2006; Nabelek et al., 1991; Andreev et al., 2004; Mallick and Eames, 2007a</ce:cross-refs>). To date, however, few have studied the thermal behaviour of FPVC systems (<ce:cross-ref refid="b0045">Mallick and Eames, 2007b</ce:cross-ref>), however, the thermal management of a concentrating PV system, especially when using crystalline silicon solar cells is crucial. The mechanisms which can be used to moderate cell temperature rise include increasing system heat dissipating areas (utilising fins), passive cooling (natural ventilation) and active cooling (forced convection of air over the front and rear of the cells or water circulation at the rear of the cell allowing solar thermal collection also if required). An extensive indoor experimental program to characterise the heat loss from a typical point focus Fresnel lens PV Concentrator has been undertaken for a range of simulated solar radiation intensities, different ambient air temperatures, and both natural and forced convection. The experimentally analysed FPVC with a design concentration ratio of 100× is illustrated schematically in <ce:cross-ref refid="f0010">Fig. 2</ce:cross-ref><ce:float-anchor refid="f0010"/>. The 1000<ce:hsp sp="0.25"/>mm long V-trough that forms the housing of the concentrator system is made from aluminium with a wall thickness of 0.6<ce:hsp sp="0.25"/>mm. The V-trough aperture is 100<ce:hsp sp="0.25"/>mm wide tapering to a base width of 20<ce:hsp sp="0.25"/>mm, the height of the trough is 87<ce:hsp sp="0.25"/>mm. In operation ten solar cells with dimensions of 12<ce:hsp sp="0.25"/>mm long by 10<ce:hsp sp="0.25"/>mm wide are installed on a 1000<ce:hsp sp="0.25"/>mm long, 1.5<ce:hsp sp="0.25"/>mm thick 20<ce:hsp sp="0.25"/>mm wide Insulated Metal Substrate (IMS) circuit board mounted at the base of the FPVC housing.</ce:para></ce:section><ce:section id="s0010" view="all"><ce:label>2</ce:label><ce:section-title>Design and selection of the experimental test facilities</ce:section-title><ce:para id="p0015" view="all">To enable the experimental tests to be easily repeatable, the Fresnel lens PV Concentrator (FPVC) was tested inside a heated insulated enclosure which was used to maintain a constant environmental temperature. Ten Electrical Resistance Heaters (ERHs), similar in dimension to the solar cells used in the FPVC system, replaced the solar cells, and were used to simulate the heat generated at the solar cells in the FPVC system when exposed to direct solar radiation. The small amount of solar radiation which is absorbed by a Fresnel lens when exposed to direct solar radiation was considered to be negligible and was not simulated. Initially, the solar cell conversion efficiency was assumed constant at 15% in all tests.</ce:para><ce:section id="s0015" view="all"><ce:label>2.1</ce:label><ce:section-title>Selection of the Electrical Resistance Heaters (ERHs)</ce:section-title><ce:para id="p0020" view="all">The heat to be dissipated from a solar cell in the Fresnel lens PV Concentrator was determined using the following equation:<ce:display><ce:formula id="e0005"><ce:label>(1)</ce:label><mml:math altimg="si1.gif" overflow="scroll"><mml:mi>Q</mml:mi><mml:mo>=</mml:mo><mml:mi>A</mml:mi><mml:mo>·</mml:mo><mml:mi>I</mml:mi><mml:mo>·</mml:mo><mml:msub><mml:mrow><mml:mi>η</mml:mi></mml:mrow><mml:mrow><mml:mi mathvariant="italic">opt</mml:mi></mml:mrow></mml:msub><mml:mo>·</mml:mo><mml:mo stretchy="false">(</mml:mo><mml:mn>1</mml:mn><mml:mo>-</mml:mo><mml:msub><mml:mrow><mml:mi>η</mml:mi></mml:mrow><mml:mrow><mml:mi mathvariant="italic">PV</mml:mi></mml:mrow></mml:msub><mml:mo stretchy="false">)</mml:mo></mml:math></ce:formula></ce:display>where <ce:italic>A</ce:italic> is the area of the Fresnel lens, <ce:italic>I</ce:italic> is the incident solar radiation intensity, <ce:italic>η<ce:inf loc="post">opt</ce:inf></ce:italic> is the optical efficiency of the FPVC system and <ce:italic>η<ce:inf loc="post">PV</ce:inf></ce:italic> is the solar-electrical conversion efficiency.</ce:para><ce:para id="p0025" view="all">After assuming that the maximum incident beam solar radiation intensity on the FPVC aperture was 1000<ce:hsp sp="0.25"/>W/m<ce:sup loc="post">2</ce:sup>, the optical efficiency of the FPVC system was 85% (<ce:cross-ref refid="b0035">Andreev et al., 2004</ce:cross-ref>) and the electrical conversion efficiency of the solar cell was 15%. From Eq. <ce:cross-ref refid="e0005">(1)</ce:cross-ref>, it can be calculated for these conditions that each solar cell in the FPVC system would, at steady state, need to dissipate 7.225<ce:hsp sp="0.25"/>W of heat. Ten 20<ce:hsp sp="0.25"/>W 20<ce:hsp sp="0.25"/>Ω ERHs, TO-126, with dimensions of 12<ce:hsp sp="0.25"/>mm<ce:hsp sp="0.25"/>×<ce:hsp sp="0.25"/>8<ce:hsp sp="0.25"/>mm<ce:hsp sp="0.25"/>×<ce:hsp sp="0.25"/>3<ce:hsp sp="0.25"/>mm having a rated output greater than 7.225<ce:hsp sp="0.25"/>W were selected to simulate the heat that would be dissipated from the PV cells in the FPVC system and used in the experiments. To control the power input into each of the resistance heaters a variable output power supply was used.</ce:para></ce:section><ce:section id="s0020" view="all"><ce:label>2.2</ce:label><ce:section-title>Design and fabrication of the temperature controlled test chamber</ce:section-title><ce:para id="p0030" view="all">A thermally insulated test chamber was designed and fabricated and used to provide a constant temperature environment for the experimental characterisation of the thermal behaviour of the FPVC system. The test chamber dimensions were 1500<ce:hsp sp="0.25"/>mm long by 1400<ce:hsp sp="0.25"/>mm wide by 1400<ce:hsp sp="0.25"/>mm high, this provided sufficient space to install the FPVC system and incline it over a range of angles. The test chamber frame was fabricated from 30<ce:hsp sp="0.25"/>mm<ce:hsp sp="0.25"/>×<ce:hsp sp="0.25"/>30<ce:hsp sp="0.25"/>mm cross section Bosch Aluminium Profiles. The floor of the chamber was comprised of a 3<ce:hsp sp="0.25"/>mm thick aluminium base plate, onto which a 15<ce:hsp sp="0.25"/>mm thick plywood board was bonded, the walls of the box were constructed from 15<ce:hsp sp="0.25"/>mm thick plywood boards. Celotex insulation boards 25<ce:hsp sp="0.25"/>mm thick with a thermal conductivity of 0.024<ce:hsp sp="0.25"/>W/m<ce:hsp sp="0.25"/>K were bonded to the inner surface of all of the chamber walls to reduce heat loss from the inside of the test chamber to the outside ambient environment.</ce:para><ce:para id="p0035" view="all">The first stage of the experimental test program was designed to investigate natural convective heat loss, no wind conditions. Eight 200<ce:hsp sp="0.25"/>W PTC element enclosure heaters connected in parallel to a FTST 400<ce:hsp sp="0.25"/>K temperature controller were used to increase the ambient temperature in the test chamber and maintain it at a predefined set point. The maximum generated heat flux on the aluminium base plate surface was set to a value of 850<ce:hsp sp="0.25"/>W/m<ce:sup loc="post">2</ce:sup>.</ce:para><ce:para id="p0040" view="all">In the second stage of the experimental test program, the thermal characterisation of the FPVC system was undertaken for forced convective heat transfer, simulating windy conditions. Twelve W2E 200-HH 38-01 exhaust fans having a maximum air volume flow rate of 1030<ce:hsp sp="0.25"/>m<ce:sup loc="post">3</ce:sup>/h (average air speed 5.65<ce:hsp sp="0.25"/>m/s) and fan diameter of 200<ce:hsp sp="0.25"/>mm were mounted onto the outer surface of the test chamber, opposite to the chamber door. The air flow rate through the fans was set using a fan speed controller.</ce:para></ce:section></ce:section><ce:section id="s0025" view="all"><ce:label>3</ce:label><ce:section-title>Experimental apparatus setup used for indoor heat loss characterisation</ce:section-title><ce:section id="s0030" view="all"><ce:label>3.1</ce:label><ce:section-title>Installation of the resistance heaters to the FPVC system</ce:section-title><ce:para id="p0045" view="all">Ten TO-126 ERHs were connected in parallel and placed in thermal contact with the IMS circuit board on which the solar cells would normally be mounted and bonded to it at the solar cell locations using a thermally conductive adhesive. The IMS circuit board used was a heat-conducting electrically-isolating material. The adhesive had a maximum operational temperature of 150<ce:hsp sp="0.25"/>°C and thermal conductivity of 0.815<ce:hsp sp="0.25"/>W/m<ce:hsp sp="0.25"/>K (<ce:cross-ref refid="b0050">Anon, 2008</ce:cross-ref>). A double-sided tape (Technibond T555) was used to fix the IMS circuit board to the inner base of the PV concentrator unit.</ce:para></ce:section><ce:section id="s0035" view="all"><ce:label>3.2</ce:label><ce:section-title>Temperature measurements and full experimental test apparatus</ce:section-title><ce:para id="p0050" view="all">Calibrated T type thermocouples were used to measure temperatures in the FPVC system at the locations illustrated in <ce:cross-ref refid="f0015">Fig. 3</ce:cross-ref><ce:float-anchor refid="f0015"/> and detailed in <ce:cross-ref refid="t0005">Table 1</ce:cross-ref><ce:float-anchor refid="t0005"/>. A photograph of the test chamber, FPVC system, power supply and the temperature controller is presented in <ce:cross-ref refid="f0020">Fig. 4</ce:cross-ref><ce:float-anchor refid="f0020"/>. The K type temperature sensor used by the temperature controller was located at the same position as thermocouple 16 (T16) in <ce:cross-ref refid="f0020">Fig. 4</ce:cross-ref>.</ce:para></ce:section></ce:section><ce:section id="s0040" view="all"><ce:label>4</ce:label><ce:section-title>Thermal behaviour of the FPVC system with natural convective heat transfer</ce:section-title><ce:section id="s0045" view="all"><ce:label>4.1</ce:label><ce:section-title>Ambient temperature of 20<ce:hsp sp="0.25"/>°C</ce:section-title><ce:para id="p0055" view="all">The thermal behaviour of the FPVC system was determined for simulated solar radiation intensities at the Fresnel lens of 200, 400, 600, 800 and 1000<ce:hsp sp="0.25"/>W/m<ce:sup loc="post">2</ce:sup> for natural convective heat loss (no wind condition) by running the heaters in both the FPVC system and the test chamber until the FPVC system reached steady state. The final ambient temperature of the test chamber was set at 20<ce:hsp sp="0.25"/>°C by controlling the heat input from the chamber heaters. Temperature readings were taken every 30<ce:hsp sp="0.25"/>s. For all the tests, after approximately 30<ce:hsp sp="0.25"/>min, steady state temperatures were reached for all sensors in the FPVC system.</ce:para><ce:para id="p0060" view="all">From the measured temperatures, isotherms at intervals of 4<ce:hsp sp="0.25"/>°C have been plotted around the simulated No. 3 solar cell along the IMS circuit board for simulated solar radiation intensities of 200, 400, 600, 800 and 1000<ce:hsp sp="0.25"/>W/m<ce:sup loc="post">2</ce:sup> and are presented in <ce:cross-ref refid="f0025">Fig. 5</ce:cross-ref><ce:float-anchor refid="f0025"/>. <ce:cross-ref refid="f0030">Fig. 6</ce:cross-ref><ce:float-anchor refid="f0030"/> presents the temperature profile in the horizontal long central axis (<ce:italic>X</ce:italic>-direction) along the IMS circuit board centred on the 3rd solar cell location for solar radiation intensities of 200, 400, 600, 800 and 1000<ce:hsp sp="0.25"/>W/m<ce:sup loc="post">2</ce:sup>. From <ce:cross-refs refid="f0025 f0030">Figs. 5 and 6</ce:cross-refs>, it can be seen that when the simulated solar radiation intensity is 1000<ce:hsp sp="0.25"/>W/m<ce:sup loc="post">2</ce:sup>, the PV cell achieves a maximum temperate of 92.4<ce:hsp sp="0.25"/>°C in the FPVC system, 72.4<ce:hsp sp="0.25"/>°C higher than the ambient temperature and over 20<ce:hsp sp="0.25"/>°C higher than those recorded on the IMS strip. The temperatures at distances <ce:italic>X</ce:italic><ce:hsp sp="0.25"/>=<ce:hsp sp="0.25"/>−23.6<ce:hsp sp="0.25"/>mm, 23.6<ce:hsp sp="0.25"/>mm and 76.4<ce:hsp sp="0.25"/>mm are all similar at approximately 70<ce:hsp sp="0.25"/>°C, this is to be expected since they are all located at similar distances from the simulated solar cells. Temperatures at these locations are, however, approximately 3<ce:hsp sp="0.25"/>°C higher than that measured at <ce:italic>X</ce:italic><ce:hsp sp="0.25"/>=<ce:hsp sp="0.25"/>−76.4<ce:hsp sp="0.25"/>mm, which is closer to the side end wall of the FPVC trough. Similar thermal behaviour and temperature distributions were found for simulated solar radiation intensities of 200, 400, 600 and 800<ce:hsp sp="0.25"/>W/m<ce:sup loc="post">2</ce:sup>. The peak temperatures on the IMS board are in the area around the cell due to heat input at this point. No significant temperature differences are measured on the IMS circuit board at distances of over 18<ce:hsp sp="0.25"/>mm away from the simulated solar cells, this could be due to the thermal resistance between the solar cell and the IMS board.</ce:para><ce:para id="p0065" view="all">The measured temperatures for the solar cell, the FPVC trough base rear, the bottom and the top of the FPVC trough wall and the temperature difference between the solar cell and the trough base rear are plotted in <ce:cross-ref refid="f0035">Fig. 7</ce:cross-ref><ce:float-anchor refid="f0035"/>. The following can be observed from <ce:cross-ref refid="f0035">Fig. 7</ce:cross-ref>, when the ambient air temperature is 20<ce:hsp sp="0.25"/>°C, the solar cell temperature linearly increases with the increase in the intensity of simulated solar radiation. Due to long-wave radiative heat transfer being a function of <ce:italic>T</ce:italic><ce:sup loc="post">4</ce:sup>, it can be deduced that radiative heat transfer is less than conductive and convective heat transfer in the FPVC system. When the simulated solar radiation intensity was 1000<ce:hsp sp="0.25"/>W/m<ce:sup loc="post">2</ce:sup>, the temperature difference between the solar cell and the trough base rear was 36.5<ce:hsp sp="0.25"/>°C, and 7.7<ce:hsp sp="0.25"/>°C at a simulated solar radiation intensity of 200<ce:hsp sp="0.25"/>W/m<ce:sup loc="post">2</ce:sup>. The measured temperature differences between the solar cell and the trough base rear are significant for the small distance between the solar cell and the rear of the trough base, and results due to the high thermal resistance between the IMS strip and the trough base. There were no significant temperature differences measured between the trough base rear and the bottom of the trough wall in all tests. The temperatures at the trough base are approximately 7<ce:hsp sp="0.25"/>°C higher than those on the top of the trough wall for a simulated solar radiation intensity of 1000<ce:hsp sp="0.25"/>W/m<ce:sup loc="post">2</ce:sup>, and 2<ce:hsp sp="0.25"/>°C higher for 200<ce:hsp sp="0.25"/>W/m<ce:sup loc="post">2</ce:sup>.</ce:para></ce:section><ce:section id="s0050" view="all"><ce:label>4.2</ce:label><ce:section-title>Ambient temperature of 50<ce:hsp sp="0.25"/>°C</ce:section-title><ce:para id="p0070" view="all">To investigate the thermal performance of the FPVC system in a hot climate, an ambient air temperature of 50<ce:hsp sp="0.25"/>°C was maintained in the test chamber, slightly higher than the average summer ambient air temperature of 45<ce:hsp sp="0.25"/>°C in the Arabian Gulf (<ce:cross-ref refid="b0055">Anon, 2009</ce:cross-ref>). This temperature was selected to investigate the probable extreme operating conditions that the system will be subjected to if installed for large scale power generation in high solar radiation areas. Simulated solar radiation intensities of 200, 400, 600, 800 and 1000<ce:hsp sp="0.25"/>W/m<ce:sup loc="post">2</ce:sup> were again applied in the FPVC system and a natural convective heat loss condition used when running the heaters in both the FPVC system and the test chamber until steady state was obtained with an ambient air temperature of 50<ce:hsp sp="0.25"/>°C.</ce:para><ce:para id="p0075" view="all">The thermal performance of the FPVC for a 50<ce:hsp sp="0.25"/>°C ambient air temperature with natural convection has a similar characteristic to it with 20<ce:hsp sp="0.25"/>°C ambient air temperature. The measured temperatures of the solar cell, the FPVC trough base rear, the bottom and the top of the FPVC trough wall and the temperature difference between the solar cell and the trough base rear are plotted in <ce:cross-ref refid="f0040">Fig. 8</ce:cross-ref><ce:float-anchor refid="f0040"/>. From <ce:cross-ref refid="f0040">Fig. 8</ce:cross-ref>, it can be seen that when the ambient air temperature is 50<ce:hsp sp="0.25"/>°C, the FPVC system demonstrates similar thermal behaviour to the case for an ambient air temperature of 20<ce:hsp sp="0.25"/>°C. The linearity of the temperature increase with input power indicates that conductive and convective heat transfers again are the dominant heat transfer mechanisms in the FPVC system. The measured temperature difference between the solar cell and the trough base rear is significant.</ce:para><ce:para id="p0080" view="all">From <ce:cross-refs refid="f0035 f0040">Figs. 7 and 8</ce:cross-refs>, it can be seen that when the system was tested at different ambient air temperatures with similar simulated solar radiation intensities, the temperature differences between the cell and the ambient air temperature were similar. The temperature difference was approximately 70<ce:hsp sp="0.25"/>°C at a simulated solar radiation intensity of 1000<ce:hsp sp="0.25"/>W/m<ce:sup loc="post">2</ce:sup> with an ambient air temperature of 50<ce:hsp sp="0.25"/>°C, and was 72<ce:hsp sp="0.25"/>°C at the similar radiation intensity level with ambient air temperature of 20<ce:hsp sp="0.25"/>°C. Both temperature differences were 17<ce:hsp sp="0.25"/>°C for a solar radiation intensity of 200<ce:hsp sp="0.25"/>W/m<ce:sup loc="post">2</ce:sup>, and ambient air temperatures of 20<ce:hsp sp="0.25"/>°C and 50<ce:hsp sp="0.25"/>°C. The measured temperature differences between the trough base rear and the ambient air temperature were also similar, when the system was tested at ambient air temperatures of 20<ce:hsp sp="0.25"/>°C and 50<ce:hsp sp="0.25"/>°C for the same simulated solar radiation intensities.</ce:para></ce:section></ce:section><ce:section id="s0055" view="all"><ce:label>5</ce:label><ce:section-title>Thermal characterisation of the FPVC system with an ambient air temperature of 20<ce:hsp sp="0.25"/>°C and forced convection heat transfer</ce:section-title><ce:para id="p0085" view="all">The thermal characteristics of the FPVC were investigated for simulated solar radiation intensities of 200, 400, 600, 800 and 1000<ce:hsp sp="0.25"/>W/m<ce:sup loc="post">2</ce:sup> with two kinds of forced convective cooling conditions, forced air flow along the long axis and force air flow over the cross section of the FPVC system, respectively. The average air velocity of 2.0<ce:hsp sp="0.25"/>m/s with an ambient temperature of 20<ce:hsp sp="0.25"/>°C was applied in the tests. Under the forced convective cooling conditions, the FPVC system demonstrated similar thermal behaviour when compared to that at 20<ce:hsp sp="0.25"/>°C ambient air temperature with natural convective cooling only. The measured temperatures of the No. 3 simulated solar cell and the FPVC trough base rear with solar radiation and an ambient air temperature of 20<ce:hsp sp="0.25"/>°C under natural convection and forced convection are plotted in <ce:cross-ref refid="f0045">Fig. 9</ce:cross-ref><ce:float-anchor refid="f0045"/>. The measured detailed temperature distribution around the No. 3 solar cells under the forced convective cooling conditions are shown in <ce:cross-refs refid="f0055 f0060 f0065">Figs. A1–A3</ce:cross-refs> in <ce:cross-ref refid="s0070">Appendix A</ce:cross-ref>. From <ce:cross-ref refid="f0045">Fig. 9</ce:cross-ref>, it can be seen that the cell temperature is significantly reduced by using forced convective heat transfer when compared to that for natural convection. At an ambient temperature of 20<ce:hsp sp="0.25"/>°C and under the natural convective conditions, the solar cell temperature is higher than that with a 2.0<ce:hsp sp="0.25"/>m/s air flow over the FPVC system. When the air flows along the long axis of the FPVC trough, the cell temperature is only slightly higher than that measured for air flow over the cross section, possibly due to a lower convective heat transfer rate occurring at the trough surface. When the simulated solar radiation intensity was 1000<ce:hsp sp="0.25"/>W/m<ce:sup loc="post">2</ce:sup>, the measured cell temperature was 92.4<ce:hsp sp="0.25"/>°C for the natural convective case, and 76.4 and 74.6<ce:hsp sp="0.25"/>°C for forced convective case with 2.0<ce:hsp sp="0.25"/>m/s air flow along the long axis, and over the cross section of the FPVC, respectively. The temperature of the trough base rear has a similar temperature distribution to that of the cell under natural and forced convection. All temperatures are higher for natural convection than those measured for forced convection. The temperature difference between the cell and trough base rear are similar for similar values of simulated solar radiation for both natural and forced convective conditions. When the solar radiation is 1000<ce:hsp sp="0.25"/>W/m<ce:sup loc="post">2</ce:sup>, the temperature difference between the cell and the trough base rear is around 38<ce:hsp sp="0.25"/>°C, and approximately 8<ce:hsp sp="0.25"/>°C at 200<ce:hsp sp="0.25"/>W/m<ce:sup loc="post">2</ce:sup>.</ce:para><ce:para id="p0090" view="all">For the FPVC system under forced convective cooling conditions, conduction and convection are still the dominant heat transfer mechanisms in the FPVC system, illustrated by the linearity of the increase in temperature of the simulated solar cell with input power. The temperature difference between the solar cell and the trough base rear is again significant.</ce:para></ce:section><ce:section id="s0060" view="all"><ce:label>6</ce:label><ce:section-title>Discussion</ce:section-title><ce:para id="p0095" view="all">For crystalline silicon cells, the cell efficiency decreases by approximately 5% with a 10<ce:hsp sp="0.25"/>°C temperature increase (<ce:cross-ref refid="b0060">Anon, 2005</ce:cross-ref>). The electrical conversion efficiency of the FPVC system can be calculated by the following equation:<ce:display><ce:formula id="e0010"><ce:label>(2)</ce:label><mml:math altimg="si2.gif" overflow="scroll"><mml:msub><mml:mrow><mml:mi>η</mml:mi></mml:mrow><mml:mrow><mml:mi mathvariant="italic">PV</mml:mi></mml:mrow></mml:msub><mml:mo>=</mml:mo><mml:msub><mml:mrow><mml:mi>η</mml:mi></mml:mrow><mml:mrow><mml:mi mathvariant="italic">PV</mml:mi><mml:mo>.</mml:mo><mml:mi mathvariant="italic">STC</mml:mi></mml:mrow></mml:msub><mml:mo>×</mml:mo><mml:mo stretchy="false">[</mml:mo><mml:mn>1</mml:mn><mml:mo>+</mml:mo><mml:mn>0.005</mml:mn><mml:mo>×</mml:mo><mml:mo stretchy="false">(</mml:mo><mml:mn>25</mml:mn><mml:mo>-</mml:mo><mml:msub><mml:mrow><mml:mi>T</mml:mi></mml:mrow><mml:mrow><mml:mi mathvariant="italic">cell</mml:mi></mml:mrow></mml:msub><mml:mo stretchy="false">)</mml:mo><mml:mo stretchy="false">]</mml:mo></mml:math></ce:formula></ce:display>where <ce:italic>η<ce:inf loc="post">PV</ce:inf></ce:italic><ce:inf loc="post">.</ce:inf><ce:italic><ce:inf loc="post">STC</ce:inf></ce:italic> is the standard test condition PV electricity conversion efficiency (<ce:italic>η<ce:inf loc="post">PV</ce:inf></ce:italic><ce:inf loc="post">.</ce:inf><ce:italic><ce:inf loc="post">STC</ce:inf></ce:italic><ce:hsp sp="0.25"/>=<ce:hsp sp="0.25"/>15).</ce:para><ce:para id="p0100" view="all">Based on the measured solar cell temperatures in Sections <ce:cross-refs refid="s0040 s0055">4 and 5</ce:cross-refs>, the electrical conversion efficiency of the 3rd cell in the FPVC system at simulated solar radiation intensities of 200<ce:hsp sp="0.25"/>W/m<ce:sup loc="post">2</ce:sup>, 400<ce:hsp sp="0.25"/>W/m<ce:sup loc="post">2</ce:sup>, 600<ce:hsp sp="0.25"/>W/m<ce:sup loc="post">2</ce:sup>, 800<ce:hsp sp="0.25"/>W/m<ce:sup loc="post">2</ce:sup> and 1000<ce:hsp sp="0.25"/>W/m<ce:sup loc="post">2</ce:sup> for different ambient air temperatures, and both natural and forced convection calculated using Eq. <ce:cross-ref refid="e0010">(2)</ce:cross-ref> are shown in <ce:cross-ref refid="t0010">Table 2</ce:cross-ref><ce:float-anchor refid="t0010"/>. From <ce:cross-ref refid="t0010">Table 2</ce:cross-ref>, it can be seen that in the simulated worst case scenario, when the FPVC system was under natural convection (no wind conditions) at a simulated solar radiation intensity of 1000<ce:hsp sp="0.25"/>W/m<ce:sup loc="post">2</ce:sup> and ambient air temperature of 50<ce:hsp sp="0.25"/>°C, the solar cell efficiency in the FPVC system was reduced to 7.95%, for an ambient air temperature of 20<ce:hsp sp="0.25"/>°C, it was reduced to 9.95%. When the ambient air temperature was 20<ce:hsp sp="0.25"/>°C, the predicted efficiencies were 11.15% and 11.28% under forced air (air velocity of 2<ce:hsp sp="0.25"/>m/s) flow along the length of the FPVC and with air flow across the cross section, respectively.</ce:para><ce:para id="p0105" view="all">Assuming a constant cell electrical conversion efficiency of 15%, a constant fraction of the incident solar radiation would be dissipated by the solar cell for each solar radiation intensity level. From <ce:cross-ref refid="t0010">Table 2</ce:cross-ref>, it can be seen that for the worst scenario when the ambient temperature was 50<ce:hsp sp="0.25"/>°C with natural convection only, the predicted cell electrical conversion efficiency would have reduced to approximately 8% rather than the 15% assumed. The energy dissipated as heat from the cell would thus be 7% higher. To correct for this effect the apparent insolation level should be modified using the following formula:<ce:display><ce:formula id="e0015"><ce:label>(3)</ce:label><mml:math altimg="si3.gif" overflow="scroll"><mml:msub><mml:mrow><mml:mi>I</mml:mi></mml:mrow><mml:mrow><mml:mi mathvariant="italic">act</mml:mi></mml:mrow></mml:msub><mml:mo>=</mml:mo><mml:mi>I</mml:mi><mml:mo>×</mml:mo><mml:mfrac><mml:mrow><mml:mn>0.85</mml:mn></mml:mrow><mml:mrow><mml:mn>0.85</mml:mn><mml:mo>+</mml:mo><mml:mi>d</mml:mi><mml:mi>η</mml:mi></mml:mrow></mml:mfrac></mml:math></ce:formula></ce:display>where <ce:italic>I<ce:inf loc="post">act</ce:inf></ce:italic> is the actual incident solar radiation intensity, <ce:italic>dη</ce:italic> is solar cell efficiency difference between the initially assumed 15% and final calculated cell efficiency based on measured cell temperature.</ce:para><ce:para id="p0110" view="all">The actual incident solar radiation intensities corresponding to the calculated solar cell conversion efficiencies are shown in <ce:cross-ref refid="t0015">Table 3</ce:cross-ref><ce:float-anchor refid="t0015"/>. Thus for the worst case scenario the actual radiation that would lead to the temperature observed when including the reduction in efficiency due to increased temperature is 923<ce:hsp sp="0.25"/>W. The measured solar cell temperatures at actual solar radiation intensities are illustrated in <ce:cross-ref refid="f0050">Fig. 10</ce:cross-ref><ce:float-anchor refid="f0050"/>. The solar cell temperatures still increased linearly with the increase in the actual solar radiation in all experimental tests. It proves that the utilisation of an initial constant solar cell conversion efficiency of 15% in the FPVC system does not affect the thermal behaviour of the FPVC system. The aim of this work was to examine the thermal performance of a Fresnel lens PV Concentrator system, the results and method developed can be used to both improve the design of the system and identify design limitations.</ce:para></ce:section><ce:section id="s0065" view="all"><ce:label>7</ce:label><ce:section-title>Conclusion and suggestions</ce:section-title><ce:para id="p0115" view="all">A detailed indoor experimental characterisation of a 0.6<ce:hsp sp="0.25"/>mm thick aluminium trough wall Fresnel lens PV Concentrator (FPVC) with a concentration ratio of 100 was undertaken at different simulated solar radiation intensities, different ambient air temperatures with natural and forced convective heat transfer conditions. The following conclusions can be drawn:<ce:list id="l0005"><ce:list-item id="o0005"><ce:label>•</ce:label><ce:para id="p0130" view="all">The solar cell temperature increased linearly with the increase in the simulated solar radiation from 200<ce:hsp sp="0.25"/>W/m<ce:sup loc="post">2</ce:sup> to 1000<ce:hsp sp="0.25"/>W/m<ce:sup loc="post">2</ce:sup> in all experimental tests if a conversion efficiency of 15% was assumed. Conductive and convective heat transfer mechanisms were the dominant heat transfer modes within and from the FPVC system.</ce:para></ce:list-item><ce:list-item id="o0010"><ce:label>•</ce:label><ce:para id="p0135" view="all">The temperature differences between the solar cell and the ambient air temperatures were similar for systems tested at ambient air temperatures of 20<ce:hsp sp="0.25"/>°C and 50<ce:hsp sp="0.25"/>°C. The measured temperature difference between the solar cell and the trough base rear was high, and indicates high thermal resistance between the IMS board and the trough base. Temperature differences were almost the same at similar solar radiation intensities for both natural and forced air flow condition. When the solar radiation was 1000<ce:hsp sp="0.25"/>W/m<ce:sup loc="post">2</ce:sup>, the temperature difference between the solar cell and the trough base rear was around 38<ce:hsp sp="0.25"/>°C, and approximately 8<ce:hsp sp="0.25"/>°C at 200<ce:hsp sp="0.25"/>W/m<ce:sup loc="post">2</ce:sup>. A higher thermally conductive material should be employed between the IMS board and the trough base rear to improve the heat transfer within the FPVC system and to dissipate heat from the solar cell and thus increase system efficiency.</ce:para></ce:list-item><ce:list-item id="o0015"><ce:label>•</ce:label><ce:para id="p0140" view="all">Under forced convection conditions, the solar cell temperature was significantly reduced compared to that for similar solar radiation intensities and natural convective conditions. There was no significant temperature difference between the simulated No. 3 solar cell, when tested at similar solar radiation intensities and ambient air temperatures with air flow along the long axis of the FPVC system and with air flow across the cross section.</ce:para></ce:list-item><ce:list-item id="o0020"><ce:label>•</ce:label><ce:para id="p0145" view="all">In the simulated worst case scenario, when the FPVC system was tested for a simulated solar radiation intensity of 1000<ce:hsp sp="0.25"/>W/m<ce:sup loc="post">2</ce:sup>, ambient air temperature of 50<ce:hsp sp="0.25"/>°C and natural convection only, the predicted solar cell efficiency in the FPVC system was reduced from 15% to 7.95%.</ce:para></ce:list-item></ce:list></ce:para><ce:para id="p0120" view="all">From the above conclusions, the following are recommended: A three dimensional heat transfer model which simulates conduction, convection and radiation modes of heat transfer should be developed for the FPVC system which after validation can be used to more fully understand the thermal performance of the system. The thermal performance results from the simulations could be used to both improve the design of the system and identify design limitations.</ce:para></ce:section></ce:sections><ce:acknowledgment><ce:section-title>Acknowledgements</ce:section-title><ce:para id="p0150" view="all">Work supported by the Engineering and Physical Sciences Research Council (EPSRC) of the UK (EP/D060214/3) and the DTI LUCENT project.</ce:para></ce:acknowledgment><ce:appendices view="all"><ce:section id="s0070" view="all"><ce:section-title>Appendix A</ce:section-title><ce:para id="p0125" view="all"><ce:cross-refs refid="f0055 f0060 f0065">Figs. A1–A3</ce:cross-refs><ce:float-anchor refid="f0055"/><ce:float-anchor refid="f0060"/><ce:float-anchor refid="f0065"/>.</ce:para></ce:section></ce:appendices></body><tail view="all"><ce:bibliography id="bi0005" view="all"><ce:section-title>References</ce:section-title><ce:bibliography-sec id="bs0005"><ce:bib-reference id="b0070"><ce:label>Al-Jumaily and Al-Kaysi, 1998</ce:label><sb:reference><sb:contribution langtype="en"><sb:authors><sb:author><ce:given-name>Khalil E.J.</ce:given-name><ce:surname>Al-Jumaily</ce:surname></sb:author><sb:author><ce:given-name>Munadhila K.A.</ce:given-name><ce:surname>Al-Kaysi</ce:surname></sb:author></sb:authors><sb:title><sb:maintitle>The study of the performance and efficiency of flat linear Fresnel lens collector with sun tracking system in Iraq</sb:maintitle></sb:title></sb:contribution><sb:host><sb:issue><sb:series><sb:title><sb:maintitle>Renewable Energy</sb:maintitle></sb:title><sb:volume-nr>14</sb:volume-nr></sb:series><sb:date>1998</sb:date></sb:issue><sb:pages><sb:first-page>41</sb:first-page><sb:last-page>48</sb:last-page></sb:pages></sb:host></sb:reference></ce:bib-reference><ce:bib-reference id="b0035"><ce:label>Andreev et al., 2004</ce:label><sb:reference><sb:contribution langtype="en"><sb:authors><sb:author><ce:given-name>V.M.</ce:given-name><ce:surname>Andreev</ce:surname></sb:author><sb:author><ce:given-name>V.A.</ce:given-name><ce:surname>Grilikhes</ce:surname></sb:author><sb:author><ce:given-name>V.P.</ce:given-name><ce:surname>Khvostikov</ce:surname></sb:author><sb:author><ce:given-name>O.A.</ce:given-name><ce:surname>Khvostikova</ce:surname></sb:author><sb:author><ce:given-name>V.D.</ce:given-name><ce:surname>Rumyantsev</ce:surname></sb:author><sb:author><ce:given-name>N.A.</ce:given-name><ce:surname>Sadchikov</ce:surname></sb:author><sb:author><ce:given-name>M.Z.</ce:given-name><ce:surname>Shvarts</ce:surname></sb:author></sb:authors><sb:title><sb:maintitle>Concentrator PV modules and solar cells for TPV systems</sb:maintitle></sb:title></sb:contribution><sb:host><sb:issue><sb:series><sb:title><sb:maintitle>Solar Energy Materials &amp; Solar cells</sb:maintitle></sb:title><sb:volume-nr>84</sb:volume-nr></sb:series><sb:date>2004</sb:date></sb:issue><sb:pages><sb:first-page>3</sb:first-page><sb:last-page>17</sb:last-page></sb:pages></sb:host></sb:reference></ce:bib-reference><ce:bib-reference id="b0060"><ce:label>Anon, 2005</ce:label><sb:reference><sb:contribution langtype="en"><sb:authors><sb:author><ce:surname>Anon</ce:surname></sb:author></sb:authors></sb:contribution><sb:host><sb:book><sb:title><sb:maintitle>Planning and Installing Photovoltaic Systems: A Guide for Installers, Architects and Engineers by the German Solar Energy Society (DGS)</sb:maintitle></sb:title><sb:date>2005</sb:date><sb:publisher><sb:name>James &amp; James</sb:name><sb:location>London, UK</sb:location></sb:publisher></sb:book></sb:host></sb:reference></ce:bib-reference><ce:bib-reference id="b0050"><ce:label>Anon, 2008</ce:label><sb:reference><sb:contribution langtype="en"><sb:authors><sb:author><ce:given-name>R.S.</ce:given-name><ce:surname>Anon</ce:surname></sb:author></sb:authors><sb:title><sb:maintitle>Data Sheet LOCTITE® 315™</sb:maintitle></sb:title></sb:contribution><sb:host><sb:book><sb:date>2008</sb:date><sb:publisher><sb:name>RS Components, Ltd.</sb:name><sb:location>UK</sb:location></sb:publisher></sb:book></sb:host></sb:reference></ce:bib-reference><ce:bib-reference id="b0055"><ce:label>Anon and Weather underground, 2009</ce:label><ce:other-ref><ce:textref>Anon, 2009. Weather underground, &lt;<ce:inter-ref xlink:href="http://www.wunderground.com/global/MI.html" xlink:type="simple">http://www.wunderground.com/global/MI.html</ce:inter-ref>&gt;.</ce:textref></ce:other-ref></ce:bib-reference><ce:bib-reference id="b0040"><ce:label>Mallick and T.K., 2007a</ce:label><ce:other-ref><ce:textref>Mallick, T.K., Eames, P.C., 2007a. Optical performance predictions for a high concentration point focus photovoltaics system. In: Proceedings of ICSC-4. El Escorial, Spain.</ce:textref></ce:other-ref></ce:bib-reference><ce:bib-reference id="b0045"><ce:label>Mallick and T.K., 2007b</ce:label><ce:other-ref><ce:textref>Mallick, T.K., Eames, P.C., 2007b. Optical and thermal performance predictions for a high concentration point focus photovoltaic system. In: Proceedings of ISES. Beijing, China.</ce:textref></ce:other-ref></ce:bib-reference><ce:bib-reference id="b0030"><ce:label>Nabelek et al., 1991</ce:label><sb:reference><sb:contribution langtype="en"><sb:authors><sb:author><ce:given-name>B.</ce:given-name><ce:surname>Nabelek</ce:surname></sb:author><sb:author><ce:given-name>M.</ce:given-name><ce:surname>Maly</ce:surname></sb:author><sb:author><ce:given-name>V.l.</ce:given-name><ce:surname>Jirka</ce:surname></sb:author></sb:authors><sb:title><sb:maintitle>Linear Fresnel lenses, their design and use</sb:maintitle></sb:title></sb:contribution><sb:host><sb:issue><sb:series><sb:title><sb:maintitle>Renewable Energy</sb:maintitle></sb:title><sb:volume-nr>1</sb:volume-nr></sb:series><sb:date>1991</sb:date></sb:issue><sb:pages><sb:first-page>403</sb:first-page><sb:last-page>408</sb:last-page></sb:pages></sb:host></sb:reference></ce:bib-reference><ce:bib-reference id="b0005"><ce:label>Rabl, 1976</ce:label><sb:reference><sb:contribution langtype="en"><sb:authors><sb:author><ce:given-name>A.</ce:given-name><ce:surname>Rabl</ce:surname></sb:author></sb:authors><sb:title><sb:maintitle>Comparison of Solar Concentrators</sb:maintitle></sb:title></sb:contribution><sb:host><sb:issue><sb:series><sb:title><sb:maintitle>Solar Energy</sb:maintitle></sb:title><sb:volume-nr>18</sb:volume-nr></sb:series><sb:date>1976</sb:date></sb:issue><sb:pages><sb:first-page>93</sb:first-page><sb:last-page>111</sb:last-page></sb:pages></sb:host></sb:reference></ce:bib-reference><ce:bib-reference id="b0015"><ce:label>Ryu et al., 2006</ce:label><sb:reference><sb:contribution langtype="en"><sb:authors><sb:author><ce:given-name>K.</ce:given-name><ce:surname>Ryu</ce:surname></sb:author><sb:author><ce:given-name>J.G.</ce:given-name><ce:surname>Rhee</ce:surname></sb:author><sb:author><ce:given-name>K.M.</ce:given-name><ce:surname>Park</ce:surname></sb:author><sb:author><ce:given-name>J.</ce:given-name><ce:surname>Kim</ce:surname></sb:author></sb:authors><sb:title><sb:maintitle>Concept and design of modular Fresnel lenses for concentration solar PV system</sb:maintitle></sb:title></sb:contribution><sb:host><sb:issue><sb:series><sb:title><sb:maintitle>Solar Energy</sb:maintitle></sb:title><sb:volume-nr>80</sb:volume-nr></sb:series><sb:date>2006</sb:date></sb:issue><sb:pages><sb:first-page>1580</sb:first-page><sb:last-page>1587</sb:last-page></sb:pages></sb:host></sb:reference></ce:bib-reference><ce:bib-reference id="b0020"><ce:label>Salim and Eugenio, 1990</ce:label><sb:reference><sb:contribution langtype="en"><sb:authors><sb:author><ce:given-name>A.A.</ce:given-name><ce:surname>Salim</ce:surname></sb:author><sb:author><ce:given-name>N.N.</ce:given-name><ce:surname>Eugenio</ce:surname></sb:author></sb:authors><sb:title><sb:maintitle>A comprehensive report on the performance of the longest operating 350<ce:hsp sp="0.25"/>kW concentrator photovoltaic power system</sb:maintitle></sb:title></sb:contribution><sb:host><sb:issue><sb:series><sb:title><sb:maintitle>Solar Energy</sb:maintitle></sb:title><sb:volume-nr>29</sb:volume-nr></sb:series><sb:date>1990</sb:date></sb:issue><sb:pages><sb:first-page>1</sb:first-page><sb:last-page>24</sb:last-page></sb:pages></sb:host></sb:reference></ce:bib-reference><ce:bib-reference id="b0065"><ce:label>Singh et al., 1999</ce:label><sb:reference><sb:contribution langtype="en"><sb:authors><sb:author><ce:given-name>P.L.</ce:given-name><ce:surname>Singh</ce:surname></sb:author><sb:author><ce:given-name>S.</ce:given-name><ce:surname>Ganesan</ce:surname></sb:author><sb:author><ce:given-name>G.C.</ce:given-name><ce:surname>Yàdav</ce:surname></sb:author></sb:authors><sb:title><sb:maintitle>Performance study of a linear Fresnel concentrating solar device</sb:maintitle></sb:title></sb:contribution><sb:host><sb:issue><sb:series><sb:title><sb:maintitle>Renewable Energy</sb:maintitle></sb:title><sb:volume-nr>18</sb:volume-nr></sb:series><sb:date>1999</sb:date></sb:issue><sb:pages><sb:first-page>409</sb:first-page><sb:last-page>416</sb:last-page></sb:pages></sb:host></sb:reference></ce:bib-reference><ce:bib-reference id="b0025"><ce:label>Whitfield et al., 1999</ce:label><sb:reference><sb:contribution langtype="en"><sb:authors><sb:author><ce:given-name>G.R.</ce:given-name><ce:surname>Whitfield</ce:surname></sb:author><sb:author><ce:given-name>R.W.</ce:given-name><ce:surname>Bentley</ce:surname></sb:author><sb:author><ce:given-name>C.K.</ce:given-name><ce:surname>Weatherby</ce:surname></sb:author><sb:author><ce:given-name>A.C.</ce:given-name><ce:surname>Hunt</ce:surname></sb:author><sb:author><ce:given-name>H.D.</ce:given-name><ce:surname>Mohring</ce:surname></sb:author><sb:author><ce:given-name>F.H.</ce:given-name><ce:surname>Klotz</ce:surname></sb:author><sb:author><ce:given-name>P.</ce:given-name><ce:surname>Keuber</ce:surname></sb:author><sb:author><ce:given-name>J.C.</ce:given-name><ce:surname>Minano</ce:surname></sb:author></sb:authors><sb:title><sb:maintitle>The development and testing of small concentrating PV system</sb:maintitle></sb:title></sb:contribution><sb:host><sb:issue><sb:series><sb:title><sb:maintitle>Solar Energy</sb:maintitle></sb:title><sb:volume-nr>67</sb:volume-nr></sb:series><sb:date>1999</sb:date></sb:issue><sb:pages><sb:first-page>23</sb:first-page><sb:last-page>34</sb:last-page></sb:pages></sb:host></sb:reference></ce:bib-reference><ce:bib-reference id="b0010"><ce:label>Winston et al., 2005</ce:label><sb:reference><sb:contribution langtype="en"><sb:authors><sb:author><ce:given-name>R.</ce:given-name><ce:surname>Winston</ce:surname></sb:author><sb:author><ce:given-name>J.C.</ce:given-name><ce:surname>Miñano</ce:surname></sb:author><sb:author><ce:given-name>P.</ce:given-name><ce:surname>Benítez</ce:surname></sb:author></sb:authors><sb:title><sb:maintitle>Nonimaging Optics</sb:maintitle></sb:title></sb:contribution><sb:host><sb:book><sb:date>2005</sb:date><sb:publisher><sb:name>Elsevier Academic Press</sb:name><sb:location>London, UK</sb:location></sb:publisher></sb:book></sb:host></sb:reference></ce:bib-reference></ce:bibliography-sec></ce:bibliography></tail></article></xocs:serial-item></xocs:doc>