<xocs:doc xsi:schemaLocation="http://www.elsevier.com/xml/xocs/dtd http://schema.elsevier.com/dtds/document/fulltext/xcr/xocs-article.xsd" xmlns:xocs="http://www.elsevier.com/xml/xocs/dtd" xmlns:xs="http://www.w3.org/2001/XMLSchema" xmlns:xsi="http://www.w3.org/2001/XMLSchema-instance" xmlns="http://www.elsevier.com/xml/ja/dtd" xmlns:ja="http://www.elsevier.com/xml/ja/dtd" xmlns:mml="http://www.w3.org/1998/Math/MathML" xmlns:tb="http://www.elsevier.com/xml/common/table/dtd" xmlns:sb="http://www.elsevier.com/xml/common/struct-bib/dtd" xmlns:ce="http://www.elsevier.com/xml/common/dtd" xmlns:xlink="http://www.w3.org/1999/xlink" xmlns:cals="http://www.elsevier.com/xml/common/cals/dtd"><xocs:meta><xocs:content-family>serial</xocs:content-family><xocs:content-type>JL</xocs:content-type><xocs:cid>271411</xocs:cid><xocs:ssids><xocs:ssid type="alllist">291210</xocs:ssid><xocs:ssid type="subj">291689</xocs:ssid><xocs:ssid type="subj">291719</xocs:ssid><xocs:ssid type="subj">291790</xocs:ssid><xocs:ssid type="subj">291865</xocs:ssid><xocs:ssid type="subj">291877</xocs:ssid><xocs:ssid type="content">31</xocs:ssid><xocs:ssid type="oa">90</xocs:ssid></xocs:ssids><xocs:srctitle>Solid State Ionics</xocs:srctitle><xocs:normalized-srctitle>SOLIDSTATEIONICS</xocs:normalized-srctitle><xocs:orig-load-date yyyymmdd="20150115">2015-01-15</xocs:orig-load-date><xocs:ew-transaction-id>2015-04-13T15:24:43</xocs:ew-transaction-id><xocs:eid>1-s2.0-S0167273814004548</xocs:eid><xocs:pii-formatted>S0167-2738(14)00454-8</xocs:pii-formatted><xocs:pii-unformatted>S0167273814004548</xocs:pii-unformatted><xocs:doi>10.1016/j.ssi.2014.11.006</xocs:doi><xocs:item-stage>S300</xocs:item-stage><xocs:item-version-number>S300.2</xocs:item-version-number><xocs:item-weight>FULL-TEXT</xocs:item-weight><xocs:hub-eid>1-s2.0-S0167273815X00051</xocs:hub-eid><xocs:timestamp yyyymmdd="20150413">2015-04-13T11:20:12.065692-04:00</xocs:timestamp><xocs:dco>0</xocs:dco><xocs:tomb>0</xocs:tomb><xocs:date-search-begin>20150501</xocs:date-search-begin><xocs:date-search-end>20150531</xocs:date-search-end><xocs:year-nav>2015</xocs:year-nav><xocs:indexeddate epoch="1421360555">2015-01-15T22:22:35.607799Z</xocs:indexeddate><xocs:articleinfo>articleinfo articletitlenorm authfirstinitialnorm authfirstsurnamenorm cid cids confeditor contenttype copyright crossmark dateloaded dateloadedtxt datesearch datesort dateupdated dco docsubtype doctype doi eid ewtransactionid fundingbodyid hubeid indexeddate issn issnnorm itemstage itemtransactionid itemweight oauserlicense openaccess openarchive pg pgfirst pglast pii piinorm pubdateend pubdatestart pubdatetxt pubyr sortorder sponsoredaccesstype srctitle srctitlenorm srctype ssids alllist content oa subj subheadings suppl tomb vol volfirst volissue volumelist webpdf webpdfpagecount yearnav figure table body mmlmath acknowledge affil articletitle auth authfirstini authfull authkeywords authlast grantnumber grantsponsor grantsponsorid highlightsabst orcid primabst ref</xocs:articleinfo><xocs:issns><xocs:issn-primary-formatted>0167-2738</xocs:issn-primary-formatted><xocs:issn-primary-unformatted>01672738</xocs:issn-primary-unformatted></xocs:issns><xocs:sponsored-access-type>UNLIMITED</xocs:sponsored-access-type><xocs:funding-body-id>FWF</xocs:funding-body-id><xocs:crossmark is-crossmark="1">true</xocs:crossmark><xocs:vol-first>273</xocs:vol-first><xocs:volume-list><xocs:volume>273</xocs:volume></xocs:volume-list><xocs:suppl>C</xocs:suppl><xocs:vol-iss-suppl-text>Volume 273</xocs:vol-iss-suppl-text><xocs:sort-order>4</xocs:sort-order><xocs:first-fp>8</xocs:first-fp><xocs:last-lp>12</xocs:last-lp><xocs:pages><xocs:first-page>8</xocs:first-page><xocs:last-page>12</xocs:last-page></xocs:pages><xocs:cover-date-orig><xocs:start-date>201505</xocs:start-date></xocs:cover-date-orig><xocs:cover-date-text>May 2015</xocs:cover-date-text><xocs:cover-date-start>2015-05-01</xocs:cover-date-start><xocs:cover-date-end>2015-05-31</xocs:cover-date-end><xocs:cover-date-year>2015</xocs:cover-date-year><xocs:title-editors-groups><xocs:title-editors-group><ce:title>The E-MRS Conference, Symposium C "Solid State Ionics: Thin Films for Energy and Information Applications"</ce:title><ce:editors><ce:author-group><ce:author><ce:degrees>Prof</ce:degrees><ce:given-name>Jennifer</ce:given-name><ce:surname>L.M. Rupp</ce:surname></ce:author></ce:author-group><ce:author-group><ce:author><ce:degrees>Dr.</ce:degrees><ce:given-name>Roger</ce:given-name><ce:surname>A. De Souza</ce:surname></ce:author></ce:author-group><ce:author-group><ce:author><ce:degrees>Prof.</ce:degrees><ce:given-name>Igor</ce:given-name><ce:surname>Lubomirsky</ce:surname></ce:author></ce:author-group><ce:author-group><ce:author><ce:degrees>Prof.</ce:degrees><ce:given-name>Wolfgang</ce:given-name><ce:surname>Preis</ce:surname></ce:author></ce:author-group><ce:author-group><ce:author><ce:degrees>Prof.</ce:degrees><ce:given-name>Erik</ce:given-name><ce:surname>M. Kelder</ce:surname></ce:author></ce:author-group></ce:editors></xocs:title-editors-group></xocs:title-editors-groups><xocs:document-type>article</xocs:document-type><xocs:document-subtype>fla</xocs:document-subtype><xocs:copyright-line>Copyright © 2014 Published by Elsevier B.V.</xocs:copyright-line><xocs:normalized-article-title>OXYGENREDUCTIONVIAGRAINBOUNDARYTRANSPORTINTHINFILMPLATINUMELECTRODESYTTRIASTABILIZEDZIRCONIA</xocs:normalized-article-title><xocs:normalized-first-auth-surname>HUBER</xocs:normalized-first-auth-surname><xocs:normalized-first-auth-initial>T</xocs:normalized-first-auth-initial><xocs:item-toc><xocs:item-toc-entry ref-elem="ce:sections"><xocs:item-toc-label>1</xocs:item-toc-label><xocs:item-toc-section-title>Introduction</xocs:item-toc-section-title></xocs:item-toc-entry><xocs:item-toc-entry ref-elem="ce:sections"><xocs:item-toc-label>2</xocs:item-toc-label><xocs:item-toc-section-title>Experimental</xocs:item-toc-section-title><xocs:item-toc-entry ref-elem="ce:sections"><xocs:item-toc-label>2.1</xocs:item-toc-label><xocs:item-toc-section-title>Sample preperation</xocs:item-toc-section-title></xocs:item-toc-entry><xocs:item-toc-entry ref-elem="ce:sections"><xocs:item-toc-label>2.2</xocs:item-toc-label><xocs:item-toc-section-title>Measurement set-ups</xocs:item-toc-section-title></xocs:item-toc-entry><xocs:item-toc-entry ref-elem="ce:sections"><xocs:item-toc-label>2.3</xocs:item-toc-label><xocs:item-toc-section-title>Impedance spectroscopy</xocs:item-toc-section-title></xocs:item-toc-entry></xocs:item-toc-entry><xocs:item-toc-entry ref-elem="ce:sections"><xocs:item-toc-label>3</xocs:item-toc-label><xocs:item-toc-section-title>Results and discussion</xocs:item-toc-section-title></xocs:item-toc-entry><xocs:item-toc-entry ref-elem="ce:sections"><xocs:item-toc-label>4</xocs:item-toc-label><xocs:item-toc-section-title>Conclusion</xocs:item-toc-section-title></xocs:item-toc-entry><xocs:item-toc-entry ref-elem="ce:acknowledgment"><xocs:item-toc-section-title>Acknowledgments</xocs:item-toc-section-title></xocs:item-toc-entry><xocs:item-toc-entry ref-elem="ce:bibliography"><xocs:item-toc-section-title>References</xocs:item-toc-section-title></xocs:item-toc-entry></xocs:item-toc><xocs:references><xocs:ref-info refid="rf0005"><xocs:ref-normalized-surname>DOCQUIER</xocs:ref-normalized-surname><xocs:ref-pub-year>2002</xocs:ref-pub-year><xocs:ref-first-fp>107</xocs:ref-first-fp><xocs:ref-normalized-initial>N</xocs:ref-normalized-initial></xocs:ref-info><xocs:ref-info refid="rf0010"><xocs:ref-normalized-surname>DARGAVILLE</xocs:ref-normalized-surname><xocs:ref-pub-year>2013</xocs:ref-pub-year><xocs:ref-first-fp>30</xocs:ref-first-fp><xocs:ref-normalized-initial>T</xocs:ref-normalized-initial></xocs:ref-info><xocs:ref-info refid="rf0015"><xocs:ref-normalized-surname>ADLER</xocs:ref-normalized-surname><xocs:ref-pub-year>2004</xocs:ref-pub-year><xocs:ref-first-fp>4791</xocs:ref-first-fp><xocs:ref-normalized-initial>S</xocs:ref-normalized-initial></xocs:ref-info><xocs:ref-info refid="rf0020"><xocs:ref-normalized-surname>CAN</xocs:ref-normalized-surname><xocs:ref-pub-year>1995</xocs:ref-pub-year><xocs:ref-first-fp>344</xocs:ref-first-fp><xocs:ref-normalized-initial>Z</xocs:ref-normalized-initial></xocs:ref-info><xocs:ref-info refid="rf0025"><xocs:ref-normalized-surname>HERTZ</xocs:ref-normalized-surname><xocs:ref-pub-year>2007</xocs:ref-pub-year><xocs:ref-first-fp>B413</xocs:ref-first-fp><xocs:ref-normalized-initial>J</xocs:ref-normalized-initial></xocs:ref-info><xocs:ref-info refid="rf0030"><xocs:ref-normalized-surname>KERMAN</xocs:ref-normalized-surname><xocs:ref-pub-year>2011</xocs:ref-pub-year><xocs:ref-first-fp>2608</xocs:ref-first-fp><xocs:ref-normalized-initial>K</xocs:ref-normalized-initial></xocs:ref-info><xocs:ref-info refid="rf0035"><xocs:ref-normalized-surname>LITZELMAN</xocs:ref-normalized-surname><xocs:ref-pub-year>2008</xocs:ref-pub-year><xocs:ref-first-fp>294</xocs:ref-first-fp><xocs:ref-normalized-initial>S</xocs:ref-normalized-initial></xocs:ref-info><xocs:ref-info refid="rf0040"><xocs:ref-normalized-surname>SHIM</xocs:ref-normalized-surname><xocs:ref-pub-year>2007</xocs:ref-pub-year><xocs:ref-first-fp>3850</xocs:ref-first-fp><xocs:ref-normalized-initial>J</xocs:ref-normalized-initial></xocs:ref-info><xocs:ref-info refid="rf0045"><xocs:ref-normalized-surname>JIANG</xocs:ref-normalized-surname><xocs:ref-pub-year>2008</xocs:ref-pub-year><xocs:ref-first-fp>3897</xocs:ref-first-fp><xocs:ref-normalized-initial>X</xocs:ref-normalized-initial></xocs:ref-info><xocs:ref-info refid="rf0050"><xocs:ref-normalized-surname>IVERSTIFFEE</xocs:ref-normalized-surname><xocs:ref-pub-year>2001</xocs:ref-pub-year><xocs:ref-first-fp>1805</xocs:ref-first-fp><xocs:ref-normalized-initial>E</xocs:ref-normalized-initial></xocs:ref-info><xocs:ref-info refid="rf0055"><xocs:ref-normalized-surname>OPITZ</xocs:ref-normalized-surname><xocs:ref-pub-year>2010</xocs:ref-pub-year><xocs:ref-first-fp>684</xocs:ref-first-fp><xocs:ref-normalized-initial>A</xocs:ref-normalized-initial></xocs:ref-info><xocs:ref-info refid="rf0060"><xocs:ref-normalized-surname>OPITZ</xocs:ref-normalized-surname><xocs:ref-pub-year>2010</xocs:ref-pub-year><xocs:ref-first-fp>12734</xocs:ref-first-fp><xocs:ref-normalized-initial>A</xocs:ref-normalized-initial></xocs:ref-info><xocs:ref-info refid="rf0065"><xocs:ref-normalized-surname>OPITZ</xocs:ref-normalized-surname><xocs:ref-pub-year>2011</xocs:ref-pub-year><xocs:ref-first-fp>9727</xocs:ref-first-fp><xocs:ref-normalized-initial>A</xocs:ref-normalized-initial></xocs:ref-info><xocs:ref-info refid="rf0070"><xocs:ref-normalized-surname>HORLEIN</xocs:ref-normalized-surname><xocs:ref-pub-year>2013</xocs:ref-pub-year><xocs:ref-first-fp>56</xocs:ref-first-fp><xocs:ref-normalized-initial>M</xocs:ref-normalized-initial></xocs:ref-info><xocs:ref-info refid="rf0075"><xocs:ref-normalized-surname>OPITZ</xocs:ref-normalized-surname><xocs:ref-pub-year>2013</xocs:ref-pub-year><xocs:ref-first-fp>2085</xocs:ref-first-fp><xocs:ref-normalized-initial>A</xocs:ref-normalized-initial></xocs:ref-info><xocs:ref-info refid="rf0080"><xocs:ref-normalized-surname>MUTORO</xocs:ref-normalized-surname><xocs:ref-pub-year>2008</xocs:ref-pub-year><xocs:ref-first-fp>1835</xocs:ref-first-fp><xocs:ref-normalized-initial>E</xocs:ref-normalized-initial></xocs:ref-info><xocs:ref-info refid="rf0085"><xocs:ref-normalized-surname>LUEREN</xocs:ref-normalized-surname><xocs:ref-pub-year>2006</xocs:ref-pub-year><xocs:ref-first-fp>1473</xocs:ref-first-fp><xocs:ref-normalized-initial>B</xocs:ref-normalized-initial></xocs:ref-info><xocs:ref-info refid="rf0090"><xocs:ref-normalized-surname>BECK</xocs:ref-normalized-surname><xocs:ref-pub-year>2007</xocs:ref-pub-year><xocs:ref-first-fp>327</xocs:ref-first-fp><xocs:ref-normalized-initial>G</xocs:ref-normalized-initial></xocs:ref-info><xocs:ref-info refid="rf0095"><xocs:ref-normalized-surname>MUTORO</xocs:ref-normalized-surname><xocs:ref-pub-year>2008</xocs:ref-pub-year><xocs:ref-first-fp>1214</xocs:ref-first-fp><xocs:ref-normalized-initial>E</xocs:ref-normalized-initial></xocs:ref-info><xocs:ref-info refid="rf0100"><xocs:ref-normalized-surname>POPKE</xocs:ref-normalized-surname><xocs:ref-pub-year>2011</xocs:ref-pub-year><xocs:ref-first-fp>56</xocs:ref-first-fp><xocs:ref-normalized-initial>H</xocs:ref-normalized-initial></xocs:ref-info><xocs:ref-info refid="rf0105"><xocs:ref-normalized-surname>VELHO</xocs:ref-normalized-surname><xocs:ref-pub-year>1972</xocs:ref-pub-year><xocs:ref-first-fp>65</xocs:ref-first-fp><xocs:ref-normalized-initial>L</xocs:ref-normalized-initial></xocs:ref-info><xocs:ref-info refid="rf0110"><xocs:ref-normalized-surname>STUMPF</xocs:ref-normalized-surname><xocs:ref-pub-year>1999</xocs:ref-pub-year><xocs:ref-first-fp>1389</xocs:ref-first-fp><xocs:ref-normalized-initial>R</xocs:ref-normalized-initial></xocs:ref-info><xocs:ref-info refid="rf0115"><xocs:ref-normalized-surname>RYLL</xocs:ref-normalized-surname><xocs:ref-pub-year>2011</xocs:ref-pub-year><xocs:ref-first-fp>565</xocs:ref-first-fp><xocs:ref-normalized-initial>T</xocs:ref-normalized-initial></xocs:ref-info><xocs:ref-info refid="rf0130"><xocs:ref-normalized-surname>HUBER</xocs:ref-normalized-surname><xocs:ref-pub-year>2014</xocs:ref-pub-year><xocs:ref-first-fp>82</xocs:ref-first-fp><xocs:ref-normalized-initial>T</xocs:ref-normalized-initial></xocs:ref-info><xocs:ref-info refid="rf0125"><xocs:ref-normalized-surname>HERTZ</xocs:ref-normalized-surname><xocs:ref-pub-year>2007</xocs:ref-pub-year><xocs:ref-first-fp>915</xocs:ref-first-fp><xocs:ref-normalized-initial>J</xocs:ref-normalized-initial></xocs:ref-info></xocs:references><xocs:attachment-metadata-doc><xocs:attachment-set-type>item</xocs:attachment-set-type><xocs:pii-formatted>S0167-2738(14)00454-8</xocs:pii-formatted><xocs:pii-unformatted>S0167273814004548</xocs:pii-unformatted><xocs:eid>1-s2.0-S0167273814004548</xocs:eid><xocs:doi>10.1016/j.ssi.2014.11.006</xocs:doi><xocs:cid>271411</xocs:cid><xocs:timestamp>2015-04-13T11:20:12.065692-04:00</xocs:timestamp><xocs:path>/271411/1-s2.0-S0167273815X00051/1-s2.0-S0167273814004548/</xocs:path><xocs:cover-date-start>2015-05-01</xocs:cover-date-start><xocs:cover-date-end>2015-05-31</xocs:cover-date-end><xocs:sponsored-access-type>UNLIMITED</xocs:sponsored-access-type><xocs:funding-body-id>FWF</xocs:funding-body-id><xocs:attachments><xocs:web-pdf><xocs:attachment-eid>1-s2.0-S0167273814004548-main.pdf</xocs:attachment-eid><xocs:filename>main.pdf</xocs:filename><xocs:extension>pdf</xocs:extension><xocs:pdf-optimized>true</xocs:pdf-optimized><xocs:filesize>743196</xocs:filesize><xocs:web-pdf-purpose>MAIN</xocs:web-pdf-purpose><xocs:web-pdf-page-count>5</xocs:web-pdf-page-count><xocs:web-pdf-images><xocs:web-pdf-image><xocs:attachment-eid>1-s2.0-S0167273814004548-main_1.png</xocs:attachment-eid><xocs:filename>main_1.png</xocs:filename><xocs:extension>png</xocs:extension><xocs:filesize>139213</xocs:filesize><xocs:pixel-height>849</xocs:pixel-height><xocs:pixel-width>656</xocs:pixel-width><xocs:attachment-type>IMAGE-WEB-PDF</xocs:attachment-type><xocs:pdf-page-num>1</xocs:pdf-page-num></xocs:web-pdf-image></xocs:web-pdf-images></xocs:web-pdf><xocs:attachment><xocs:attachment-eid>1-s2.0-S0167273814004548-si1.gif</xocs:attachment-eid><xocs:file-basename>si1</xocs:file-basename><xocs:filename>si1.gif</xocs:filename><xocs:extension>gif</xocs:extension><xocs:filesize>3163</xocs:filesize><xocs:pixel-height>30</xocs:pixel-height><xocs:pixel-width>260</xocs:pixel-width><xocs:attachment-type>ALTIMG</xocs:attachment-type></xocs:attachment><xocs:attachment><xocs:attachment-eid>1-s2.0-S0167273814004548-gr4.jpg</xocs:attachment-eid><xocs:file-basename>gr4</xocs:file-basename><xocs:filename>gr4.jpg</xocs:filename><xocs:extension>jpg</xocs:extension><xocs:filesize>27469</xocs:filesize><xocs:pixel-height>308</xocs:pixel-height><xocs:pixel-width>359</xocs:pixel-width><xocs:attachment-type>IMAGE-DOWNSAMPLED</xocs:attachment-type></xocs:attachment><xocs:attachment><xocs:attachment-eid>1-s2.0-S0167273814004548-gr3.jpg</xocs:attachment-eid><xocs:file-basename>gr3</xocs:file-basename><xocs:filename>gr3.jpg</xocs:filename><xocs:extension>jpg</xocs:extension><xocs:filesize>48882</xocs:filesize><xocs:pixel-height>373</xocs:pixel-height><xocs:pixel-width>803</xocs:pixel-width><xocs:attachment-type>IMAGE-DOWNSAMPLED</xocs:attachment-type></xocs:attachment><xocs:attachment><xocs:attachment-eid>1-s2.0-S0167273814004548-gr2.jpg</xocs:attachment-eid><xocs:file-basename>gr2</xocs:file-basename><xocs:filename>gr2.jpg</xocs:filename><xocs:extension>jpg</xocs:extension><xocs:filesize>53262</xocs:filesize><xocs:pixel-height>325</xocs:pixel-height><xocs:pixel-width>642</xocs:pixel-width><xocs:attachment-type>IMAGE-DOWNSAMPLED</xocs:attachment-type></xocs:attachment><xocs:attachment><xocs:attachment-eid>1-s2.0-S0167273814004548-gr1.jpg</xocs:attachment-eid><xocs:file-basename>gr1</xocs:file-basename><xocs:filename>gr1.jpg</xocs:filename><xocs:extension>jpg</xocs:extension><xocs:filesize>40086</xocs:filesize><xocs:pixel-height>244</xocs:pixel-height><xocs:pixel-width>536</xocs:pixel-width><xocs:attachment-type>IMAGE-DOWNSAMPLED</xocs:attachment-type></xocs:attachment><xocs:attachment><xocs:attachment-eid>1-s2.0-S0167273814004548-gr4.sml</xocs:attachment-eid><xocs:file-basename>gr4</xocs:file-basename><xocs:filename>gr4.sml</xocs:filename><xocs:extension>sml</xocs:extension><xocs:filesize>4950</xocs:filesize><xocs:pixel-height>164</xocs:pixel-height><xocs:pixel-width>191</xocs:pixel-width><xocs:attachment-type>IMAGE-THUMBNAIL</xocs:attachment-type></xocs:attachment><xocs:attachment><xocs:attachment-eid>1-s2.0-S0167273814004548-gr3.sml</xocs:attachment-eid><xocs:file-basename>gr3</xocs:file-basename><xocs:filename>gr3.sml</xocs:filename><xocs:extension>sml</xocs:extension><xocs:filesize>3961</xocs:filesize><xocs:pixel-height>102</xocs:pixel-height><xocs:pixel-width>219</xocs:pixel-width><xocs:attachment-type>IMAGE-THUMBNAIL</xocs:attachment-type></xocs:attachment><xocs:attachment><xocs:attachment-eid>1-s2.0-S0167273814004548-gr2.sml</xocs:attachment-eid><xocs:file-basename>gr2</xocs:file-basename><xocs:filename>gr2.sml</xocs:filename><xocs:extension>sml</xocs:extension><xocs:filesize>7779</xocs:filesize><xocs:pixel-height>111</xocs:pixel-height><xocs:pixel-width>219</xocs:pixel-width><xocs:attachment-type>IMAGE-THUMBNAIL</xocs:attachment-type></xocs:attachment><xocs:attachment><xocs:attachment-eid>1-s2.0-S0167273814004548-gr1.sml</xocs:attachment-eid><xocs:file-basename>gr1</xocs:file-basename><xocs:filename>gr1.sml</xocs:filename><xocs:extension>sml</xocs:extension><xocs:filesize>5938</xocs:filesize><xocs:pixel-height>100</xocs:pixel-height><xocs:pixel-width>219</xocs:pixel-width><xocs:attachment-type>IMAGE-THUMBNAIL</xocs:attachment-type></xocs:attachment></xocs:attachments></xocs:attachment-metadata-doc><xocs:refkeys><xocs:refkey3>HUBERX2015X8</xocs:refkey3><xocs:refkey4lp>HUBERX2015X8X12</xocs:refkey4lp><xocs:refkey4ai>HUBERX2015X8XT</xocs:refkey4ai><xocs:refkey5>HUBERX2015X8X12XT</xocs:refkey5></xocs:refkeys><xocs:open-access><xocs:oa-article-status is-open-access="1" is-open-archive="0">Full</xocs:oa-article-status><xocs:oa-access-effective-date>2014-11-12T09:03:52Z</xocs:oa-access-effective-date><xocs:oa-sponsor><xocs:oa-sponsor-type>FundingBody</xocs:oa-sponsor-type><xocs:oa-sponsor-name>Austrian Science Fund (FWF)</xocs:oa-sponsor-name></xocs:oa-sponsor><xocs:oa-user-license>http://creativecommons.org/licenses/by/3.0/</xocs:oa-user-license></xocs:open-access></xocs:meta><xocs:serial-item><article version="5.2" docsubtype="fla" xml:lang="en" xmlns:sa="http://www.elsevier.com/xml/common/struct-aff/dtd"><item-info><jid>SOSI</jid><aid>13523</aid><ce:pii>S0167-2738(14)00454-8</ce:pii><ce:doi>10.1016/j.ssi.2014.11.006</ce:doi><ce:copyright type="unknown" year="2014"/></item-info><ce:floats><ce:figure id="f0005"><ce:label>Fig. 1</ce:label><ce:caption id="ca0005"><ce:simple-para id="sp0010" view="all">SEM images of platinum microelectrodes a) non-annealed with small grains and b) annealed with large grains.</ce:simple-para></ce:caption><ce:link locator="gr1" id="lk0005"/></ce:figure><ce:figure id="f0010"><ce:label>Fig. 2</ce:label><ce:caption id="ca0010"><ce:simple-para id="sp0015" view="all">a) Conventional asymmetrically heated micro-contact set-up and b) cross section of the symmetrically heated measurement set-up with photographs of contacted microelectrodes.</ce:simple-para></ce:caption><ce:link locator="gr2" id="lk0010"/></ce:figure><ce:figure id="f0015"><ce:label>Fig. 3</ce:label><ce:caption id="ca0015"><ce:simple-para id="sp0020" view="all">Nyquist plots of two Ø<ce:hsp sp="0.25"/>=<ce:hsp sp="0.25"/>200<ce:hsp sp="0.25"/>μm platinum microelectrodes with small and large grains: a) spectra measured at 424<ce:hsp sp="0.25"/>°C and 426<ce:hsp sp="0.25"/>°C, respectively (the blue solid semicircle indicates the extrapolated fit of the measured data (filled triangles). b) Spectra measured at 615<ce:hsp sp="0.25"/>°C and 628<ce:hsp sp="0.25"/>°C, respectively. c) Magnification of the high frequency parts of a) and b) indicating very similar R<ce:inf loc="post">YSZ</ce:inf> for 424<ce:hsp sp="0.25"/>°C/426<ce:hsp sp="0.25"/>°C. d) Equivalent circuit used for the complex nonlinear least square fits of the electrode impedance (without considering the capacitance of the high frequency YSZ bulk arc) and extrapolating to very low frequencies.</ce:simple-para></ce:caption><ce:link locator="gr3" id="lk0015"/></ce:figure><ce:figure id="f0020"><ce:label>Fig. 4</ce:label><ce:caption id="ca0020"><ce:simple-para id="sp0025" view="all">Arrhenius plots of the inverse electrode polarization resistances measured by impedance spectroscopy on Ø<ce:hsp sp="0.25"/>=<ce:hsp sp="0.25"/>200<ce:hsp sp="0.25"/>μm platinum microelectrodes. It shows results for electrodes with grain sizes of several 10<ce:hsp sp="0.25"/>μm measured in the symmetrically heated (open squares) and in the asymmetrically heated set-up (stars), and for electrodes with grain sizes of 100–300<ce:hsp sp="0.25"/>nm (filled circles) measured in the symmetrically heated set-up.</ce:simple-para></ce:caption><ce:link locator="gr4" id="lk0020"/></ce:figure><ce:table id="t0005" frame="topbot" colsep="0" rowsep="0" xmlns="http://www.elsevier.com/xml/common/cals/dtd"><ce:label>Table 1</ce:label><ce:caption id="ca0025"><ce:simple-para id="sp0030" view="all">Activation energies and pre-exponential factors from measurement data and the fit lines in <ce:cross-ref refid="f0020" id="cf0005">Fig. 4</ce:cross-ref> obtained from Eq. <ce:cross-ref refid="fo0005" id="cf0010">(1)</ce:cross-ref>.</ce:simple-para></ce:caption><tgroup cols="3"><colspec colname="col1"/><colspec colname="col2"/><colspec colname="col3"/><thead><row valign="top" rowsep="1"><entry colname="col1" align="left" xmlns="http://www.elsevier.com/xml/common/dtd"/><entry colname="col2" align="left" xmlns="http://www.elsevier.com/xml/common/dtd">Ø<hsp sp="0.25"/>=<hsp sp="0.25"/>200<hsp sp="0.25"/>μm Pt electrodes with small grains, measured in asym. heated set-up</entry><entry colname="col3" align="left" xmlns="http://www.elsevier.com/xml/common/dtd">Ø<hsp sp="0.25"/>=<hsp sp="0.25"/>200<hsp sp="0.25"/>μm Pt electrodes with large grains, measured in sym. heated set-up</entry></row></thead><tbody><row valign="top"><entry colname="col1" align="left" xmlns="http://www.elsevier.com/xml/common/dtd">Ea<inf loc="post">1</inf> (high temp)</entry><entry colname="col2" align="char" char="±" xmlns="http://www.elsevier.com/xml/common/dtd">1.71<hsp sp="0.25"/>±<hsp sp="0.25"/>0.02<hsp sp="0.25"/>eV</entry><entry colname="col3" align="char" char="±" xmlns="http://www.elsevier.com/xml/common/dtd">1.825<hsp sp="0.25"/>±<hsp sp="0.25"/>0.003<hsp sp="0.25"/>eV</entry></row><row valign="top"><entry colname="col1" align="left" xmlns="http://www.elsevier.com/xml/common/dtd">Ea<inf loc="post">2</inf> (low temp)</entry><entry colname="col2" align="char" char="±" xmlns="http://www.elsevier.com/xml/common/dtd">0.16<hsp sp="0.25"/>±<hsp sp="0.25"/>0.02<hsp sp="0.25"/>eV</entry><entry colname="col3" align="char" char="±" xmlns="http://www.elsevier.com/xml/common/dtd">0.150<hsp sp="0.25"/>±<hsp sp="0.25"/>0.005<hsp sp="0.25"/>eV</entry></row><row valign="top"><entry colname="col1" align="left" xmlns="http://www.elsevier.com/xml/common/dtd">Y<sup loc="post">0</sup><inf loc="post">1</inf></entry><entry colname="col2" align="left" xmlns="http://www.elsevier.com/xml/common/dtd">367.5<hsp sp="0.25"/>±<hsp sp="0.25"/>102.2<hsp sp="0.25"/>Ω<sup loc="post">−<hsp sp="0.10"/>1</sup></entry><entry colname="col3" align="left" xmlns="http://www.elsevier.com/xml/common/dtd">983.5<hsp sp="0.25"/>±<hsp sp="0.25"/>36.9<hsp sp="0.25"/>Ω<sup loc="post">−<hsp sp="0.10"/>1</sup></entry></row><row valign="top"><entry colname="col1" align="left" xmlns="http://www.elsevier.com/xml/common/dtd">Y<sup loc="post">0</sup><inf loc="post">2</inf></entry><entry colname="col2" align="left" xmlns="http://www.elsevier.com/xml/common/dtd">(1.5<hsp sp="0.25"/>±<hsp sp="0.25"/>0.5)<hsp sp="0.25"/>×<hsp sp="0.25"/>10<sup loc="post">−8</sup> Ω<sup loc="post">−1</sup></entry><entry colname="col3" align="left" xmlns="http://www.elsevier.com/xml/common/dtd">(3.5<hsp sp="0.25"/>±<hsp sp="0.25"/>0.3)<hsp sp="0.25"/>×<hsp sp="0.25"/>10<sup loc="post">−10</sup> Ω<sup loc="post">−1</sup></entry></row></tbody></tgroup></ce:table></ce:floats><head><ce:title id="ti0005">Oxygen reduction via grain boundary transport in thin film platinum electrodes on yttria stabilized zirconia</ce:title><ce:author-group id="ag0005"><ce:author id="au0005" orcid="0000-0001-6339-8341"><ce:given-name>T.M.</ce:given-name><ce:surname>Huber</ce:surname></ce:author><ce:author id="au0010"><ce:given-name>A.K.</ce:given-name><ce:surname>Opitz</ce:surname><ce:cross-ref refid="cr0005" id="cf1110"><ce:sup loc="post">⁎</ce:sup></ce:cross-ref><ce:e-address id="em0005" type="email">alexander.opitz@tuwien.ac.at</ce:e-address></ce:author><ce:author id="au0015"><ce:given-name>J.</ce:given-name><ce:surname>Fleig</ce:surname></ce:author><ce:affiliation id="af0005"><ce:textfn id="tn0005">Vienna University of Technology, Institute of Chemical Technologies and Analytics, Research Division Electrochemistry, Getreidemarkt 9/164-EC, 1060 Wien, Austria</ce:textfn><sa:affiliation><sa:organization>Vienna University of Technology</sa:organization><sa:organization>Institute of Chemical Technologies and Analytics</sa:organization><sa:organization>Research Division Electrochemistry</sa:organization><sa:address-line>Getreidemarkt 9/164-EC</sa:address-line><sa:city>Wien</sa:city><sa:postal-code>1060</sa:postal-code><sa:country>Austria</sa:country></sa:affiliation></ce:affiliation><ce:correspondence id="cr0005"><ce:label>⁎</ce:label><ce:text id="tx1005">Corresponding author.</ce:text></ce:correspondence></ce:author-group><ce:date-received day="16" month="6" year="2014"/><ce:date-revised day="5" month="11" year="2014"/><ce:date-accepted day="6" month="11" year="2014"/><ce:abstract id="ab0005" view="all" class="author"><ce:section-title id="st0005">Abstract</ce:section-title><ce:abstract-sec id="as0005" view="all"><ce:simple-para id="sp0005" view="all">Model-type sputter deposited platinum microelectrodes with different grain sizes were investigated on single crystalline yttria stabilized zirconia (YSZ) by means of impedance spectroscopy. Measurements on single platinum microelectrodes could be continuously performed for &gt;<ce:hsp sp="0.10"/>100<ce:hsp sp="0.25"/>h and from 250 to 800<ce:hsp sp="0.25"/>°C without losing contact. From the temperature dependence, two parallel reaction pathways for oxygen reduction could be identified. Above 450<ce:hsp sp="0.25"/>°C, a surface path with a rate determining step located at the three phase boundary is predominant. Its polarization resistance is independent of the Pt grain size and exhibits an activation energy of ca. 1.8<ce:hsp sp="0.25"/>eV. In the low temperature regime (&lt;<ce:hsp sp="0.10"/>450<ce:hsp sp="0.25"/>°C) a bulk path through Pt was verified, with an electrode polarization resistance depending on the Pt grain size. This resistance is only slightly thermally activated and the rate limiting step is most probably oxygen diffusion along Pt grain boundaries.</ce:simple-para></ce:abstract-sec></ce:abstract><ce:abstract class="author-highlights" id="ab0010" view="all"><ce:section-title id="st0055">Highlights</ce:section-title><ce:abstract-sec id="as0010" view="all"><ce:simple-para id="sp0035" view="all"><ce:list id="l0005"><ce:list-item id="u0005"><ce:label>•</ce:label><ce:para id="p0095" view="all">Reaction pathways of O<ce:inf loc="post">2</ce:inf> reduction on Pt/YSZ were investigated by means of impedance spectroscopy.</ce:para></ce:list-item><ce:list-item id="u0010"><ce:label>•</ce:label><ce:para id="p0100" view="all">Two reaction pathways could be separated by varying the temperature.</ce:para></ce:list-item><ce:list-item id="u0015"><ce:label>•</ce:label><ce:para id="p0105" view="all">One of these paths was identified to be oxygen transport along Pt grain boundaries.</ce:para></ce:list-item></ce:list></ce:simple-para></ce:abstract-sec></ce:abstract><ce:keywords id="ks0005" view="all" class="keyword"><ce:section-title id="st0060">Keywords</ce:section-title><ce:keyword id="kw0045"><ce:text id="tx0005">Oxygen reduction kinetics</ce:text></ce:keyword><ce:keyword id="kw0050"><ce:text id="tx0010">Bulk path</ce:text></ce:keyword><ce:keyword id="kw0055"><ce:text id="tx0015">Platinum microelectrodes</ce:text></ce:keyword><ce:keyword id="kw0060"><ce:text id="tx0020">Polarization resistance</ce:text></ce:keyword><ce:keyword id="kw0065"><ce:text id="tx0025">Grain boundaries</ce:text></ce:keyword></ce:keywords></head><body view="all"><ce:sections><ce:section id="s0005" view="all"><ce:label>1</ce:label><ce:section-title id="st0010">Introduction</ce:section-title><ce:para id="p0005" view="all">The system platinum/yttria stabilized zirconia (YSZ) has a long history in both industrial applications and fundamental research. For example, Pt/YSZ is used in oxygen gas sensors applied for exhaust gas analysis in combustion engines <ce:cross-ref refid="bb0005" id="cf0015">[1]</ce:cross-ref> and in medical devices <ce:cross-ref refid="bb0010" id="cf0020">[2]</ce:cross-ref>. An in-depth understanding of oxygen reduction on Pt/YSZ is crucial for the development of sensors with optimized performance and high reliability <ce:cross-refs refid="bb0015 bb0020" id="cf0025">[3,4]</ce:cross-refs>. Pt on YSZ is also an important model system for polarization studies in solid oxide fuel cells or solid oxide electrolysis cells (SOFCs or SOECs). Moreover, Pt electrodes are often employed in μ-SOFC <ce:cross-refs refid="bb0025 bb0030 bb0035 bb0040 bb0045" id="cf0030">[5–9]</ce:cross-refs> based on thin electrolytes and responsible for a significant part of the total polarization resistance of such cells <ce:cross-ref refid="bb0050" id="cf0035">[10]</ce:cross-ref>.</ce:para><ce:para id="p0010" view="all">Pt thin film electrodes are particularly attractive for studies aiming at a mechanistic understanding of the oxygen reduction reaction <ce:cross-refs refid="bb0055 bb0060 bb0065 bb0070 bb0075 bb0080 bb0085 bb0090 bb0095 bb0100" id="cf0040">[11–20]</ce:cross-refs>. Among others, oxygen reduction on Pt thin film microelectrodes has been shown to proceed via two parallel reaction pathways <ce:cross-ref refid="bb0065" id="cf0045">[13]</ce:cross-ref>. In a high temperature regime (&gt;<ce:hsp sp="0.10"/>450<ce:hsp sp="0.25"/>°C), a “surface path” was observed, with a rate determining step depending on the three phase boundary (3PB) length. In the lower temperature regime (&lt;<ce:hsp sp="0.10"/>450<ce:hsp sp="0.25"/>°C), a “bulk path” was identified and oxygen transport along platinum grain boundaries (GBs) was assumed to be rate limiting. Indication of oxygen transport along GBs can also be found in Refs. <ce:cross-refs refid="bb0065 bb0105 bb0110 bb0115" id="cf0050">[13,21–23]</ce:cross-refs>. An unambiguous proof of its importance in oxygen reduction on Pt/YSZ at low temperatures, however, is still missing.</ce:para><ce:para id="p0015" view="all">The goal of this work is to analyze the rate limiting step of oxygen reduction on Pt electrodes via the bulk path, i.e. to further clarify the role of oxygen GB diffusion in platinum thin film electrodes. Therefore, electrochemical impedance spectroscopy was performed between 250 and 800<ce:hsp sp="0.25"/>°C on sputter deposited, geometrically well-defined platinum microelectrodes with different grain sizes.</ce:para></ce:section><ce:section id="s0010" view="all"><ce:label>2</ce:label><ce:section-title id="st0015">Experimental</ce:section-title><ce:section id="s0015" view="all"><ce:label>2.1</ce:label><ce:section-title id="st0020">Sample preperation</ce:section-title><ce:para id="p0020" view="all">Platinum thin films were prepared by magnetron sputter deposition (MED 020 Coating System, BAL,TEC, Germany) of Pt (99.95% pure, ÖGUSSA, Austria) on polished YSZ (1 0 0) single crystals (9.5<ce:hsp sp="0.25"/>mol% Y<ce:inf loc="post">2</ce:inf>O<ce:inf loc="post">3</ce:inf>, CrysTec GmbH, Germany), cf. Ref. <ce:cross-ref refid="bb0065" id="cf0055">[13]</ce:cross-ref>. Deposition took place in argon atmosphere at a pressure of 2<ce:hsp sp="0.25"/>×<ce:hsp sp="0.25"/>10<ce:sup loc="post">−<ce:hsp sp="0.10"/>2</ce:sup><ce:hsp sp="0.25"/>mbar without additional heating of the substrate. The film thickness of 350<ce:hsp sp="0.25"/>nm was controlled by means of a quartz micro-balance. Micro-structuring of Pt films was performed by lift-off photolithography (ma-N 1420 negative photo resist and ma-D 533S developer for photo resist, both: micro resist technology, Germany) using a quartz photo mask (Rose, Germany) leading to circular Pt electrodes of different diameters. The size, shape and microstructure of these Pt microelectrodes were investigated by scanning electron microscopy (SEM, FEI Quanta 200 FEG, Netherlands). As counter electrode, Pt paste (Gwent Electronic Materials, UK) was applied onto the back side of the YSZ single crystals. The samples were subsequently annealed in ambient air at 750<ce:hsp sp="0.25"/>°C for 2<ce:hsp sp="0.25"/>h. To obtain electrodes with large grain size, samples were annealed at 800<ce:hsp sp="0.25"/>°C for several weeks. Thereby Pt grains in the thin films grew from initially sub-μm sizes to several 10<ce:hsp sp="0.25"/>μm as shown in <ce:cross-ref refid="f0005" id="cf0060">Fig. 1</ce:cross-ref><ce:float-anchor refid="f0005"/>. The Ø<ce:hsp sp="0.25"/>=<ce:hsp sp="0.25"/>100<ce:hsp sp="0.25"/>μm Pt microelectrode shown in <ce:cross-ref refid="f0005" id="cf0065">Fig. 1</ce:cross-ref>b, for example, has only 3 large grains. From the absolute number of grains visible at the surface of such microelectrodes, a grain size of several 10<ce:hsp sp="0.25"/>μm was estimated. For non-annealed Pt microelectrodes an average grain size of 100–300<ce:hsp sp="0.25"/>nm was estimated from <ce:cross-ref refid="f0005" id="cf0070">Fig. 1</ce:cross-ref>a. Thus, the GB density (total length of grain boundaries visible at the electrode surface) of the small grained Pt microelectrodes is more than 100 times larger than that of electrodes with large grains.</ce:para></ce:section><ce:section id="s0020" view="all"><ce:label>2.2</ce:label><ce:section-title id="st0025">Measurement set-ups</ce:section-title><ce:para id="p0025" view="all">Two different micro-contact set-ups were used in the experiments. The asymmetrically heated measurement set-up (<ce:cross-ref refid="f0010" id="cf0075">Fig. 2</ce:cross-ref>a<ce:float-anchor refid="f0010"/>) allows to change the contacted electrode within seconds and thereby to gain statistical information over a large number of different microelectrodes on one and the same sample in a relatively short time. It also enables monitoring of optical changes during the measurement in real time. However, the asymmetrical heating from the bottom side and local cooling (e.g. by convection, radiation, and the contacting tip acting as a heat sink) is known to cause temperature gradients within the sample <ce:cross-ref refid="bb0055" id="cf0080">[11]</ce:cross-ref>. Such temperature gradients are responsible for thermo-voltages, which can lead to measurement artifacts in electrochemical experiments <ce:cross-ref refid="bb0120" id="cf0085">[24]</ce:cross-ref>. Moreover, in this set-up temperature cycles can hardly be performed on single microelectrodes but require subsequent contacting and de-contacting of different microelectrodes.</ce:para><ce:para id="p0030" view="all">The second measurement set-up includes a novel, symmetrically heated sample holder, designed to reduce the influence of temperature gradients; it is sketched in <ce:cross-ref refid="f0010" id="cf0090">Fig. 2</ce:cross-ref>b. It provides a precisely adjustable and measureable sample temperature with minimal temperature gradients in the region of the sample, and it enables long-time measurements on one and the same microelectrode from room temperature up to 1000<ce:hsp sp="0.25"/>°C without losing contact. Since all contacting parts of the symmetrically heated set-up are inside a tube furnace during the measurement, the contacting procedure has to be done prior to the measurement i.e. outside the hot zone. Establishing an electrical contact between tip and microelectrode is performed by a micromanipulator and is monitored by a USB-microscope (<ce:cross-ref refid="f0010" id="cf0095">Fig. 2</ce:cross-ref>b, small photographs). After electrode contacting, the sample is transferred into the hot zone of the tube furnace and fast changes of the contacted electrode are therefore not possible. Detailed information on the two micro-contact set-ups and a discussion on the role of temperature gradients are published elsewhere <ce:cross-ref refid="bb0120" id="cf0100">[24]</ce:cross-ref>.</ce:para></ce:section><ce:section id="s0025" view="all"><ce:label>2.3</ce:label><ce:section-title id="st0030">Impedance spectroscopy</ce:section-title><ce:para id="p0035" view="all">Electrochemical characterization of the platinum microelectrodes was done by means of two-point impedance measurements using an Alpha-A High Resolution Dielectric Analyzer (Novocontrol, Germany). In both set-ups, electrochemically etched Pt/Ir tips were used to electrically contact the platinum microelectrodes. In the symmetrically heated set-up, the porous platinum counter electrode on the back side of the YSZ substrate was contacted via a Pt sheet beneath the sample (<ce:cross-ref refid="f0010" id="cf0105">Fig. 2</ce:cross-ref>b). In the asymmetrically heated set-up, the counter electrode contact was established on the top side by a second Pt/Ir tip (<ce:cross-ref refid="f0010" id="cf0110">Fig. 2</ce:cross-ref>a). Impedance spectra were recorded at temperatures between 250 and 800<ce:hsp sp="0.25"/>°C in the frequency range of 10<ce:sup loc="post">6</ce:sup><ce:hsp sp="0.25"/>Hz to 10<ce:sup loc="post">−<ce:hsp sp="0.10"/>3</ce:sup><ce:hsp sp="0.25"/>Hz (10<ce:sup loc="post">−<ce:hsp sp="0.10"/>2</ce:sup><ce:hsp sp="0.25"/>Hz in the asymmetrically heated set-up) with a resolution of 5 points per frequency decade.</ce:para></ce:section></ce:section><ce:section id="s0030" view="all"><ce:label>3</ce:label><ce:section-title id="st0035">Results and discussion</ce:section-title><ce:para id="p0040" view="all">Impedance measurements on annealed electrodes with large grains were performed in the symmetrically heated set-up on several Ø<ce:hsp sp="0.25"/>=<ce:hsp sp="0.25"/>200<ce:hsp sp="0.25"/>μm microelectrodes, each contacted once and measured from 250<ce:hsp sp="0.25"/>°C to 800<ce:hsp sp="0.25"/>°C and back to 250<ce:hsp sp="0.25"/>°C with total measurement times much larger than 100<ce:hsp sp="0.25"/>h. The results were then compared with measurements on small grained Pt electrodes, which were conducted in the asymmetrically heated set-up (<ce:cross-ref refid="f0010" id="cf0115">Fig. 2</ce:cross-ref>a) and already reported in an earlier study <ce:cross-ref refid="bb0065" id="cf0120">[13]</ce:cross-ref>. Additional cross-check experiments were also performed on large grained electrodes in the asymmetrically heated set-up to exclude systematic errors caused by the use of different set-ups.</ce:para><ce:para id="p0045" view="all">Impedance spectra for electrodes with small and large grains are shown in <ce:cross-ref refid="f0015" id="cf0125">Fig. 3</ce:cross-ref><ce:float-anchor refid="f0015"/> and both consist of a large semicircle in the low frequency range, a small shoulder in the medium frequency range (<ce:cross-ref refid="f0015" id="cf0130">Fig. 3</ce:cross-ref>c) and a high frequency intercept. For low temperatures, the high frequency intercept, which reflects the spreading resistance of ion conduction in YSZ <ce:cross-refs refid="bb0055 bb0125" id="cf0135">[11,25]</ce:cross-refs>, develops into a more or less complete arc. Its capacitance and thus also its relaxation time is determined by the stray capacitance of the set-up, which exceeds the true bulk capacitance of the microelectrode.</ce:para><ce:para id="p0050" view="all">Parameterization of the spectra was carried out by the complex nonlinear least square (CNLS) fit software Z-View2 (Scribner, USA) using the equivalent circuit shown in <ce:cross-ref refid="f0015" id="cf0140">Fig. 3</ce:cross-ref>d. Therein R<ce:inf loc="post">ysz</ce:inf> represents the spreading resistance of ion conduction in YSZ and the two serial R-CPE elements are used to fit the electrode impedance. To account for non-ideal capacitive behavior, constant phase elements (CPE<ce:inf loc="post">A</ce:inf> and CPE<ce:inf loc="post">B</ce:inf>) instead of ideal capacitors were employed. The partly or fully developed high frequency (YSZ bulk) arc was not taken into account in the data analysis and the corresponding capacitance is therefore not included in the equivalent circuit. In all cases, R<ce:inf loc="post">B</ce:inf> is several orders of magnitude smaller than the total electrode polarization resistance (R<ce:inf loc="post">tot</ce:inf>) and thus negligible compared to the main electrode resistance R<ce:inf loc="post">rds</ce:inf>. R<ce:inf loc="post">B</ce:inf> and CPE<ce:inf loc="post">B</ce:inf> were only added to obtain high fit quality and thus being able to extrapolate the spectrum to low frequencies. Hence, the equivalent circuit does not imply a simple mechanistic interpretation of the impedance data. Rather, it is a tool for reliably extrapolating total electrode polarization resistances.</ce:para><ce:para id="p0055" view="all">At first glance, it might be surprising that reliable electrode polarization resistances can be deduced from the small parts of arcs experimentally accessible at low temperatures in the frequency range under investigation (see <ce:cross-ref refid="f0015" id="cf0145">Fig. 3</ce:cross-ref>a). However, as discussed in detail in Ref. <ce:cross-ref refid="bb0065" id="cf0150">[13]</ce:cross-ref> and proven by tests at higher temperatures (with more complete arcs), this extrapolation works rather well due to the well-behaved nature of the interfacial capacitance of the system <ce:cross-ref refid="bb0065" id="cf0155">[13]</ce:cross-ref>. The total electrode polarization resistance (R<ce:inf loc="post">tot</ce:inf><ce:hsp sp="0.25"/>=<ce:hsp sp="0.25"/>R<ce:inf loc="post">rds</ce:inf><ce:hsp sp="0.25"/>+<ce:hsp sp="0.25"/>R<ce:inf loc="post">B</ce:inf><ce:hsp sp="0.25"/>≈<ce:hsp sp="0.25"/>R<ce:inf loc="post">rds</ce:inf>) is plotted in the Arrhenius diagram in <ce:cross-ref refid="f0020" id="cf0160">Fig. 4</ce:cross-ref><ce:float-anchor refid="f0020"/>, with filled circles and open squares representing the results on electrodes with small and large grains, respectively. Each point of the small grained Pt electrodes is an averaged resistance value obtained on three to five Ø<ce:hsp sp="0.25"/>=<ce:hsp sp="0.25"/>200<ce:hsp sp="0.25"/>μm microelectrodes measured three times each; data points for different temperatures include different sets of microelectrodes. The values given for large grained microelectrodes, on the other hand, represent results from entire temperature cycles on several microelectrodes; performing entire cycles on a single microelectrode is possible in the symmetrically heated set-up (see <ce:cross-ref refid="s0010" id="cf0165">Experimental</ce:cross-ref>). These differences in measurement mode and data presentation may also be the reason for the difference in data scattering, which seems more pronounced for small grained electrodes.</ce:para><ce:para id="p0090" view="all">In the Arrhenius plot from <ce:cross-ref refid="f0020" id="cf0170">Fig. 4</ce:cross-ref> both types of Pt microelectrodes—small and large grained—show a qualitatively very similar behavior: a steeper slope (i.e. higher activation energy) at higher temperatures and a much smaller slope at lower temperatures. Moreover, in the high temperature regime also the absolute polarization resistances of both electrode types are similar whereas at low temperatures the total polarization resistances differ by almost two orders of magnitude. Cross-check experiments of large grained electrodes measured in the asymmetrically heated set-up showed that this is not an artifact of the different set-ups (see stars at ca. 320<ce:hsp sp="0.25"/>°C in <ce:cross-ref refid="f0020" id="cf0175">Fig. 4</ce:cross-ref>). To quantitatively analyze both data sets in the Arrhenius plot, a fitting was done by using two parallel admittances Y<ce:inf loc="post">1</ce:inf> and Y<ce:inf loc="post">2</ce:inf> with Y<ce:hsp sp="0.25"/>=<ce:hsp sp="0.25"/>1/R. Please note that these two elements (Y<ce:inf loc="post">1</ce:inf> and Y<ce:inf loc="post">2</ce:inf>) do not reflect the two resistors R<ce:inf loc="post">rds</ce:inf> and R<ce:inf loc="post">B</ce:inf> from the equivalent circuit but indicate two parallel reaction paths. A detailed argumentation that only two parallel paths can lead to such an Arrhenius plot is given in Ref. <ce:cross-ref refid="bb0065" id="cf0180">[13]</ce:cross-ref>. Assuming an exponential temperature dependence of both admittances, the fit function<ce:display><ce:formula id="fo0005"><ce:label>(1)</ce:label><mml:math altimg="si1.gif" overflow="scroll"><mml:mi mathvariant="italic">log</mml:mi><mml:mfenced open="(" close=")"><mml:mi>Y</mml:mi></mml:mfenced><mml:mo>=</mml:mo><mml:mo>log</mml:mo><mml:mfenced open="(" close=")"><mml:mfrac><mml:mn>1</mml:mn><mml:msub><mml:mi>R</mml:mi><mml:mi mathvariant="italic">tot</mml:mi></mml:msub></mml:mfrac></mml:mfenced><mml:mo>=</mml:mo><mml:mo>log</mml:mo><mml:mfenced open="(" close=")"><mml:mrow><mml:msubsup><mml:mi>Y</mml:mi><mml:mn>1</mml:mn><mml:mn>0</mml:mn></mml:msubsup><mml:mo>⋅</mml:mo><mml:msup><mml:mi>e</mml:mi><mml:mfrac><mml:mrow><mml:mo>−</mml:mo><mml:mi>E</mml:mi><mml:msub><mml:mi>a</mml:mi><mml:mn>1</mml:mn></mml:msub></mml:mrow><mml:mrow><mml:msub><mml:mi>k</mml:mi><mml:mi>B</mml:mi></mml:msub><mml:mi>T</mml:mi></mml:mrow></mml:mfrac></mml:msup><mml:mo>+</mml:mo><mml:msubsup><mml:mi>Y</mml:mi><mml:mn>2</mml:mn><mml:mn>0</mml:mn></mml:msubsup><mml:mo>⋅</mml:mo><mml:msup><mml:mi>e</mml:mi><mml:mfrac><mml:mrow><mml:mo>−</mml:mo><mml:mi>E</mml:mi><mml:msub><mml:mi>a</mml:mi><mml:mn>2</mml:mn></mml:msub></mml:mrow><mml:mrow><mml:msub><mml:mi>k</mml:mi><mml:mi>B</mml:mi></mml:msub><mml:mi>T</mml:mi></mml:mrow></mml:mfrac></mml:msup></mml:mrow></mml:mfenced></mml:math></ce:formula></ce:display>results. Therein, the pre-exponential factors Y<ce:inf loc="post">1</ce:inf><ce:sup loc="post">0</ce:sup> and Y<ce:inf loc="post">2</ce:inf><ce:sup loc="post">0</ce:sup> as well as the activation energies Ea<ce:inf loc="post">1</ce:inf> and Ea<ce:inf loc="post">2</ce:inf> are fitting parameters; k<ce:inf loc="post">B</ce:inf> and T denote Boltzmann's constant and temperature, respectively. The fit curves are given in <ce:cross-ref refid="f0020" id="cf0185">Fig. 4</ce:cross-ref> and the results obtained for the fit parameters are summarized in <ce:cross-ref refid="t0005" id="cf0190">Table 1</ce:cross-ref><ce:float-anchor refid="t0005"/>.</ce:para><ce:para id="p0070" view="all">The fit curves in <ce:cross-ref refid="f0020" id="cf0195">Fig. 4</ce:cross-ref> and the results in <ce:cross-ref refid="t0005" id="cf0200">Table 1</ce:cross-ref> confirm that the activation energies for both types of electrodes are almost identical at high temperature. In this temperature region also the pre-exponential factors are in good agreement. At lower temperatures, the slopes and thus the activation energies of electrodes with small and large grains are again virtually identical. The absolute value of ca. 0.15<ce:hsp sp="0.25"/>eV should not be over-interpreted, due to data scattering, but certainly indicates a polarization resistance with only slight thermal activation in both cases. The pre-exponential factors, however, differ by almost two orders of magnitude, suggesting the same rate limiting step for both electrodes but existence of a geometrical scaling factor.</ce:para><ce:para id="p0075" view="all">In analogy to Ref. <ce:cross-ref refid="bb0065" id="cf0205">[13]</ce:cross-ref>, the changing activation energy between low and high temperature regimes can be interpreted in terms of a change of the reaction path and the rate determining step. It was also shown in Ref. <ce:cross-ref refid="bb0065" id="cf0210">[13]</ce:cross-ref> that the polarization resistance at high temperatures scales with the 3PB length, while at low temperatures it scales with the electrode surface area. In accordance with this interpretation, both types of electrodes exhibit a similar polarization resistance in the high temperature regime due to a very similar 3PB length. Interestingly, the different electrodes revealed a strongly different response in the low temperature regime, despite having the same surface area. Since the GB density of the two types of electrodes differs by a factor of more than 100 (cf. <ce:cross-ref refid="s0015" id="cf1900">Sec. 2.1</ce:cross-ref> and <ce:cross-ref refid="f0005" id="cf1905">Fig. 1</ce:cross-ref>), this indicates a crucial role of GBs in the bulk path. Moreover, in one of our prior studies <ce:cross-ref refid="bb0075" id="cf0215">[15]</ce:cross-ref>, diffusion limited kinetics was found in current voltage measurements between 280 and 400<ce:hsp sp="0.25"/>°C on small grained platinum microelectrodes. The combination of all these observations suggests oxygen diffusion along platinum GBs as the rate determining step of oxygen reduction below 450<ce:hsp sp="0.25"/>°C. Since GB length and 3PB length are similar for large grained microelectrodes, we can draw a further conclusion from the strongly varying temperature dependence: oxygen reduction via 3PBs (active particularly at high temperatures) and oxygen reduction via GBs (dominating at low temperatures) follow very different electrochemical mechanisms. Moreover, the exchange current via the surface path (i.e. the polarization resistance at higher temperature) is independent of the Pt GB density and a pronounced effect of GB/3PB intersections on the oxygen reduction kinetics can thus be excluded.</ce:para></ce:section><ce:section id="s0035" view="all"><ce:label>4</ce:label><ce:section-title id="st0040">Conclusion</ce:section-title><ce:para id="p0080" view="all">Oxygen reduction pathways of sputter deposited platinum microelectrodes with strongly different grain sizes were investigated by means of impedance spectroscopy. Microelectrodes were partly studied in a novel, symmetrically heated micro-contact set-up to avoid temperature gradients within the measured sample. Long-time measurements between 250 and 800<ce:hsp sp="0.25"/>°C could thus be performed on single microelectrodes. Very different activation energies are found at high and low temperatures, irrespective of the grain size. At low temperatures, a bulk path with oxygen transport through Pt is active and its exchange current scales with the grain boundary density of the investigated microelectrodes. This (together with the knowledge of diffusion limited kinetics from a prior study) suggests oxygen diffusion along grain boundaries as a rate limiting step. In contrast, the polarization resistance at high temperatures represents oxygen reduction via a surface path and is not affected by the grain boundary density.</ce:para></ce:section></ce:sections><ce:acknowledgment id="ac0005" view="all"><ce:section-title id="st0045">Acknowledgments</ce:section-title><ce:para id="p0085" view="all">We thank Elisabeth Eitenberger for SEM measurements. This work was financially supported by the <ce:grant-sponsor id="gts0005" sponsor-id="http://dx.doi.org/10.13039/501100002428" xlink:type="simple" xlink:role="http://www.elsevier.com/xml/linking-roles/grant-sponsor">Austrian Science Fund</ce:grant-sponsor> (FWF), Projects <ce:grant-number refid="gts0005">F 4509-N16</ce:grant-number> and <ce:grant-number refid="gts0005">W1243-N16</ce:grant-number>.</ce:para></ce:acknowledgment></body><tail view="all"><ce:bibliography id="bi0005" view="all"><ce:section-title id="st0050">References</ce:section-title><ce:bibliography-sec id="bs0005" view="all"><ce:bib-reference id="bb0005"><ce:label>[1]</ce:label><sb:reference id="rf0005"><sb:contribution langtype="en"><sb:authors><sb:author><ce:given-name>N.</ce:given-name><ce:surname>Docquier</ce:surname></sb:author><sb:author><ce:given-name>S.</ce:given-name><ce:surname>Candel</ce:surname></sb:author></sb:authors></sb:contribution><sb:host><sb:issue><sb:series><sb:title><sb:maintitle>Prog. Energy Combust. Sci.</sb:maintitle></sb:title><sb:volume-nr>28</sb:volume-nr></sb:series><sb:issue-nr>2</sb:issue-nr><sb:date>2002</sb:date></sb:issue><sb:pages><sb:first-page>107</sb:first-page></sb:pages></sb:host></sb:reference></ce:bib-reference><ce:bib-reference id="bb0010"><ce:label>[2]</ce:label><sb:reference id="rf0010"><sb:contribution langtype="en"><sb:authors><sb:author><ce:given-name>T.R.</ce:given-name><ce:surname>Dargaville</ce:surname></sb:author><sb:author><ce:given-name>B.L.</ce:given-name><ce:surname>Farrugia</ce:surname></sb:author><sb:author><ce:given-name>J.A.</ce:given-name><ce:surname>Broadbent</ce:surname></sb:author><sb:author><ce:given-name>S.</ce:given-name><ce:surname>Pace</ce:surname></sb:author><sb:author><ce:given-name>Z.</ce:given-name><ce:surname>Upton</ce:surname></sb:author><sb:author><ce:given-name>N.H.</ce:given-name><ce:surname>Voelcker</ce:surname></sb:author></sb:authors></sb:contribution><sb:host><sb:issue><sb:series><sb:title><sb:maintitle>Biosens. Bioelectron.</sb:maintitle></sb:title><sb:volume-nr>41</sb:volume-nr></sb:series><sb:date>2013</sb:date></sb:issue><sb:pages><sb:first-page>30</sb:first-page></sb:pages></sb:host></sb:reference></ce:bib-reference><ce:bib-reference id="bb0015"><ce:label>[3]</ce:label><sb:reference id="rf0015"><sb:contribution langtype="en"><sb:authors><sb:author><ce:given-name>S.B.</ce:given-name><ce:surname>Adler</ce:surname></sb:author></sb:authors></sb:contribution><sb:host><sb:issue><sb:series><sb:title><sb:maintitle>Chem. Rev.</sb:maintitle></sb:title><sb:volume-nr>104</sb:volume-nr></sb:series><sb:issue-nr>10</sb:issue-nr><sb:date>2004</sb:date></sb:issue><sb:pages><sb:first-page>4791</sb:first-page></sb:pages></sb:host></sb:reference></ce:bib-reference><ce:bib-reference id="bb0020"><ce:label>[4]</ce:label><sb:reference id="rf0020"><sb:contribution langtype="en"><sb:authors><sb:author><ce:given-name>Z.Y.</ce:given-name><ce:surname>Can</ce:surname></sb:author><sb:author><ce:given-name>H.</ce:given-name><ce:surname>Narita</ce:surname></sb:author><sb:author><ce:given-name>J.</ce:given-name><ce:surname>Mizusaki</ce:surname></sb:author><sb:author><ce:given-name>H.</ce:given-name><ce:surname>Tagawa</ce:surname></sb:author></sb:authors></sb:contribution><sb:host><sb:issue><sb:series><sb:title><sb:maintitle>Solid State Ionics</sb:maintitle></sb:title><sb:volume-nr>79</sb:volume-nr></sb:series><sb:date>1995</sb:date></sb:issue><sb:pages><sb:first-page>344</sb:first-page></sb:pages></sb:host></sb:reference></ce:bib-reference><ce:bib-reference id="bb0025"><ce:label>[5]</ce:label><sb:reference id="rf0025"><sb:contribution langtype="en"><sb:authors><sb:author><ce:given-name>J.L.</ce:given-name><ce:surname>Hertz</ce:surname></sb:author><sb:author><ce:given-name>H.L.</ce:given-name><ce:surname>Tuller</ce:surname></sb:author></sb:authors></sb:contribution><sb:host><sb:issue><sb:series><sb:title><sb:maintitle>J. Electrochem. Soc.</sb:maintitle></sb:title><sb:volume-nr>154</sb:volume-nr></sb:series><sb:issue-nr>4</sb:issue-nr><sb:date>2007</sb:date></sb:issue><sb:pages><sb:first-page>B413</sb:first-page></sb:pages></sb:host></sb:reference></ce:bib-reference><ce:bib-reference id="bb0030"><ce:label>[6]</ce:label><sb:reference id="rf0030"><sb:contribution langtype="en"><sb:authors><sb:author><ce:given-name>K.</ce:given-name><ce:surname>Kerman</ce:surname></sb:author><sb:author><ce:given-name>B.-K.</ce:given-name><ce:surname>Lai</ce:surname></sb:author><sb:author><ce:given-name>S.</ce:given-name><ce:surname>Ramanathan</ce:surname></sb:author></sb:authors></sb:contribution><sb:host><sb:issue><sb:series><sb:title><sb:maintitle>J. Power Sources</sb:maintitle></sb:title><sb:volume-nr>196</sb:volume-nr></sb:series><sb:issue-nr>5</sb:issue-nr><sb:date>2011</sb:date></sb:issue><sb:pages><sb:first-page>2608</sb:first-page></sb:pages></sb:host></sb:reference></ce:bib-reference><ce:bib-reference id="bb0035"><ce:label>[7]</ce:label><sb:reference id="rf0035"><sb:contribution langtype="en"><sb:authors><sb:author><ce:given-name>S.J.</ce:given-name><ce:surname>Litzelman</ce:surname></sb:author><sb:author><ce:given-name>J.L.</ce:given-name><ce:surname>Hertz</ce:surname></sb:author><sb:author><ce:given-name>W.</ce:given-name><ce:surname>Jung</ce:surname></sb:author><sb:author><ce:given-name>H.L.</ce:given-name><ce:surname>Tuller</ce:surname></sb:author></sb:authors></sb:contribution><sb:host><sb:issue><sb:series><sb:title><sb:maintitle>Fuel Cells</sb:maintitle></sb:title><sb:volume-nr>8</sb:volume-nr></sb:series><sb:issue-nr>5</sb:issue-nr><sb:date>2008</sb:date></sb:issue><sb:pages><sb:first-page>294</sb:first-page></sb:pages></sb:host></sb:reference></ce:bib-reference><ce:bib-reference id="bb0040"><ce:label>[8]</ce:label><sb:reference id="rf0040"><sb:contribution langtype="en"><sb:authors><sb:author><ce:given-name>J.H.</ce:given-name><ce:surname>Shim</ce:surname></sb:author><sb:author><ce:given-name>C.-C.</ce:given-name><ce:surname>Chao</ce:surname></sb:author><sb:author><ce:given-name>H.</ce:given-name><ce:surname>Huang</ce:surname></sb:author><sb:author><ce:given-name>F.B.</ce:given-name><ce:surname>Prinz</ce:surname></sb:author></sb:authors></sb:contribution><sb:host><sb:issue><sb:series><sb:title><sb:maintitle>Chem. Mater.</sb:maintitle></sb:title><sb:volume-nr>19</sb:volume-nr></sb:series><sb:issue-nr>15</sb:issue-nr><sb:date>2007</sb:date></sb:issue><sb:pages><sb:first-page>3850</sb:first-page></sb:pages></sb:host></sb:reference></ce:bib-reference><ce:bib-reference id="bb0045"><ce:label>[9]</ce:label><sb:reference id="rf0045"><sb:contribution langtype="en"><sb:authors><sb:author><ce:given-name>X.</ce:given-name><ce:surname>Jiang</ce:surname></sb:author><sb:author><ce:given-name>H.</ce:given-name><ce:surname>Huang</ce:surname></sb:author><sb:author><ce:given-name>F.B.</ce:given-name><ce:surname>Prinz</ce:surname></sb:author><sb:author><ce:given-name>S.F.</ce:given-name><ce:surname>Bent</ce:surname></sb:author></sb:authors></sb:contribution><sb:host><sb:issue><sb:series><sb:title><sb:maintitle>Chem. Mater.</sb:maintitle></sb:title><sb:volume-nr>20</sb:volume-nr></sb:series><sb:issue-nr>12</sb:issue-nr><sb:date>2008</sb:date></sb:issue><sb:pages><sb:first-page>3897</sb:first-page></sb:pages></sb:host></sb:reference></ce:bib-reference><ce:bib-reference id="bb0050"><ce:label>[10]</ce:label><sb:reference id="rf0050"><sb:contribution langtype="en"><sb:authors><sb:author><ce:given-name>E.</ce:given-name><ce:surname>Ivers-Tiffée</ce:surname></sb:author><sb:author><ce:given-name>A.</ce:given-name><ce:surname>Weber</ce:surname></sb:author><sb:author><ce:given-name>D.</ce:given-name><ce:surname>Herbstritt</ce:surname></sb:author></sb:authors></sb:contribution><sb:host><sb:issue><sb:series><sb:title><sb:maintitle>J. Eur. Ceram. Soc.</sb:maintitle></sb:title><sb:volume-nr>21</sb:volume-nr></sb:series><sb:issue-nr>10–11</sb:issue-nr><sb:date>2001</sb:date></sb:issue><sb:pages><sb:first-page>1805</sb:first-page></sb:pages></sb:host></sb:reference></ce:bib-reference><ce:bib-reference id="bb0055"><ce:label>[11]</ce:label><sb:reference id="rf0055"><sb:contribution langtype="en"><sb:authors><sb:author><ce:given-name>A.K.</ce:given-name><ce:surname>Opitz</ce:surname></sb:author><sb:author><ce:given-name>J.</ce:given-name><ce:surname>Fleig</ce:surname></sb:author></sb:authors></sb:contribution><sb:host><sb:issue><sb:series><sb:title><sb:maintitle>Solid State Ionics</sb:maintitle></sb:title><sb:volume-nr>181</sb:volume-nr></sb:series><sb:issue-nr>15–16</sb:issue-nr><sb:date>2010</sb:date></sb:issue><sb:pages><sb:first-page>684</sb:first-page></sb:pages></sb:host></sb:reference></ce:bib-reference><ce:bib-reference id="bb0060"><ce:label>[12]</ce:label><sb:reference id="rf0060"><sb:contribution langtype="en"><sb:authors><sb:author><ce:given-name>A.K.</ce:given-name><ce:surname>Opitz</ce:surname></sb:author><sb:author><ce:given-name>A.</ce:given-name><ce:surname>Schintlmeister</ce:surname></sb:author><sb:author><ce:given-name>H.</ce:given-name><ce:surname>Hutter</ce:surname></sb:author><sb:author><ce:given-name>J.</ce:given-name><ce:surname>Fleig</ce:surname></sb:author></sb:authors></sb:contribution><sb:host><sb:issue><sb:series><sb:title><sb:maintitle>Phys. Chem. Chem. Phys.</sb:maintitle></sb:title><sb:volume-nr>12</sb:volume-nr></sb:series><sb:issue-nr>39</sb:issue-nr><sb:date>2010</sb:date></sb:issue><sb:pages><sb:first-page>12734</sb:first-page></sb:pages></sb:host></sb:reference></ce:bib-reference><ce:bib-reference id="bb0065"><ce:label>[13]</ce:label><sb:reference id="rf0065"><sb:contribution langtype="en"><sb:authors><sb:author><ce:given-name>A.K.</ce:given-name><ce:surname>Opitz</ce:surname></sb:author><sb:author><ce:given-name>A.</ce:given-name><ce:surname>Lutz</ce:surname></sb:author><sb:author><ce:given-name>M.</ce:given-name><ce:surname>Kubicek</ce:surname></sb:author><sb:author><ce:given-name>F.</ce:given-name><ce:surname>Kubel</ce:surname></sb:author><sb:author><ce:given-name>H.</ce:given-name><ce:surname>Hutter</ce:surname></sb:author><sb:author><ce:given-name>J.</ce:given-name><ce:surname>Fleig</ce:surname></sb:author></sb:authors></sb:contribution><sb:host><sb:issue><sb:series><sb:title><sb:maintitle>Electrochim. Acta</sb:maintitle></sb:title><sb:volume-nr>56</sb:volume-nr></sb:series><sb:issue-nr>27</sb:issue-nr><sb:date>2011</sb:date></sb:issue><sb:pages><sb:first-page>9727</sb:first-page></sb:pages></sb:host></sb:reference></ce:bib-reference><ce:bib-reference id="bb0070"><ce:label>[14]</ce:label><sb:reference id="rf0070"><sb:contribution langtype="en"><sb:authors><sb:author><ce:given-name>M.P.</ce:given-name><ce:surname>Hörlein</ce:surname></sb:author><sb:author><ce:given-name>A.K.</ce:given-name><ce:surname>Opitz</ce:surname></sb:author><sb:author><ce:given-name>J.</ce:given-name><ce:surname>Fleig</ce:surname></sb:author></sb:authors></sb:contribution><sb:host><sb:issue><sb:series><sb:title><sb:maintitle>Solid State Ionics</sb:maintitle></sb:title><sb:volume-nr>247–248</sb:volume-nr></sb:series><sb:date>2013</sb:date></sb:issue><sb:pages><sb:first-page>56</sb:first-page></sb:pages></sb:host></sb:reference></ce:bib-reference><ce:bib-reference id="bb0075"><ce:label>[15]</ce:label><sb:reference id="rf0075"><sb:contribution langtype="en"><sb:authors><sb:author><ce:given-name>A.K.</ce:given-name><ce:surname>Opitz</ce:surname></sb:author><sb:author><ce:given-name>M.</ce:given-name><ce:surname>Kubicek</ce:surname></sb:author><sb:author><ce:given-name>S.</ce:given-name><ce:surname>Huber</ce:surname></sb:author><sb:author><ce:given-name>T.</ce:given-name><ce:surname>Huber</ce:surname></sb:author><sb:author><ce:given-name>G.</ce:given-name><ce:surname>Holzlechner</ce:surname></sb:author><sb:author><ce:given-name>H.</ce:given-name><ce:surname>Hutter</ce:surname></sb:author><sb:author><ce:given-name>J.</ce:given-name><ce:surname>Fleig</ce:surname></sb:author></sb:authors></sb:contribution><sb:host><sb:issue><sb:series><sb:title><sb:maintitle>J. Mater. Res.</sb:maintitle></sb:title><sb:volume-nr>28</sb:volume-nr></sb:series><sb:issue-nr>16</sb:issue-nr><sb:date>2013</sb:date></sb:issue><sb:pages><sb:first-page>2085</sb:first-page></sb:pages></sb:host></sb:reference></ce:bib-reference><ce:bib-reference id="bb0080"><ce:label>[16]</ce:label><sb:reference id="rf0080"><sb:contribution langtype="en"><sb:authors><sb:author><ce:given-name>E.</ce:given-name><ce:surname>Mutoro</ce:surname></sb:author><sb:author><ce:given-name>S.</ce:given-name><ce:surname>Günther</ce:surname></sb:author><sb:author><ce:given-name>B.</ce:given-name><ce:surname>Luerßen</ce:surname></sb:author><sb:author><ce:given-name>I.</ce:given-name><ce:surname>Valov</ce:surname></sb:author><sb:author><ce:given-name>J.</ce:given-name><ce:surname>Janek</ce:surname></sb:author></sb:authors></sb:contribution><sb:host><sb:issue><sb:series><sb:title><sb:maintitle>Solid State Ionics</sb:maintitle></sb:title><sb:volume-nr>179</sb:volume-nr></sb:series><sb:issue-nr>33–34</sb:issue-nr><sb:date>2008</sb:date></sb:issue><sb:pages><sb:first-page>1835</sb:first-page></sb:pages></sb:host></sb:reference></ce:bib-reference><ce:bib-reference id="bb0085"><ce:label>[17]</ce:label><sb:reference id="rf0085"><sb:contribution langtype="en"><sb:authors><sb:author><ce:given-name>B.</ce:given-name><ce:surname>Luerßen</ce:surname></sb:author><sb:author><ce:given-name>E.</ce:given-name><ce:surname>Mutoro</ce:surname></sb:author><sb:author><ce:given-name>H.</ce:given-name><ce:surname>Fischer</ce:surname></sb:author><sb:author><ce:given-name>S.</ce:given-name><ce:surname>Günther</ce:surname></sb:author><sb:author><ce:given-name>R.</ce:given-name><ce:surname>Imbihl</ce:surname></sb:author><sb:author><ce:given-name>J.</ce:given-name><ce:surname>Janek</ce:surname></sb:author></sb:authors></sb:contribution><sb:host><sb:issue><sb:series><sb:title><sb:maintitle>Angew. Chem. Int. Ed.</sb:maintitle></sb:title><sb:volume-nr>45</sb:volume-nr></sb:series><sb:issue-nr>9</sb:issue-nr><sb:date>2006</sb:date></sb:issue><sb:pages><sb:first-page>1473</sb:first-page></sb:pages></sb:host></sb:reference></ce:bib-reference><ce:bib-reference id="bb0090"><ce:label>[18]</ce:label><sb:reference id="rf0090"><sb:contribution langtype="en"><sb:authors><sb:author><ce:given-name>G.</ce:given-name><ce:surname>Beck</ce:surname></sb:author><sb:author><ce:given-name>H.</ce:given-name><ce:surname>Fischer</ce:surname></sb:author><sb:author><ce:given-name>E.</ce:given-name><ce:surname>Mutoro</ce:surname></sb:author><sb:author><ce:given-name>V.</ce:given-name><ce:surname>Srot</ce:surname></sb:author><sb:author><ce:given-name>K.</ce:given-name><ce:surname>Petrikowski</ce:surname></sb:author><sb:author><ce:given-name>E.</ce:given-name><ce:surname>Tchernychova</ce:surname></sb:author><sb:author><ce:given-name>M.</ce:given-name><ce:surname>Wuttig</ce:surname></sb:author><sb:author><ce:given-name>M.</ce:given-name><ce:surname>Rühle</ce:surname></sb:author><sb:author><ce:given-name>B.</ce:given-name><ce:surname>Luerßen</ce:surname></sb:author><sb:author><ce:given-name>J.</ce:given-name><ce:surname>Janek</ce:surname></sb:author></sb:authors></sb:contribution><sb:host><sb:issue><sb:series><sb:title><sb:maintitle>Solid State Ionics</sb:maintitle></sb:title><sb:volume-nr>178</sb:volume-nr></sb:series><sb:issue-nr>5–6</sb:issue-nr><sb:date>2007</sb:date></sb:issue><sb:pages><sb:first-page>327</sb:first-page></sb:pages></sb:host></sb:reference></ce:bib-reference><ce:bib-reference id="bb0095"><ce:label>[19]</ce:label><sb:reference id="rf0095"><sb:contribution langtype="en"><sb:authors><sb:author><ce:given-name>E.</ce:given-name><ce:surname>Mutoro</ce:surname></sb:author><sb:author><ce:given-name>B.</ce:given-name><ce:surname>Luerssen</ce:surname></sb:author><sb:author><ce:given-name>S.</ce:given-name><ce:surname>Günther</ce:surname></sb:author><sb:author><ce:given-name>J.</ce:given-name><ce:surname>Janek</ce:surname></sb:author></sb:authors></sb:contribution><sb:host><sb:issue><sb:series><sb:title><sb:maintitle>Solid State Ionics</sb:maintitle></sb:title><sb:volume-nr>179</sb:volume-nr></sb:series><sb:issue-nr>21–26</sb:issue-nr><sb:date>2008</sb:date></sb:issue><sb:pages><sb:first-page>1214</sb:first-page></sb:pages></sb:host></sb:reference></ce:bib-reference><ce:bib-reference id="bb0100"><ce:label>[20]</ce:label><sb:reference id="rf0100"><sb:contribution langtype="en"><sb:authors><sb:author><ce:given-name>H.</ce:given-name><ce:surname>Pöpke</ce:surname></sb:author><sb:author><ce:given-name>E.</ce:given-name><ce:surname>Mutoro</ce:surname></sb:author><sb:author><ce:given-name>B.</ce:given-name><ce:surname>Luerßen</ce:surname></sb:author><sb:author><ce:given-name>J.</ce:given-name><ce:surname>Janek</ce:surname></sb:author></sb:authors></sb:contribution><sb:host><sb:issue><sb:series><sb:title><sb:maintitle>Solid State Ionics</sb:maintitle></sb:title><sb:volume-nr>189</sb:volume-nr></sb:series><sb:issue-nr>1</sb:issue-nr><sb:date>2011</sb:date></sb:issue><sb:pages><sb:first-page>56</sb:first-page></sb:pages></sb:host></sb:reference></ce:bib-reference><ce:bib-reference id="bb0105"><ce:label>[21]</ce:label><sb:reference id="rf0105"><sb:contribution langtype="en"><sb:authors><sb:author><ce:given-name>L.R.</ce:given-name><ce:surname>Velho</ce:surname></sb:author><sb:author><ce:given-name>R.W.</ce:given-name><ce:surname>Bartlett</ce:surname></sb:author></sb:authors></sb:contribution><sb:host><sb:issue><sb:series><sb:title><sb:maintitle>MT</sb:maintitle></sb:title><sb:volume-nr>3</sb:volume-nr></sb:series><sb:issue-nr>1</sb:issue-nr><sb:date>1972</sb:date></sb:issue><sb:pages><sb:first-page>65</sb:first-page></sb:pages></sb:host></sb:reference></ce:bib-reference><ce:bib-reference id="bb0110"><ce:label>[22]</ce:label><sb:reference id="rf0110"><sb:contribution langtype="en"><sb:authors><sb:author><ce:given-name>R.</ce:given-name><ce:surname>Stumpf</ce:surname></sb:author><sb:author><ce:given-name>C.-L.</ce:given-name><ce:surname>Liu</ce:surname></sb:author><sb:author><ce:given-name>C.</ce:given-name><ce:surname>Tracy</ce:surname></sb:author></sb:authors></sb:contribution><sb:host><sb:issue><sb:series><sb:title><sb:maintitle>Appl. Phys. Lett.</sb:maintitle></sb:title><sb:volume-nr>75</sb:volume-nr></sb:series><sb:issue-nr>10</sb:issue-nr><sb:date>1999</sb:date></sb:issue><sb:pages><sb:first-page>1389</sb:first-page></sb:pages></sb:host></sb:reference></ce:bib-reference><ce:bib-reference id="bb0115"><ce:label>[23]</ce:label><sb:reference id="rf0115"><sb:contribution langtype="en"><sb:authors><sb:author><ce:given-name>T.</ce:given-name><ce:surname>Ryll</ce:surname></sb:author><sb:author><ce:given-name>H.</ce:given-name><ce:surname>Galinski</ce:surname></sb:author><sb:author><ce:given-name>L.</ce:given-name><ce:surname>Schlagenhauf</ce:surname></sb:author><sb:author><ce:given-name>P.</ce:given-name><ce:surname>Elser</ce:surname></sb:author><sb:author><ce:given-name>J.L.M.</ce:given-name><ce:surname>Rupp</ce:surname></sb:author><sb:author><ce:given-name>A.</ce:given-name><ce:surname>Bieberle-Hutter</ce:surname></sb:author><sb:author><ce:given-name>L.J.</ce:given-name><ce:surname>Gauckler</ce:surname></sb:author></sb:authors></sb:contribution><sb:host><sb:issue><sb:series><sb:title><sb:maintitle>Adv. Funct. Mater.</sb:maintitle></sb:title><sb:volume-nr>21</sb:volume-nr></sb:series><sb:issue-nr>3</sb:issue-nr><sb:date>2011</sb:date></sb:issue><sb:pages><sb:first-page>565</sb:first-page></sb:pages></sb:host></sb:reference></ce:bib-reference><ce:bib-reference id="bb0120"><ce:label>[24]</ce:label><sb:reference id="rf0130"><sb:contribution langtype="en"><sb:authors><sb:author><ce:given-name>T.M.</ce:given-name><ce:surname>Huber</ce:surname></sb:author><sb:author><ce:given-name>A.K.</ce:given-name><ce:surname>Opitz</ce:surname></sb:author><sb:author><ce:given-name>M.</ce:given-name><ce:surname>Kubicek</ce:surname></sb:author><sb:author><ce:given-name>J.</ce:given-name><ce:surname>Fleig</ce:surname></sb:author></sb:authors></sb:contribution><sb:host><sb:issue><sb:series><sb:title><sb:maintitle>Solid State Ionics A</sb:maintitle></sb:title><sb:volume-nr>268</sb:volume-nr></sb:series><sb:date>2014</sb:date></sb:issue><sb:pages><sb:first-page>82</sb:first-page></sb:pages></sb:host></sb:reference></ce:bib-reference><ce:bib-reference id="bb0125"><ce:label>[25]</ce:label><sb:reference id="rf0125"><sb:contribution langtype="en"><sb:authors><sb:author><ce:given-name>J.L.</ce:given-name><ce:surname>Hertz</ce:surname></sb:author><sb:author><ce:given-name>H.L.</ce:given-name><ce:surname>Tuller</ce:surname></sb:author></sb:authors></sb:contribution><sb:host><sb:issue><sb:series><sb:title><sb:maintitle>Solid State Ionics</sb:maintitle></sb:title><sb:volume-nr>178</sb:volume-nr></sb:series><sb:issue-nr>13–14</sb:issue-nr><sb:date>2007</sb:date></sb:issue><sb:pages><sb:first-page>915</sb:first-page></sb:pages></sb:host></sb:reference></ce:bib-reference></ce:bibliography-sec></ce:bibliography></tail></article></xocs:serial-item></xocs:doc>