<xocs:doc xsi:schemaLocation="http://www.elsevier.com/xml/xocs/dtd http://schema.elsevier.com/dtds/document/fulltext/xcr/xocs-article.xsd" xmlns:xocs="http://www.elsevier.com/xml/xocs/dtd" xmlns:xs="http://www.w3.org/2001/XMLSchema" xmlns:xsi="http://www.w3.org/2001/XMLSchema-instance" xmlns="http://www.elsevier.com/xml/ja/dtd" xmlns:ja="http://www.elsevier.com/xml/ja/dtd" xmlns:mml="http://www.w3.org/1998/Math/MathML" xmlns:tb="http://www.elsevier.com/xml/common/table/dtd" xmlns:sb="http://www.elsevier.com/xml/common/struct-bib/dtd" xmlns:ce="http://www.elsevier.com/xml/common/dtd" xmlns:xlink="http://www.w3.org/1999/xlink" xmlns:cals="http://www.elsevier.com/xml/common/cals/dtd"><xocs:meta><xocs:content-family>serial</xocs:content-family><xocs:content-type>JL</xocs:content-type><xocs:cid>271411</xocs:cid><xocs:ssids><xocs:ssid type="alllist">291210</xocs:ssid><xocs:ssid type="subj">291689</xocs:ssid><xocs:ssid type="subj">291719</xocs:ssid><xocs:ssid type="subj">291790</xocs:ssid><xocs:ssid type="subj">291865</xocs:ssid><xocs:ssid type="subj">291877</xocs:ssid><xocs:ssid type="content">31</xocs:ssid><xocs:ssid type="oa">90</xocs:ssid></xocs:ssids><xocs:srctitle>Solid State Ionics</xocs:srctitle><xocs:normalized-srctitle>SOLIDSTATEIONICS</xocs:normalized-srctitle><xocs:orig-load-date yyyymmdd="20141126">2014-11-26</xocs:orig-load-date><xocs:ew-transaction-id>2015-04-13T15:24:43</xocs:ew-transaction-id><xocs:eid>1-s2.0-S0167273814004408</xocs:eid><xocs:pii-formatted>S0167-2738(14)00440-8</xocs:pii-formatted><xocs:pii-unformatted>S0167273814004408</xocs:pii-unformatted><xocs:doi>10.1016/j.ssi.2014.10.024</xocs:doi><xocs:item-stage>S300</xocs:item-stage><xocs:item-version-number>S300.2</xocs:item-version-number><xocs:item-weight>FULL-TEXT</xocs:item-weight><xocs:hub-eid>1-s2.0-S0167273815X00051</xocs:hub-eid><xocs:timestamp yyyymmdd="20150413">2015-04-13T11:20:12.086842-04:00</xocs:timestamp><xocs:dco>0</xocs:dco><xocs:tomb>0</xocs:tomb><xocs:date-search-begin>20150501</xocs:date-search-begin><xocs:date-search-end>20150531</xocs:date-search-end><xocs:year-nav>2015</xocs:year-nav><xocs:indexeddate epoch="1416978897">2014-11-26T05:14:57.856734Z</xocs:indexeddate><xocs:articleinfo>articleinfo articletitlenorm authfirstinitialnorm authfirstsurnamenorm cid cids confeditor contenttype copyright crossmark dateloaded dateloadedtxt datesearch datesort dateupdated dco docsubtype doctype doi eid ewtransactionid fundingbodyid hubeid indexeddate issn issnnorm itemstage itemtransactionid itemweight oauserlicense openaccess openarchive pg pgfirst pglast pii piinorm pubdateend pubdatestart pubdatetxt pubyr sortorder sponsoredaccesstype srctitle srctitlenorm srctype ssids alllist content oa subj subheadings suppl tomb vol volfirst volissue volumelist webpdf webpdfpagecount yearnav figure body acknowledge affil articletitle auth authfirstini authfull authkeywords authlast grantnumber grantsponsor highlightsabst primabst ref</xocs:articleinfo><xocs:issns><xocs:issn-primary-formatted>0167-2738</xocs:issn-primary-formatted><xocs:issn-primary-unformatted>01672738</xocs:issn-primary-unformatted></xocs:issns><xocs:sponsored-access-type>UNLIMITED</xocs:sponsored-access-type><xocs:funding-body-id>FWF</xocs:funding-body-id><xocs:crossmark is-crossmark="1">true</xocs:crossmark><xocs:vol-first>273</xocs:vol-first><xocs:volume-list><xocs:volume>273</xocs:volume></xocs:volume-list><xocs:suppl>C</xocs:suppl><xocs:vol-iss-suppl-text>Volume 273</xocs:vol-iss-suppl-text><xocs:sort-order>7</xocs:sort-order><xocs:first-fp>25</xocs:first-fp><xocs:last-lp>29</xocs:last-lp><xocs:pages><xocs:first-page>25</xocs:first-page><xocs:last-page>29</xocs:last-page></xocs:pages><xocs:cover-date-orig><xocs:start-date>201505</xocs:start-date></xocs:cover-date-orig><xocs:cover-date-text>May 2015</xocs:cover-date-text><xocs:cover-date-start>2015-05-01</xocs:cover-date-start><xocs:cover-date-end>2015-05-31</xocs:cover-date-end><xocs:cover-date-year>2015</xocs:cover-date-year><xocs:title-editors-groups><xocs:title-editors-group><ce:title>The E-MRS Conference, Symposium C "Solid State Ionics: Thin Films for Energy and Information Applications"</ce:title><ce:editors><ce:author-group><ce:author><ce:degrees>Prof</ce:degrees><ce:given-name>Jennifer</ce:given-name><ce:surname>L.M. Rupp</ce:surname></ce:author></ce:author-group><ce:author-group><ce:author><ce:degrees>Dr.</ce:degrees><ce:given-name>Roger</ce:given-name><ce:surname>A. De Souza</ce:surname></ce:author></ce:author-group><ce:author-group><ce:author><ce:degrees>Prof.</ce:degrees><ce:given-name>Igor</ce:given-name><ce:surname>Lubomirsky</ce:surname></ce:author></ce:author-group><ce:author-group><ce:author><ce:degrees>Prof.</ce:degrees><ce:given-name>Wolfgang</ce:given-name><ce:surname>Preis</ce:surname></ce:author></ce:author-group><ce:author-group><ce:author><ce:degrees>Prof.</ce:degrees><ce:given-name>Erik</ce:given-name><ce:surname>M. Kelder</ce:surname></ce:author></ce:author-group></ce:editors></xocs:title-editors-group></xocs:title-editors-groups><xocs:document-type>article</xocs:document-type><xocs:document-subtype>fla</xocs:document-subtype><xocs:copyright-line>Copyright © 2014 Published by Elsevier B.V.</xocs:copyright-line><xocs:normalized-article-title>MAPPINGELECTROCHEMICALLYDRIVENGASEXCHANGEMIXEDCONDUCTINGSRTI07FE03O3CE08GD02O19THINFILMSBY18OTRACERINCORPORATIONUNDERREDUCINGATMOSPHERE</xocs:normalized-article-title><xocs:normalized-first-auth-surname>NENNING</xocs:normalized-first-auth-surname><xocs:normalized-first-auth-initial>A</xocs:normalized-first-auth-initial><xocs:item-toc><xocs:item-toc-entry ref-elem="ce:sections"><xocs:item-toc-label>1</xocs:item-toc-label><xocs:item-toc-section-title>Introduction</xocs:item-toc-section-title></xocs:item-toc-entry><xocs:item-toc-entry ref-elem="ce:sections"><xocs:item-toc-label>2</xocs:item-toc-label><xocs:item-toc-section-title>Experimental</xocs:item-toc-section-title><xocs:item-toc-entry ref-elem="ce:sections"><xocs:item-toc-label>2.1</xocs:item-toc-label><xocs:item-toc-section-title>Sample preparation</xocs:item-toc-section-title></xocs:item-toc-entry><xocs:item-toc-entry ref-elem="ce:sections"><xocs:item-toc-label>2.2</xocs:item-toc-label><xocs:item-toc-section-title>Electrode design</xocs:item-toc-section-title></xocs:item-toc-entry><xocs:item-toc-entry ref-elem="ce:sections"><xocs:item-toc-label>2.3</xocs:item-toc-label><xocs:item-toc-section-title>Procedure of the isotope exchange experiments</xocs:item-toc-section-title></xocs:item-toc-entry></xocs:item-toc-entry><xocs:item-toc-entry ref-elem="ce:sections"><xocs:item-toc-label>3</xocs:item-toc-label><xocs:item-toc-section-title>Results and discussion</xocs:item-toc-section-title><xocs:item-toc-entry ref-elem="ce:sections"><xocs:item-toc-label>3.1</xocs:item-toc-label><xocs:item-toc-section-title>Thermal diffusion profiles</xocs:item-toc-section-title></xocs:item-toc-entry><xocs:item-toc-entry ref-elem="ce:sections"><xocs:item-toc-label>3.2</xocs:item-toc-label><xocs:item-toc-section-title>Effect of cathodic bias</xocs:item-toc-section-title></xocs:item-toc-entry><xocs:item-toc-entry ref-elem="ce:sections"><xocs:item-toc-label>3.3</xocs:item-toc-label><xocs:item-toc-section-title>Comparison of polarity and electrode placement</xocs:item-toc-section-title></xocs:item-toc-entry></xocs:item-toc-entry><xocs:item-toc-entry ref-elem="ce:sections"><xocs:item-toc-label>4</xocs:item-toc-label><xocs:item-toc-section-title>Conclusions</xocs:item-toc-section-title></xocs:item-toc-entry><xocs:item-toc-entry ref-elem="ce:acknowledgment"><xocs:item-toc-section-title>Acknowledgments</xocs:item-toc-section-title></xocs:item-toc-entry><xocs:item-toc-entry ref-elem="ce:bibliography"><xocs:item-toc-section-title>References</xocs:item-toc-section-title></xocs:item-toc-entry></xocs:item-toc><xocs:references><xocs:ref-info refid="rf0005"><xocs:ref-normalized-surname>KIM</xocs:ref-normalized-surname><xocs:ref-pub-year>2014</xocs:ref-pub-year><xocs:ref-first-fp>411</xocs:ref-first-fp><xocs:ref-normalized-initial>S</xocs:ref-normalized-initial></xocs:ref-info><xocs:ref-info refid="rf0010"><xocs:ref-normalized-surname>CHO</xocs:ref-normalized-surname><xocs:ref-pub-year>2011</xocs:ref-pub-year><xocs:ref-first-fp>5472</xocs:ref-first-fp><xocs:ref-normalized-initial>S</xocs:ref-normalized-initial></xocs:ref-info><xocs:ref-info refid="rf0015"><xocs:ref-normalized-surname>JIANG</xocs:ref-normalized-surname><xocs:ref-pub-year>2013</xocs:ref-pub-year><xocs:ref-first-fp>139</xocs:ref-first-fp><xocs:ref-normalized-initial>J</xocs:ref-normalized-initial></xocs:ref-info><xocs:ref-info refid="rf0020"><xocs:ref-normalized-surname>CHO</xocs:ref-normalized-surname><xocs:ref-pub-year>2013</xocs:ref-pub-year><xocs:ref-first-fp>1850</xocs:ref-first-fp><xocs:ref-normalized-initial>S</xocs:ref-normalized-initial></xocs:ref-info><xocs:ref-info refid="rf0025"><xocs:ref-normalized-surname>CHEN</xocs:ref-normalized-surname><xocs:ref-pub-year>2007</xocs:ref-pub-year><xocs:ref-first-fp>12</xocs:ref-first-fp><xocs:ref-normalized-initial>X</xocs:ref-normalized-initial></xocs:ref-info><xocs:ref-info refid="rf0030"><xocs:ref-normalized-surname>TAO</xocs:ref-normalized-surname><xocs:ref-pub-year>2004</xocs:ref-pub-year><xocs:ref-first-fp>A252</xocs:ref-first-fp><xocs:ref-normalized-initial>S</xocs:ref-normalized-initial></xocs:ref-info><xocs:ref-info refid="rf0035"><xocs:ref-normalized-surname>TAO</xocs:ref-normalized-surname><xocs:ref-pub-year>2003</xocs:ref-pub-year><xocs:ref-first-fp>320</xocs:ref-first-fp><xocs:ref-normalized-initial>S</xocs:ref-normalized-initial></xocs:ref-info><xocs:ref-info refid="rf0040"><xocs:ref-normalized-surname>DECALUWE</xocs:ref-normalized-surname><xocs:ref-pub-year>2010</xocs:ref-pub-year><xocs:ref-first-fp>19853</xocs:ref-first-fp><xocs:ref-normalized-initial>S</xocs:ref-normalized-initial></xocs:ref-info><xocs:ref-info refid="rf0045"><xocs:ref-normalized-surname>CHUEH</xocs:ref-normalized-surname><xocs:ref-pub-year>2012</xocs:ref-pub-year><xocs:ref-first-fp>1876</xocs:ref-first-fp><xocs:ref-normalized-initial>W</xocs:ref-normalized-initial></xocs:ref-info><xocs:ref-info refid="rf0050"><xocs:ref-normalized-surname>CHUEH</xocs:ref-normalized-surname><xocs:ref-pub-year>2012</xocs:ref-pub-year><xocs:ref-first-fp>155</xocs:ref-first-fp><xocs:ref-normalized-initial>W</xocs:ref-normalized-initial></xocs:ref-info><xocs:ref-info refid="rf0055"><xocs:ref-normalized-surname>SWAROOP</xocs:ref-normalized-surname><xocs:ref-pub-year>2008</xocs:ref-pub-year><xocs:ref-first-fp>1205</xocs:ref-first-fp><xocs:ref-normalized-initial>S</xocs:ref-normalized-initial></xocs:ref-info><xocs:ref-info refid="rf0060"><xocs:ref-normalized-surname>FEARN</xocs:ref-normalized-surname><xocs:ref-pub-year>2012</xocs:ref-pub-year><xocs:ref-first-fp>51</xocs:ref-first-fp><xocs:ref-normalized-initial>S</xocs:ref-normalized-initial></xocs:ref-info><xocs:ref-info refid="rf0065"><xocs:ref-normalized-surname>OPITZ</xocs:ref-normalized-surname><xocs:ref-pub-year>2011</xocs:ref-pub-year><xocs:ref-first-fp>9727</xocs:ref-first-fp><xocs:ref-normalized-initial>A</xocs:ref-normalized-initial></xocs:ref-info><xocs:ref-info refid="rf0070"><xocs:ref-normalized-surname>OPITZ</xocs:ref-normalized-surname><xocs:ref-pub-year>2013</xocs:ref-pub-year><xocs:ref-first-fp>2085</xocs:ref-first-fp><xocs:ref-normalized-initial>A</xocs:ref-normalized-initial></xocs:ref-info><xocs:ref-info refid="rf0075"><xocs:ref-normalized-surname>KISHIMOTO</xocs:ref-normalized-surname><xocs:ref-pub-year>2008</xocs:ref-pub-year><xocs:ref-first-fp>1343</xocs:ref-first-fp><xocs:ref-normalized-initial>H</xocs:ref-normalized-initial></xocs:ref-info><xocs:ref-info refid="rf0080"><xocs:ref-normalized-surname>YOKOKAWA</xocs:ref-normalized-surname><xocs:ref-pub-year>2012</xocs:ref-pub-year><xocs:ref-first-fp>6</xocs:ref-first-fp><xocs:ref-normalized-initial>H</xocs:ref-normalized-initial></xocs:ref-info><xocs:ref-info refid="rf0085"><xocs:ref-normalized-surname>HORITA</xocs:ref-normalized-surname><xocs:ref-pub-year>2000</xocs:ref-pub-year><xocs:ref-first-fp>55</xocs:ref-first-fp><xocs:ref-normalized-initial>T</xocs:ref-normalized-initial></xocs:ref-info><xocs:ref-info refid="rf0090"><xocs:ref-normalized-surname>ATKINSON</xocs:ref-normalized-surname><xocs:ref-pub-year>2001</xocs:ref-pub-year><xocs:ref-first-fp>233</xocs:ref-first-fp><xocs:ref-normalized-initial>A</xocs:ref-normalized-initial></xocs:ref-info><xocs:ref-info refid="rf0095"><xocs:ref-normalized-surname>BAUMANN</xocs:ref-normalized-surname><xocs:ref-pub-year>2006</xocs:ref-pub-year><xocs:ref-first-fp>1071</xocs:ref-first-fp><xocs:ref-normalized-initial>F</xocs:ref-normalized-initial></xocs:ref-info><xocs:ref-info refid="rf0100"><xocs:ref-normalized-surname>NENNING</xocs:ref-normalized-surname><xocs:ref-pub-year>2014</xocs:ref-pub-year><xocs:ref-first-fp>22321</xocs:ref-first-fp><xocs:ref-normalized-initial>A</xocs:ref-normalized-initial></xocs:ref-info><xocs:ref-info refid="rf0105"><xocs:ref-normalized-surname>CHUEH</xocs:ref-normalized-surname><xocs:ref-pub-year>2008</xocs:ref-pub-year><xocs:ref-first-fp>1036</xocs:ref-first-fp><xocs:ref-normalized-initial>W</xocs:ref-normalized-initial></xocs:ref-info><xocs:ref-info refid="rf0110"><xocs:ref-normalized-surname>ROTHSCHILD</xocs:ref-normalized-surname><xocs:ref-pub-year>2006</xocs:ref-pub-year><xocs:ref-first-fp>3651</xocs:ref-first-fp><xocs:ref-normalized-initial>A</xocs:ref-normalized-initial></xocs:ref-info><xocs:ref-info refid="rf0115"><xocs:ref-normalized-surname>STEINVIK</xocs:ref-normalized-surname><xocs:ref-pub-year>1997</xocs:ref-pub-year><xocs:ref-first-fp>969</xocs:ref-first-fp><xocs:ref-normalized-initial>S</xocs:ref-normalized-initial></xocs:ref-info><xocs:ref-info refid="rf0125"><xocs:ref-normalized-surname>LIDE</xocs:ref-normalized-surname><xocs:ref-pub-year>2010</xocs:ref-pub-year><xocs:ref-normalized-initial>D</xocs:ref-normalized-initial><xocs:ref-normalized-srctitle>CRCHANDBOOKCHEMISTRYPHYSICS</xocs:ref-normalized-srctitle></xocs:ref-info><xocs:ref-info refid="rf0130"><xocs:ref-normalized-surname>HOLZLECHNER</xocs:ref-normalized-surname><xocs:ref-pub-year>2013</xocs:ref-pub-year><xocs:ref-first-fp>1080</xocs:ref-first-fp><xocs:ref-normalized-initial>G</xocs:ref-normalized-initial></xocs:ref-info><xocs:ref-info refid="rf0120"><xocs:ref-normalized-surname>KUBICEK</xocs:ref-normalized-surname><xocs:ref-pub-year>2014</xocs:ref-pub-year><xocs:ref-first-fp>407</xocs:ref-first-fp><xocs:ref-normalized-initial>M</xocs:ref-normalized-initial></xocs:ref-info><xocs:ref-info refid="or0005"/></xocs:references><xocs:attachment-metadata-doc><xocs:attachment-set-type>item</xocs:attachment-set-type><xocs:pii-formatted>S0167-2738(14)00440-8</xocs:pii-formatted><xocs:pii-unformatted>S0167273814004408</xocs:pii-unformatted><xocs:eid>1-s2.0-S0167273814004408</xocs:eid><xocs:doi>10.1016/j.ssi.2014.10.024</xocs:doi><xocs:cid>271411</xocs:cid><xocs:timestamp>2015-04-13T11:20:12.086842-04:00</xocs:timestamp><xocs:path>/271411/1-s2.0-S0167273815X00051/1-s2.0-S0167273814004408/</xocs:path><xocs:cover-date-start>2015-05-01</xocs:cover-date-start><xocs:cover-date-end>2015-05-31</xocs:cover-date-end><xocs:sponsored-access-type>UNLIMITED</xocs:sponsored-access-type><xocs:funding-body-id>FWF</xocs:funding-body-id><xocs:attachments><xocs:web-pdf><xocs:attachment-eid>1-s2.0-S0167273814004408-main.pdf</xocs:attachment-eid><xocs:filename>main.pdf</xocs:filename><xocs:extension>pdf</xocs:extension><xocs:pdf-optimized>true</xocs:pdf-optimized><xocs:filesize>1223050</xocs:filesize><xocs:web-pdf-purpose>MAIN</xocs:web-pdf-purpose><xocs:web-pdf-page-count>5</xocs:web-pdf-page-count><xocs:web-pdf-images><xocs:web-pdf-image><xocs:attachment-eid>1-s2.0-S0167273814004408-main_1.png</xocs:attachment-eid><xocs:filename>main_1.png</xocs:filename><xocs:extension>png</xocs:extension><xocs:filesize>130881</xocs:filesize><xocs:pixel-height>849</xocs:pixel-height><xocs:pixel-width>656</xocs:pixel-width><xocs:attachment-type>IMAGE-WEB-PDF</xocs:attachment-type><xocs:pdf-page-num>1</xocs:pdf-page-num></xocs:web-pdf-image></xocs:web-pdf-images></xocs:web-pdf><xocs:attachment><xocs:attachment-eid>1-s2.0-S0167273814004408-gr4.jpg</xocs:attachment-eid><xocs:file-basename>gr4</xocs:file-basename><xocs:filename>gr4.jpg</xocs:filename><xocs:extension>jpg</xocs:extension><xocs:filesize>101009</xocs:filesize><xocs:pixel-height>447</xocs:pixel-height><xocs:pixel-width>647</xocs:pixel-width><xocs:attachment-type>IMAGE-DOWNSAMPLED</xocs:attachment-type></xocs:attachment><xocs:attachment><xocs:attachment-eid>1-s2.0-S0167273814004408-gr3.jpg</xocs:attachment-eid><xocs:file-basename>gr3</xocs:file-basename><xocs:filename>gr3.jpg</xocs:filename><xocs:extension>jpg</xocs:extension><xocs:filesize>108210</xocs:filesize><xocs:pixel-height>495</xocs:pixel-height><xocs:pixel-width>647</xocs:pixel-width><xocs:attachment-type>IMAGE-DOWNSAMPLED</xocs:attachment-type></xocs:attachment><xocs:attachment><xocs:attachment-eid>1-s2.0-S0167273814004408-gr2.jpg</xocs:attachment-eid><xocs:file-basename>gr2</xocs:file-basename><xocs:filename>gr2.jpg</xocs:filename><xocs:extension>jpg</xocs:extension><xocs:filesize>55385</xocs:filesize><xocs:pixel-height>411</xocs:pixel-height><xocs:pixel-width>306</xocs:pixel-width><xocs:attachment-type>IMAGE-DOWNSAMPLED</xocs:attachment-type></xocs:attachment><xocs:attachment><xocs:attachment-eid>1-s2.0-S0167273814004408-gr1.jpg</xocs:attachment-eid><xocs:file-basename>gr1</xocs:file-basename><xocs:filename>gr1.jpg</xocs:filename><xocs:extension>jpg</xocs:extension><xocs:filesize>63348</xocs:filesize><xocs:pixel-height>494</xocs:pixel-height><xocs:pixel-width>391</xocs:pixel-width><xocs:attachment-type>IMAGE-DOWNSAMPLED</xocs:attachment-type></xocs:attachment><xocs:attachment><xocs:attachment-eid>1-s2.0-S0167273814004408-gr4.sml</xocs:attachment-eid><xocs:file-basename>gr4</xocs:file-basename><xocs:filename>gr4.sml</xocs:filename><xocs:extension>sml</xocs:extension><xocs:filesize>12765</xocs:filesize><xocs:pixel-height>151</xocs:pixel-height><xocs:pixel-width>219</xocs:pixel-width><xocs:attachment-type>IMAGE-THUMBNAIL</xocs:attachment-type></xocs:attachment><xocs:attachment><xocs:attachment-eid>1-s2.0-S0167273814004408-gr3.sml</xocs:attachment-eid><xocs:file-basename>gr3</xocs:file-basename><xocs:filename>gr3.sml</xocs:filename><xocs:extension>sml</xocs:extension><xocs:filesize>9908</xocs:filesize><xocs:pixel-height>164</xocs:pixel-height><xocs:pixel-width>214</xocs:pixel-width><xocs:attachment-type>IMAGE-THUMBNAIL</xocs:attachment-type></xocs:attachment><xocs:attachment><xocs:attachment-eid>1-s2.0-S0167273814004408-gr2.sml</xocs:attachment-eid><xocs:file-basename>gr2</xocs:file-basename><xocs:filename>gr2.sml</xocs:filename><xocs:extension>sml</xocs:extension><xocs:filesize>8450</xocs:filesize><xocs:pixel-height>164</xocs:pixel-height><xocs:pixel-width>122</xocs:pixel-width><xocs:attachment-type>IMAGE-THUMBNAIL</xocs:attachment-type></xocs:attachment><xocs:attachment><xocs:attachment-eid>1-s2.0-S0167273814004408-gr1.sml</xocs:attachment-eid><xocs:file-basename>gr1</xocs:file-basename><xocs:filename>gr1.sml</xocs:filename><xocs:extension>sml</xocs:extension><xocs:filesize>7358</xocs:filesize><xocs:pixel-height>163</xocs:pixel-height><xocs:pixel-width>129</xocs:pixel-width><xocs:attachment-type>IMAGE-THUMBNAIL</xocs:attachment-type></xocs:attachment></xocs:attachments></xocs:attachment-metadata-doc><xocs:refkeys><xocs:refkey3>NENNINGX2015X25</xocs:refkey3><xocs:refkey4lp>NENNINGX2015X25X29</xocs:refkey4lp><xocs:refkey4ai>NENNINGX2015X25XA</xocs:refkey4ai><xocs:refkey5>NENNINGX2015X25X29XA</xocs:refkey5></xocs:refkeys><xocs:open-access><xocs:oa-article-status is-open-access="1" is-open-archive="0">Full</xocs:oa-article-status><xocs:oa-access-effective-date>2014-10-29T19:08:02Z</xocs:oa-access-effective-date><xocs:oa-sponsor><xocs:oa-sponsor-type>FundingBody</xocs:oa-sponsor-type><xocs:oa-sponsor-name>Austrian Science Fund (FWF)</xocs:oa-sponsor-name></xocs:oa-sponsor><xocs:oa-user-license>http://creativecommons.org/licenses/by/3.0/</xocs:oa-user-license></xocs:open-access></xocs:meta><xocs:serial-item><article version="5.2" docsubtype="fla" xml:lang="en" xmlns:sa="http://www.elsevier.com/xml/common/struct-aff/dtd"><item-info><jid>SOSI</jid><aid>13509</aid><ce:pii>S0167-2738(14)00440-8</ce:pii><ce:doi>10.1016/j.ssi.2014.10.024</ce:doi><ce:copyright type="unknown" year="2014"/></item-info><ce:floats><ce:figure id="f0005"><ce:label>Fig. 1</ce:label><ce:caption id="ca0005"><ce:simple-para id="sp0010" view="all">(a) Noble metal electrodes, which provide an electrical contact and block oxygen diffusion were prepared below (EB geometry) and on top (ET geometry) of the GDC or STFO layer. The oxygen diffusion pathways under equilibrium conditions are sketched for ET and EB current collectors. Working and counter electrodes were contacted and polarized in the tracer exchange chamber. (b) Increased oxygen incorporation rate caused by cathodic bias near an EB current collector; in some distance from the current collector edge only thermally driven tracer exchange remains due to limited electronic conductivity within the MIEC thin film.</ce:simple-para></ce:caption><ce:link locator="gr1" id="lk0005"/></ce:figure><ce:figure id="f0010"><ce:label>Fig. 2</ce:label><ce:caption id="ca0010"><ce:simple-para id="sp0015" view="all">(a) Isotope distribution images measured by ToF-SIMS and (b) lateral tracer fraction profiles of an STFO thin film near to the edge of an electrode with EB geometry for thermally and bias driven <ce:sup loc="pre">18</ce:sup>O incorporation.</ce:simple-para></ce:caption><ce:link locator="gr2" id="lk0010"/></ce:figure><ce:figure id="f0015"><ce:label>Fig. 3</ce:label><ce:caption id="ca0015"><ce:simple-para id="sp0020" view="all">(a) Isotope distribution image with lateral tracer fraction profiles in a GDC thin film near to an EB current collector and the corresponding profiles for three different bias values (c and d). Cathodic bias (−<ce:hsp sp="0.10"/>200<ce:hsp sp="0.25"/>mV: blue curve; −<ce:hsp sp="0.10"/>500<ce:hsp sp="0.25"/>mV: green curve) locally increases the electronic conductivity and thus the width of the electrochemically active zone. (b) The depth profiles of isotope concentration were checked in the MIEC film on top of the EB current collector (red triangles) and on top of YSZ (green circles).</ce:simple-para></ce:caption><ce:link locator="gr3" id="lk0015"/></ce:figure><ce:figure id="f0020"><ce:label>Fig. 4</ce:label><ce:caption id="ca0020"><ce:simple-para id="sp0025" view="all">Isotope distribution images and lateral tracer fraction profiles of cathodically (−<ce:hsp sp="0.10"/>500<ce:hsp sp="0.25"/>mV) and anodically (+<ce:hsp sp="0.10"/>500<ce:hsp sp="0.25"/>mV) polarized noble metal electrodes with (a) EB and (b) ET geometry on the STFO layer.</ce:simple-para></ce:caption><ce:link locator="gr4" id="lk0020"/></ce:figure></ce:floats><head><ce:title id="ti0005">Mapping electrochemically driven gas exchange of mixed conducting SrTi<ce:inf loc="post">0.7</ce:inf>Fe<ce:inf loc="post">0.3</ce:inf>O<ce:inf loc="post">3<ce:hsp sp="0.25"/>−<ce:hsp sp="0.25"/>δ</ce:inf> and Ce<ce:inf loc="post">0.8</ce:inf>Gd<ce:inf loc="post">0.2</ce:inf>O<ce:inf loc="post">1.9</ce:inf> thin films by <ce:sup loc="pre">18</ce:sup>O tracer incorporation under reducing atmosphere</ce:title><ce:author-group id="ag0005"><ce:author id="au0005"><ce:given-name>Andreas</ce:given-name><ce:surname>Nenning</ce:surname></ce:author><ce:author id="au0010"><ce:given-name>Edvinas</ce:given-name><ce:surname>Navickas</ce:surname></ce:author><ce:author id="au0015"><ce:given-name>Peter</ce:given-name><ce:surname>Velicsanyi</ce:surname></ce:author><ce:author id="au0020"><ce:given-name>Alexander K.</ce:given-name><ce:surname>Opitz</ce:surname><ce:cross-ref refid="cr0005" id="cf0005"><ce:sup loc="post">⁎</ce:sup></ce:cross-ref><ce:e-address id="em0005" type="email">alexander.opitz@tuwien.ac.at</ce:e-address></ce:author><ce:author id="au0025"><ce:given-name>Herbert</ce:given-name><ce:surname>Hutter</ce:surname></ce:author><ce:author id="au0030"><ce:given-name>Jürgen</ce:given-name><ce:surname>Fleig</ce:surname></ce:author><ce:affiliation id="af0005"><ce:textfn id="tn0005">Vienna University of Technology, Institute of Chemical Technologies and Analytics, Getreidemarkt 9/164, 1060 Vienna, Austria</ce:textfn><sa:affiliation><sa:organization>Vienna University of Technology</sa:organization><sa:organization>Institute of Chemical Technologies and Analytics</sa:organization><sa:address-line>Getreidemarkt 9/164</sa:address-line><sa:state>Vienna</sa:state><sa:postal-code>1060</sa:postal-code><sa:country>Austria</sa:country></sa:affiliation></ce:affiliation><ce:correspondence id="cr0005"><ce:label>⁎</ce:label><ce:text id="tx0005">Corresponding author.</ce:text></ce:correspondence></ce:author-group><ce:date-received day="15" month="6" year="2014"/><ce:date-revised day="16" month="10" year="2014"/><ce:date-accepted day="17" month="10" year="2014"/><ce:abstract id="ab0005" view="all" class="author"><ce:section-title id="st0005">Abstract</ce:section-title><ce:abstract-sec id="as0005" view="all"><ce:simple-para id="sp0005" view="all">Thermally and electrochemically driven <ce:sup loc="post">18</ce:sup>O tracer exchange experiments in H<ce:inf loc="post">2</ce:inf>/H<ce:inf loc="post">2</ce:inf><ce:sup loc="post">18</ce:sup>O atmosphere were performed on SrTi<ce:inf loc="post">0.7</ce:inf>Fe<ce:inf loc="post">0.3</ce:inf>O<ce:inf loc="post">3<ce:hsp sp="0.25"/>−<ce:hsp sp="0.25"/>δ</ce:inf> and Ce<ce:inf loc="post">0.8</ce:inf>Gd<ce:inf loc="post">0.2</ce:inf>O<ce:inf loc="post">2<ce:hsp sp="0.25"/>−<ce:hsp sp="0.25"/>δ</ce:inf> thin films on single crystalline YSZ substrates. Noble metal current collectors were deposited on both films and electrochemically polarized during the exchange experiment. The resulting tracer distribution was analyzed by spatially resolved secondary ion mass spectrometry. Increased tracer fraction near the current collectors was found under cathodic polarization and decreased tracer fraction under anodic polarization. High cathodic bias leads to enhanced n-type electronic conductivity, which increases the extent of the electrochemically active zone.</ce:simple-para></ce:abstract-sec></ce:abstract><ce:abstract class="author-highlights" id="ab0015" view="all"><ce:section-title id="st9005">Highlights</ce:section-title><ce:abstract-sec id="as9005" view="all"><ce:simple-para id="sp9005" view="all"><ce:list id="l9005"><ce:list-item id="u9005"><ce:label>•</ce:label><ce:para id="p9020" view="all"><ce:sup loc="post">18</ce:sup>O from tracer marked water was incorporated in SrTi<ce:inf loc="post">0.7</ce:inf>Fe<ce:inf loc="post">0.3</ce:inf>O<ce:inf loc="post">3–δ</ce:inf> and Ce<ce:inf loc="post">0.8</ce:inf>Gd<ce:inf loc="post">0.2</ce:inf>O<ce:inf loc="post">1.8</ce:inf> thin films.</ce:para></ce:list-item><ce:list-item id="u9010"><ce:label>•</ce:label><ce:para id="p9025" view="all">On both MIEC thin films, Pt and Au current collectors were applied beneath the film and ontop, respectively.</ce:para></ce:list-item><ce:list-item id="u9015"><ce:label>•</ce:label><ce:para id="p9030" view="all">Cathodic polarization extended the oxygen incorporation zone from the current collector along the free electrode surface.</ce:para></ce:list-item></ce:list></ce:simple-para></ce:abstract-sec></ce:abstract><ce:keywords id="ks0005" view="all" class="keyword"><ce:section-title id="st0015">Keywords</ce:section-title><ce:keyword id="kw0030"><ce:text id="tx0010">Thin film electrode</ce:text></ce:keyword><ce:keyword id="kw0035"><ce:text id="tx0015">Isotopic surface exchange</ce:text></ce:keyword><ce:keyword id="kw0040"><ce:text id="tx0020"><ce:sup loc="pre">18</ce:sup>O enriched water</ce:text></ce:keyword><ce:keyword id="kw0045"><ce:text id="tx0025">Electrochemical water splitting</ce:text></ce:keyword><ce:keyword id="kw0050"><ce:text id="tx0030">Electrochemically active zone</ce:text></ce:keyword></ce:keywords></head><body view="all"><ce:sections><ce:section id="s0005" view="all"><ce:label>1</ce:label><ce:section-title id="st0020">Introduction</ce:section-title><ce:para id="p0005" view="all">Mixed ionic and electronic conduction (MIEC) is widely investigated for intermediate-temperature solid oxide fuel cell (SOFC) cathodes <ce:cross-refs refid="bb0005 bb0010 bb0015" id="cf0010">[1–3]</ce:cross-refs> and there is also strongly growing interest in applying reduction stable MIECs as SOFC anodes <ce:cross-refs refid="bb0020 bb0025 bb0030 bb0035 bb0040 bb0045 bb0050" id="cf0015">[4–10]</ce:cross-refs>. Studies on some perovskite-type porous anodes demonstrated low area specific resistance and high stability for redox cycling <ce:cross-refs refid="bb0020 bb0025 bb0030 bb0035" id="cf0020">[4–7]</ce:cross-refs>. For ceria-based anode materials also mechanistic investigations on geometrically well-defined thin films have been performed <ce:cross-refs refid="bb0040 bb0045 bb0050" id="cf0025">[8–10]</ce:cross-refs>. However, details on the surface exchange rate and ionic or electronic conductivity are still scarce for most oxide electrodes in reducing atmosphere. Additional measurements, also employing new analysis methods, are therefore of high relevance for a better understanding of the properties of mixed conducting anodes and the search for new materials.</ce:para><ce:para id="p0010" view="all">It has been demonstrated that isotope exchange with subsequent SIMS analysis is a very powerful tool to monitor the surface reaction kinetics and the bulk diffusion of oxygen in SOFC electrode and electrolyte materials under both equilibrium and polarized conditions <ce:cross-refs refid="bb0055 bb0060 bb0065 bb0070 bb0075 bb0080 bb0085 bb0090" id="cf0030">[11–18]</ce:cross-refs>. Moreover, because of the relatively high lateral and depth resolution of SIMS, the electrochemically active regions of the electrodes can be visualized. This has already been shown for cathode materials <ce:cross-refs refid="bb0070 bb0085" id="cf0035">[14,17]</ce:cross-refs>, while in reducing atmosphere imaging of oxygen incorporation zones by voltage driven <ce:sup loc="pre">18</ce:sup>O tracer exchange is rarely employed.</ce:para><ce:para id="p0015" view="all">In the present study, we analyze the distribution of <ce:sup loc="pre">18</ce:sup>O in polarized and non-polarized thin films of SrTi<ce:inf loc="post">0.7</ce:inf>Fe<ce:inf loc="post">0.3</ce:inf>O<ce:inf loc="post">3<ce:hsp sp="0.25"/>−<ce:hsp sp="0.25"/>δ</ce:inf> (STFO) and Ce<ce:inf loc="post">0.8</ce:inf>Gd<ce:inf loc="post">0.2</ce:inf>O<ce:inf loc="post">2<ce:hsp sp="0.25"/>−<ce:hsp sp="0.25"/>δ</ce:inf> (GDC) on yttria stabilized zirconia (YSZ) substrates. By comparison of the tracer distribution after thermally driven oxygen exchange and after experiments with cathodic and anodic bias, the width of the electrochemically active region and the factors governing the oxygen exchange could be visualized.</ce:para></ce:section><ce:section id="s0010" view="all"><ce:label>2</ce:label><ce:section-title id="st0025">Experimental</ce:section-title><ce:section id="s0015" view="all"><ce:label>2.1</ce:label><ce:section-title id="st0030">Sample preparation</ce:section-title><ce:para id="p0020" view="all">The GDC target (Ce<ce:inf loc="post">0.8</ce:inf>Gd<ce:inf loc="post">0.2</ce:inf>O<ce:inf loc="post">2<ce:hsp sp="0.25"/>−<ce:hsp sp="0.25"/>δ</ce:inf>) for pulsed laser deposition was prepared from powder (Treibacher, Austria) by isostatical pressing and subsequent sintering at 1550<ce:hsp sp="0.25"/>°C for 5<ce:hsp sp="0.25"/>h. The STFO (SrTi<ce:inf loc="post">0.7</ce:inf>Fe<ce:inf loc="post">0.3</ce:inf>O<ce:inf loc="post">3<ce:hsp sp="0.25"/>−<ce:hsp sp="0.25"/>δ</ce:inf>) powder was prepared by solid state reaction from SrCO<ce:inf loc="post">3</ce:inf> (99.99% pure, Sigma-Aldrich), TiO<ce:inf loc="post">2</ce:inf> (99.99% pure, Sigma Aldrich), and Fe<ce:inf loc="post">2</ce:inf>O<ce:inf loc="post">3</ce:inf> (99.98% pure, Sigma Aldrich). The educts were thoroughly mixed, calcined at 800<ce:hsp sp="0.25"/>°C, ground, again calcined at 1000<ce:hsp sp="0.25"/>°C, and—after a further grinding step—isostatically pressed and sintered at 1250<ce:hsp sp="0.25"/>°C. The phase purity of both targets was confirmed by X-ray diffraction. STFO and GDC thin films were deposited on (100)-oriented yttria stabilized zirconia single crystals (YSZ, 9.5<ce:hsp sp="0.25"/>mol% Y<ce:inf loc="post">2</ce:inf>O<ce:inf loc="post">3</ce:inf> in ZrO<ce:inf loc="post">2</ce:inf>, supplier: CrysTec, Germany) by pulsed laser deposition (PLD) using a KrF excimer-laser (Lambda COMPexPro 201<ce:hsp sp="0.25"/>F, 248<ce:hsp sp="0.25"/>nm wavelength). The deposition of 200<ce:hsp sp="0.25"/>nm thin films was carried out in 4<ce:hsp sp="0.25"/>×<ce:hsp sp="0.25"/>10<ce:sup loc="post">−<ce:hsp sp="0.10"/>2</ce:sup><ce:hsp sp="0.25"/>mbar of pure oxygen with a pulse repetition rate of 5<ce:hsp sp="0.25"/>Hz and a nominal pulse energy of 400<ce:hsp sp="0.25"/>mJ. The substrate temperature during the deposition was controlled by a pyrometer (Heitronics, Germany) and was 650<ce:hsp sp="0.25"/>°C.</ce:para></ce:section><ce:section id="s0020" view="all"><ce:label>2.2</ce:label><ce:section-title id="st0035">Electrode design</ce:section-title><ce:para id="p0025" view="all">Acceptor-doped mixed conductors are often very good electronic p-type conductors in oxidizing atmosphere. For such materials, an electric contact with a metallic tip is typically sufficient for a homogeneous polarization of a small thin film electrode <ce:cross-ref refid="bb0095" id="cf0040">[19]</ce:cross-ref>. In reducing atmosphere, however, the p-type conductivity decreases by several orders of magnitude. Despite acceptor doping SrTi<ce:inf loc="post">0.7</ce:inf>Fe<ce:inf loc="post">0.3</ce:inf>O<ce:inf loc="post">3<ce:hsp sp="0.25"/>−<ce:hsp sp="0.25"/>δ</ce:inf> (STFO) and Ce<ce:inf loc="post">0.8</ce:inf>Gd<ce:inf loc="post">0.2</ce:inf>O<ce:inf loc="post">1.9</ce:inf> (GDC) are even weak n-type conductors in reducing atmosphere at the <ce:sup loc="pre">18</ce:sup>O exchange temperature <ce:cross-refs refid="bb0100 bb0105 bb0110 bb0115" id="cf0045">[20–23]</ce:cross-refs>. Due to the much lower electronic conductivity compared to oxidizing conditions, the electrochemically active region is expected to be limited to a small area around the electric contact. In order to investigate the width of this active region, rectangular (160<ce:hsp sp="0.25"/>μm<ce:hsp sp="0.25"/>×<ce:hsp sp="0.25"/>400<ce:hsp sp="0.25"/>μm) noble metal current collectors were sputter deposited (MCS 020, BAL-TEC AG, Germany) in two steps: on top of the YSZ substrate (prior to MIEC deposition) and on top of the deposited MIEC layer. The sample design is sketched in <ce:cross-ref refid="f0005" id="cf0050">Fig. 1</ce:cross-ref>a<ce:float-anchor refid="f0005"/>; bottom and top current collectors and one large counter-electrode were placed on one and the same sample. The bottom current collectors (5<ce:hsp sp="0.25"/>nm Ti/100<ce:hsp sp="0.25"/>nm Pt) were structured from a thin film by ion beam etching, the top electrodes (5<ce:hsp sp="0.25"/>nm Cr/100<ce:hsp sp="0.25"/>nm Au) were produced by a lift-off method. For the buried current collectors platinum was chosen, since it is sufficiently stable during subsequent PLD deposition of the oxide. For the top electrodes Au was used owing to its poor catalytic activity to avoid three phase boundary activity. For the sake of clarity, the electrode regions with contacting noble metal collectors are named as electrodes with top current collectors (ET) and electrodes with bottom current collectors (EB), and abbreviations ET and EB are used throughout the text.</ce:para></ce:section><ce:section id="s0025" view="all"><ce:label>2.3</ce:label><ce:section-title id="st0040">Procedure of the isotope exchange experiments</ce:section-title><ce:para id="p0030" view="all">A mixture of hydrogen and <ce:sup loc="pre">18</ce:sup>O tracer enriched water was used to carry out the experiments in a thermodynamically defined, reducing atmosphere. This atmosphere was produced by mixing diluted hydrogen (2.5% H<ce:inf loc="post">2</ce:inf> in Ar, Alphagaz ARCAL 10, Air Liquide) with a defined amount of <ce:sup loc="pre">18</ce:sup>O<ce:inf loc="post">2</ce:inf> (97% isotopic enrichment, 0.625% O<ce:inf loc="post">2</ce:inf> in the mixture) and feeding this mixture through a platinum sponge at 500<ce:hsp sp="0.25"/>°C to form a gas containing equal amounts of water and hydrogen. The formation of tracer-enriched water with a tracer fraction of 60–70% was monitored by a mass spectrometer (Pfeiffer, OmniStar GSD 320). Probably the (porous) quartz supported Pt catalyst, which is present in the reaction chamber, is a source of oxygen exchange and therefore reduces the tracer content in the resulting atmosphere. In this reducing, tracer containing atmosphere, the samples were heated from room temperature to 410<ce:hsp sp="0.25"/>±<ce:hsp sp="0.25"/>10<ce:hsp sp="0.25"/>°C for 10<ce:hsp sp="0.25"/>min and were subsequently quenched to freeze the distribution of <ce:sup loc="pre">18</ce:sup>O (the corresponding oxygen partial pressure in the mentioned humid hydrogen atmosphere at 410<ce:hsp sp="0.25"/>°C can be calculated to be 8.4<ce:hsp sp="0.25"/>×<ce:hsp sp="0.25"/>10<ce:sup loc="post">−<ce:hsp sp="0.10"/>30</ce:sup><ce:hsp sp="0.25"/>bar <ce:cross-ref refid="bb0120" id="cf0055">[24]</ce:cross-ref>). The heating and cooling rate was 150<ce:hsp sp="0.25"/>°C/min, so the time of sample heating and cooling was short compared to the exchange experiments. During the exchange process, on each sample one ET and one EB current collector were simultaneously polarized against the counter electrode—cf. <ce:cross-ref refid="f0005" id="cf0060">Fig. 1</ce:cross-ref>a. Current flow and out of equilibrium reaction for ET polarization are sketched in <ce:cross-ref refid="f0005" id="cf0065">Fig. 1</ce:cross-ref>b in more detail. In this manner, the tracer distribution can be monitored in the MIEC above the electrolyte, above the EB current collectors and beneath ET current collectors for the case of pure thermal diffusion as well as for different dc polarization on the same sample.</ce:para><ce:para id="p0035" view="all">The resulting <ce:sup loc="pre">18</ce:sup>O distribution in the thin films was subsequently investigated by means of time-of-flight secondary ion mass spectrometry (ToF-SIMS). These measurements were done on a ToF-SIMS 5 machine (ION-TOF GmbH, Germany) in collimated burst alignment (CBA) mode, which allows accurate determination of <ce:sup loc="pre">18</ce:sup>O concentration in oxides <ce:cross-refs refid="bb0125 bb0130" id="cf0070">[25,26]</ce:cross-refs>. As primary ions Bi<ce:inf loc="post">3</ce:inf><ce:sup loc="post">++</ce:sup> were used (25<ce:hsp sp="0.25"/>kV accelerating voltage). Negative secondary ions were analyzed in areas of 50<ce:hsp sp="0.25"/>μm<ce:hsp sp="0.25"/>×<ce:hsp sp="0.25"/>50<ce:hsp sp="0.25"/>μm and 160<ce:hsp sp="0.25"/>μm<ce:hsp sp="0.25"/>×<ce:hsp sp="0.25"/>160<ce:hsp sp="0.25"/>μm, using a raster of 512<ce:hsp sp="0.25"/>×<ce:hsp sp="0.25"/>512 and 1024<ce:hsp sp="0.25"/>×<ce:hsp sp="0.25"/>1024<ce:hsp sp="0.25"/>pixels, respectively. For the sputtering of material Cs<ce:sup loc="post">+</ce:sup> ions (1<ce:hsp sp="0.25"/>kV accelerating voltage) were used with a sputter crater of 500<ce:hsp sp="0.25"/>μm<ce:hsp sp="0.25"/>×<ce:hsp sp="0.25"/>500<ce:hsp sp="0.25"/>μm and a sputtering ion current of 70<ce:hsp sp="0.25"/>nA. The charging of the surface was compensated with an electron flood gun and partly by additional argon flooding if the electron flood gun was not sufficient. The isotope fraction (<ce:italic>f<ce:inf loc="post">18O</ce:inf></ce:italic>) was obtained by normalizing integrated intensities (<ce:italic>I)</ce:italic> via <ce:italic>f<ce:inf loc="post">18O</ce:inf><ce:hsp sp="0.25"/>=<ce:hsp sp="0.25"/>I<ce:inf loc="post">18O</ce:inf>/(I<ce:inf loc="post">18O</ce:inf><ce:hsp sp="0.25"/>+<ce:hsp sp="0.25"/>I<ce:inf loc="post">16O</ce:inf>)</ce:italic>.</ce:para><ce:para id="p0040" view="all">In <ce:cross-ref refid="f0005" id="cf0075">Fig. 1</ce:cross-ref>a, the different locations of the SIMS analysis and the pathways of thermally driven gas exchange are sketched. The metal layers are supposed to be sufficiently blocking for oxygen, which was experimentally confirmed by measuring a tracer fraction close to natural abundance beneath the EB current collector as well as beneath the ET collectors (see <ce:cross-ref refid="s0030" id="cf0080">Section 3</ce:cross-ref>). The remaining slight tracer enrichment beneath the Au current collectors (ET), which is nearly two orders of magnitude lower than without a metal layer, may be due to some grain boundary diffusion of oxygen through the metal layer <ce:cross-ref refid="bb0065" id="cf0085">[13]</ce:cross-ref>. Nonetheless, the amount of tracer beneath the current collectors is sufficiently small to assume blocking metal layers in the discussion. In order to compare the lateral isotope distribution of different electrodes, the current collector and MIEC layer boundaries were aligned to the same position in the images.</ce:para></ce:section></ce:section><ce:section id="s0030" view="all"><ce:label>3</ce:label><ce:section-title id="st0045">Results and discussion</ce:section-title><ce:section id="s0035" view="all"><ce:label>3.1</ce:label><ce:section-title id="st0050">Thermal diffusion profiles</ce:section-title><ce:para id="p0045" view="all">Distribution images of <ce:sup loc="pre">18</ce:sup>O as well as lateral profiles of the <ce:sup loc="pre">18</ce:sup>O fraction obtained under equilibrium conditions (EB geometry) are depicted in <ce:cross-refs refid="f0010 f0015" id="cf0090">Figs. 2 and 3</ce:cross-refs><ce:float-anchor refid="f0010"/><ce:float-anchor refid="f0015"/> for STFO and GDC, respectively (in the lateral profiles the zero-bias curves are given in red color). The zero-bias profiles of both materials exhibit laterally almost constant tracer fractions for the free MIEC part and an increase to a higher value close to the EB current collector edge. The high tracer content above the EB current collectors can be explained by the oxide ion blocking character of the Pt layer, which impedes the diffusion of <ce:sup loc="pre">18</ce:sup>O<ce:sup loc="post">2−</ce:sup> ions into the YSZ electrolyte. Therefore, the tracer is simply piled up above Pt, leading to the high tracer fraction observed. Strongly different surface exchange coefficients k<ce:sup loc="post">⁎</ce:sup> caused by different microstructures of the MIEC parts on Pt and YSZ can be ruled out by previous electrochemical experiments <ce:cross-refs refid="bb0050 bb0100 bb0135" id="cf0095">[10,20,27]</ce:cross-refs>. It should further be noted, that the depth profiles reveal constant tracer fraction within the MIEC film, thus indicating surface kinetics to be almost exclusively rate limiting for the thermal exchange of oxygen in both materials (cf. <ce:cross-ref refid="f0015" id="cf0100">Fig. 3</ce:cross-ref>b for GDC; the small concentration step at the MIEC/YSZ interface indicates an additional small resistance).</ce:para><ce:para id="p0050" view="all">Interestingly, for both MIEC materials the zero-bias lateral tracer distribution exhibits a certain slope rather than an ideal step close to the edge of the EB current collectors. This lateral profile can be explained by in-plane diffusion of oxygen in the MIEC film from the region with high tracer fraction (above Pt) to the MIEC on YSZ and then into the electrolyte—see <ce:cross-ref refid="f0005" id="cf0105">Fig. 1</ce:cross-ref>a, EB. Hence, the width of this slope should correlate with the diffusion length of oxygen ions. By comparison of <ce:cross-ref refid="f0010" id="cf0110">Figs. 2</ce:cross-ref>b and <ce:cross-ref refid="f0015" id="cf0115">3</ce:cross-ref>c it becomes obvious that the thermal profile of STFO is steeper than that of the GDC film, which is expected due to the higher ionic conductivity in GDC (σ<ce:inf loc="post">GDC</ce:inf><ce:hsp sp="0.25"/>=<ce:hsp sp="0.25"/>3.3<ce:hsp sp="0.25"/>×<ce:hsp sp="0.25"/>10<ce:sup loc="post">−<ce:hsp sp="0.10"/>4</ce:sup><ce:hsp sp="0.25"/>S<ce:hsp sp="0.25"/>cm<ce:sup loc="post">−<ce:hsp sp="0.10"/>1</ce:sup> <ce:cross-ref refid="bb0105" id="cf0120">[21]</ce:cross-ref>, σ<ce:inf loc="post">STFO</ce:inf><ce:hsp sp="0.25"/>= 5.5 ×<ce:hsp sp="0.25"/>10<ce:sup loc="post">−<ce:hsp sp="0.10"/>6</ce:sup><ce:hsp sp="0.25"/>S<ce:hsp sp="0.25"/>cm<ce:sup loc="post">−<ce:hsp sp="0.10"/>1</ce:sup> <ce:cross-ref refid="bb0100" id="cf0125">[20]</ce:cross-ref> at 410<ce:hsp sp="0.25"/>°C).</ce:para></ce:section><ce:section id="s0040" view="all"><ce:label>3.2</ce:label><ce:section-title id="st0055">Effect of cathodic bias</ce:section-title><ce:para id="p0055" view="all">The incorporation of <ce:sup loc="pre">18</ce:sup>O into the region close to the EB current collector changes upon polarization (see <ce:cross-refs refid="f0010 f0015" id="cf0130">Figs. 2 and 3</ce:cross-refs>). Close to the current collector, tracer incorporation is enhanced with cathodic bias and the increase of the tracer fraction in the active zone is partly (or even mostly) due to the (electro-) chemically driven current. At a sufficient distance from the electrode, however, the surface exchange rate of <ce:sup loc="pre">18</ce:sup>O again approaches its equilibrium value. This can be easily understood by the following consideration: On the one hand, the cathodic voltage causes an increased <ce:sup loc="pre">18</ce:sup>O incorporation rate into the MIEC. On the other hand, the electronic sheet resistance in the MIEC becomes more important for longer distances from the current collector and hence causes a decay of the voltage driven <ce:sup loc="pre">18</ce:sup>O incorporation rate (this is sketched in <ce:cross-ref refid="f0005" id="cf0135">Fig. 1</ce:cross-ref>b).</ce:para><ce:para id="p0060" view="all">Also on top of the Pt current collector, the tracer fraction was found to be virtually unaffected by the applied bias (the slight differences in the tracer fraction on top of the Pt electrodes can probably be attributed to a small inhomogeneity of the surface exchange coefficient e.g. due to a slight temperature inhomogeneity). This is due to the fact that oxygen ions incorporated above the current collector need to diffuse from the reaction site, which is remote from the current collector edges, into the electrolyte. Because of the high in-plane transport resistance of the oxygen ions <ce:cross-refs refid="bb0100 bb0105" id="cf0140">[20,21]</ce:cross-refs>, the MIEC above the current collector remains unpolarized and the tracer fraction is independent of the applied bias. Accordingly, this region is not electrochemically active despite having the highest tracer fraction.</ce:para><ce:para id="p0065" view="all">GDC exhibits a larger active zone than STFO upon cathodic bias, which is most probably caused by its higher electronic conductivity (2<ce:hsp sp="0.25"/>±<ce:hsp sp="0.25"/>0.5<ce:hsp sp="0.25"/>×<ce:hsp sp="0.25"/>10<ce:sup loc="post">−<ce:hsp sp="0.10"/>4</ce:sup><ce:hsp sp="0.25"/>S<ce:hsp sp="0.25"/>cm<ce:sup loc="post">−<ce:hsp sp="0.10"/>1</ce:sup> for GDC <ce:cross-ref refid="bb0105" id="cf0145">[21]</ce:cross-ref> and 1.5<ce:hsp sp="0.25"/>±<ce:hsp sp="0.25"/>0.5<ce:hsp sp="0.25"/>×<ce:hsp sp="0.25"/>10<ce:sup loc="post">−<ce:hsp sp="0.10"/>5</ce:sup><ce:hsp sp="0.25"/>S<ce:hsp sp="0.25"/>cm<ce:sup loc="post">−<ce:hsp sp="0.10"/>1</ce:sup> for STFO <ce:cross-ref refid="bb0100" id="cf0150">[20]</ce:cross-ref> at 410<ce:hsp sp="0.25"/>°C without bias). At higher cathodic bias (−<ce:hsp sp="0.10"/>500<ce:hsp sp="0.25"/>mV) the electrochemically active zone of GDC becomes very broad, see <ce:cross-ref refid="f0015" id="cf0155">Fig. 3</ce:cross-ref>d. (The lower isotope fraction measured in the larger measurement area of 150<ce:hsp sp="0.25"/>μm<ce:hsp sp="0.25"/>×<ce:hsp sp="0.25"/>150<ce:hsp sp="0.25"/>μm—shown in <ce:cross-ref refid="f0015" id="cf0160">Fig. 3</ce:cross-ref>c, d—might be caused by longer measurement time together with flooding by Ar gas. Since Ar contains some oxygen residuals this could lead to certain <ce:sup loc="pre">16</ce:sup>O coverage on the surface.) At the investigated p(O<ce:inf loc="post">2</ce:inf>) of 8.4 ×<ce:hsp sp="0.25"/>10<ce:sup loc="post">−<ce:hsp sp="0.10"/>30</ce:sup><ce:hsp sp="0.25"/>bar the well investigated defect model of GDC implies a large, nearly constant number of oxygen vacancies but an electron concentration and thus an electronic conductivity proportional to p(O<ce:inf loc="post">2</ce:inf>)<ce:sup loc="post">−1/4</ce:sup> <ce:cross-refs refid="bb0005 bb0105" id="cf0165">[1,21]</ce:cross-refs>. According to Nernst's equation, a cathodic bias is equivalent to a decrease in oxygen partial pressure and therefore leads to enhanced electronic conductivity in the polarized region, which strongly increases the extent of the electrochemically active zone. Thus, the lateral broadening for increasing voltage can be explained by a polarization driven increase in electronic conductivity. Similar results were obtained for Pt electrodes on YSZ, where a broadening of the active zone for a very high cathodic bias was shown in oxygen atmosphere <ce:cross-ref refid="bb0070" id="cf0170">[14]</ce:cross-ref>. There, YSZ was transferred into a mixed conductor in the close vicinity of a Pt electrode by applying strong cathodic polarizations and an oxygen incorporation mechanism including lateral electron transport in YSZ (similar to the situation on GDC here) could be verified by electrochemical and tracer based methods.</ce:para><ce:para id="p0070" view="all">For an in-depth understanding of the exact mechanism on the GDC anodes in the present study an exact quantification of the oxygen chemical potential is necessary, which is rather non-trivial. First, we do not know the exact ohmic polarization of the electrolyte. Due to frequency-dependent current paths, the high-frequency intercept in impedance spectra does not represent the electrolyte resistance in dc conditions. Second, the decay of this non-equilibrium chemical potential is non-linear and complicated to calculate.</ce:para></ce:section><ce:section id="s0045" view="all"><ce:label>3.3</ce:label><ce:section-title id="st0060">Comparison of polarity and electrode placement</ce:section-title><ce:para id="p0075" view="all">Enhanced incorporation of <ce:sup loc="pre">18</ce:sup>O tracer upon application of cathodic bias could be successfully demonstrated and visualized. Under anodic bias, oxygen release (formation of H<ce:inf loc="post">2</ce:inf>O) is promoted and the oxygen incorporation from the tracer gas is reduced in the electrochemically active region. This leads to reduced tracer fraction near the current collector edges, while locations far from the current collector edges exhibit tracer concentrations corresponding to the equilibrium exchange rate. <ce:cross-ref refid="f0020" id="cf0175">Fig. 4</ce:cross-ref><ce:float-anchor refid="f0020"/> compares the tracer profiles for +<ce:hsp sp="0.10"/>500<ce:hsp sp="0.25"/>mV and −<ce:hsp sp="0.10"/>500<ce:hsp sp="0.25"/>mV in the ET and EB geometries for STFO. As it was discussed before, the EB geometry leads to an increased isotope concentration on the EB current collector, irrespective of the polarization (<ce:cross-ref refid="f0020" id="cf0180">Fig. 4</ce:cross-ref>a). (The somewhat different isotope concentrations on the current collector are most probably again due to Ar flooding during SIMS measurements and the different analysis area as already discussed above; −<ce:hsp sp="0.10"/>500<ce:hsp sp="0.25"/>mV was analyzed in 150<ce:hsp sp="0.25"/>μm<ce:hsp sp="0.25"/>×<ce:hsp sp="0.25"/>150<ce:hsp sp="0.25"/>μm area and +<ce:hsp sp="0.10"/>500<ce:hsp sp="0.25"/>mV in 50<ce:hsp sp="0.25"/>μm<ce:hsp sp="0.25"/>×<ce:hsp sp="0.25"/>50<ce:hsp sp="0.25"/>μm area.)</ce:para><ce:para id="p0080" view="all">However, comparing the lateral isotope distribution close to the current collector edge clearly indicates reduced <ce:sup loc="pre">18</ce:sup>O incorporation with anodic bias (<ce:cross-ref refid="f0020" id="cf0185">Fig. 4</ce:cross-ref>a, EB geometry). For the SIMS measurements with ET geometry the gold current collector was chemically removed after <ce:sup loc="pre">18</ce:sup>O exchange. As one can see from <ce:cross-ref refid="f0020" id="cf0190">Fig. 4</ce:cross-ref>b the lateral isotope concentration beneath the ET current collector decays virtually to the natural abundance value. The decay length reflects the in-plane thermal diffusion from the free surface of the MIEC to the MIEC part, which is below the gold layer. Next to the MIEC/current collector edge a cathodic polarization again causes an enhanced <ce:sup loc="pre">18</ce:sup>O fraction in a certain width. Under anodic polarization, slightly less <ce:sup loc="pre">18</ce:sup>O incorporation is found near the ET current collector. This effect appears less pronounced than in the EB geometry case, due to the impact of the ET current collector discussed above.</ce:para></ce:section></ce:section><ce:section id="s0050" view="all"><ce:label>4</ce:label><ce:section-title id="st0065">Conclusions</ce:section-title><ce:para id="p0085" view="all">Thin MIEC layers of GDC and STFO on single-crystalline YSZ substrates were exposed to H<ce:inf loc="post">2</ce:inf>/H<ce:inf loc="post">2</ce:inf><ce:sup loc="pre">18</ce:sup>O atmosphere for thermally and electrochemically driven tracer exchange experiments. Rectangular noble metal thin film current collectors were deposited on top and beneath the MIEC layer and used for polarization. The lateral distribution of the tracer revealed several interesting features: (i) In case of thermal tracer exchange, an enhanced tracer fraction is found on top of the metallic current collector due to its ionically blocking nature. At the edges of the current collector, the concentration of <ce:sup loc="pre">18</ce:sup>O decreases with a finite step width that is correlated with in-plane diffusion of oxygen ions. (ii) Due to the low electronic conductivity of STFO and GDC, the MIEC area that is influenced by an applied bias is restricted to a region close to the current collector. The width of this active region depends on the bias. It amounts to only 10–15<ce:hsp sp="0.25"/>μm for STFO but more than 100<ce:hsp sp="0.25"/>μm for GDC at a cathodic bias of −<ce:hsp sp="0.10"/>500<ce:hsp sp="0.25"/>mV. (iii) Not only enhanced tracer incorporation due to cathodic bias but also reduced incorporation due to anodic bias could be experimentally resolved in the active region.</ce:para></ce:section></ce:sections><ce:acknowledgment id="ac0005" view="all"><ce:section-title id="st0070">Acknowledgments</ce:section-title><ce:para id="p0090" view="all">The financial support of the <ce:grant-sponsor id="gts0005" xlink:type="simple" xlink:role="http://www.elsevier.com/xml/linking-roles/grant-sponsor">Austrian Science Fund (FWF)</ce:grant-sponsor> via projects <ce:grant-number refid="gts0005">F4509</ce:grant-number> (SFB FOXSI) and <ce:grant-number refid="gts0005">W1243</ce:grant-number> is gratefully acknowledged. The authors also would like to thank S. Kogler and T. Huber for their assistance in establishing the isotope enriched water production setup.</ce:para></ce:acknowledgment></body><tail view="all"><ce:bibliography id="bi0005" view="all"><ce:section-title id="st0075">References</ce:section-title><ce:bibliography-sec id="bs0005" view="all"><ce:bib-reference id="bb0005"><ce:label>[1]</ce:label><sb:reference id="rf0005"><sb:contribution langtype="en"><sb:authors><sb:author><ce:given-name>S.W.</ce:given-name><ce:surname>Kim</ce:surname></sb:author><sb:author><ce:given-name>Y.</ce:given-name><ce:surname>Lee</ce:surname></sb:author><sb:author><ce:given-name>G.M.</ce:given-name><ce:surname>Choi</ce:surname></sb:author></sb:authors></sb:contribution><sb:host><sb:issue><sb:series><sb:title><sb:maintitle>Solid State Ionics</sb:maintitle></sb:title><sb:volume-nr>262</sb:volume-nr></sb:series><sb:date>2014</sb:date></sb:issue><sb:pages><sb:first-page>411</sb:first-page></sb:pages></sb:host></sb:reference></ce:bib-reference><ce:bib-reference id="bb0010"><ce:label>[2]</ce:label><sb:reference id="rf0010"><sb:contribution langtype="en"><sb:authors><sb:author><ce:given-name>S.</ce:given-name><ce:surname>Cho</ce:surname></sb:author><sb:author><ce:given-name>Y.</ce:given-name><ce:surname>Kim</ce:surname></sb:author><sb:author><ce:given-name>J.</ce:given-name><ce:surname>Kim</ce:surname></sb:author><sb:author><ce:given-name>A.</ce:given-name><ce:surname>Manthiram</ce:surname></sb:author><sb:author><ce:given-name>H.</ce:given-name><ce:surname>Wang</ce:surname></sb:author></sb:authors></sb:contribution><sb:host><sb:issue><sb:series><sb:title><sb:maintitle>Electrochim. Acta</sb:maintitle></sb:title><sb:volume-nr>56</sb:volume-nr></sb:series><sb:date>2011</sb:date></sb:issue><sb:pages><sb:first-page>5472</sb:first-page></sb:pages></sb:host></sb:reference></ce:bib-reference><ce:bib-reference id="bb0015"><ce:label>[3]</ce:label><sb:reference id="rf0015"><sb:contribution langtype="en"><sb:authors><sb:author><ce:given-name>J.</ce:given-name><ce:surname>Jiang</ce:surname></sb:author><sb:author><ce:given-name>W.</ce:given-name><ce:surname>Shen</ce:surname></sb:author><sb:author><ce:given-name>J.L.</ce:given-name><ce:surname>Hertz</ce:surname></sb:author></sb:authors></sb:contribution><sb:host><sb:issue><sb:series><sb:title><sb:maintitle>Solid State Ionics</sb:maintitle></sb:title><sb:volume-nr>249–250</sb:volume-nr></sb:series><sb:date>2013</sb:date></sb:issue><sb:pages><sb:first-page>139</sb:first-page></sb:pages></sb:host></sb:reference></ce:bib-reference><ce:bib-reference id="bb0020"><ce:label>[4]</ce:label><sb:reference id="rf0020"><sb:contribution langtype="en"><sb:authors><sb:author><ce:given-name>S.</ce:given-name><ce:surname>Cho</ce:surname></sb:author><sb:author><ce:given-name>D.E.</ce:given-name><ce:surname>Fowler</ce:surname></sb:author><sb:author><ce:given-name>E.C.</ce:given-name><ce:surname>Miller</ce:surname></sb:author><sb:author><ce:given-name>J.S.</ce:given-name><ce:surname>Cronin</ce:surname></sb:author><sb:author><ce:given-name>K.R.</ce:given-name><ce:surname>Poeppelmeier</ce:surname></sb:author><sb:author><ce:given-name>S.A.</ce:given-name><ce:surname>Barnett</ce:surname></sb:author></sb:authors></sb:contribution><sb:host><sb:issue><sb:series><sb:title><sb:maintitle>Energy Environ. Sci.</sb:maintitle></sb:title><sb:volume-nr>6</sb:volume-nr></sb:series><sb:date>2013</sb:date></sb:issue><sb:pages><sb:first-page>1850</sb:first-page></sb:pages></sb:host></sb:reference></ce:bib-reference><ce:bib-reference id="bb0025"><ce:label>[5]</ce:label><sb:reference id="rf0025"><sb:contribution langtype="en"><sb:authors><sb:author><ce:given-name>X.J.</ce:given-name><ce:surname>Chen</ce:surname></sb:author><sb:author><ce:given-name>Q.L.</ce:given-name><ce:surname>Liu</ce:surname></sb:author><sb:author><ce:given-name>S.H.</ce:given-name><ce:surname>Chan</ce:surname></sb:author><sb:author><ce:given-name>N.P.</ce:given-name><ce:surname>Brandon</ce:surname></sb:author><sb:author><ce:given-name>K.A.</ce:given-name><ce:surname>Khor</ce:surname></sb:author></sb:authors></sb:contribution><sb:host><sb:issue><sb:series><sb:title><sb:maintitle>Fuel Cells Bull.</sb:maintitle></sb:title><sb:volume-nr>6</sb:volume-nr></sb:series><sb:date>2007</sb:date></sb:issue><sb:pages><sb:first-page>12</sb:first-page></sb:pages></sb:host></sb:reference></ce:bib-reference><ce:bib-reference id="bb0030"><ce:label>[6]</ce:label><sb:reference id="rf0030"><sb:contribution langtype="en"><sb:authors><sb:author><ce:given-name>S.</ce:given-name><ce:surname>Tao</ce:surname></sb:author><sb:author><ce:given-name>J.T.S.</ce:given-name><ce:surname>Irvine</ce:surname></sb:author></sb:authors></sb:contribution><sb:host><sb:issue><sb:series><sb:title><sb:maintitle>J. Electrochem. Soc.</sb:maintitle></sb:title><sb:volume-nr>151</sb:volume-nr></sb:series><sb:date>2004</sb:date></sb:issue><sb:pages><sb:first-page>A252</sb:first-page></sb:pages></sb:host></sb:reference></ce:bib-reference><ce:bib-reference id="bb0035"><ce:label>[7]</ce:label><sb:reference id="rf0035"><sb:contribution langtype="en"><sb:authors><sb:author><ce:given-name>S.</ce:given-name><ce:surname>Tao</ce:surname></sb:author><sb:author><ce:given-name>J.T.S.</ce:given-name><ce:surname>Irvine</ce:surname></sb:author></sb:authors></sb:contribution><sb:host><sb:issue><sb:series><sb:title><sb:maintitle>Nat. Mater.</sb:maintitle></sb:title><sb:volume-nr>2</sb:volume-nr></sb:series><sb:date>2003</sb:date></sb:issue><sb:pages><sb:first-page>320</sb:first-page></sb:pages></sb:host></sb:reference></ce:bib-reference><ce:bib-reference id="bb0040"><ce:label>[8]</ce:label><sb:reference id="rf0040"><sb:contribution langtype="en"><sb:authors><sb:author><ce:given-name>S.C.</ce:given-name><ce:surname>DeCaluwe</ce:surname></sb:author><sb:author><ce:given-name>M.E.</ce:given-name><ce:surname>Grass</ce:surname></sb:author><sb:author><ce:given-name>C.</ce:given-name><ce:surname>Zhang</ce:surname></sb:author><sb:author><ce:given-name>F.E.</ce:given-name><ce:surname>Gabaly</ce:surname></sb:author><sb:author><ce:given-name>H.</ce:given-name><ce:surname>Bluhm</ce:surname></sb:author><sb:author><ce:given-name>Z.</ce:given-name><ce:surname>Liu</ce:surname></sb:author><sb:author><ce:given-name>G.S.</ce:given-name><ce:surname>Jackson</ce:surname></sb:author><sb:author><ce:given-name>A.H.</ce:given-name><ce:surname>McDaniel</ce:surname></sb:author><sb:author><ce:given-name>K.F.</ce:given-name><ce:surname>McCarty</ce:surname></sb:author><sb:author><ce:given-name>R.L.</ce:given-name><ce:surname>Farrow</ce:surname></sb:author></sb:authors></sb:contribution><sb:host><sb:issue><sb:series><sb:title><sb:maintitle>J. Phys. Chem. C</sb:maintitle></sb:title><sb:volume-nr>114</sb:volume-nr></sb:series><sb:date>2010</sb:date></sb:issue><sb:pages><sb:first-page>19853</sb:first-page></sb:pages></sb:host></sb:reference></ce:bib-reference><ce:bib-reference id="bb0045"><ce:label>[9]</ce:label><sb:reference id="rf0045"><sb:contribution langtype="en"><sb:authors><sb:author><ce:given-name>W.C.</ce:given-name><ce:surname>Chueh</ce:surname></sb:author><sb:author><ce:given-name>A.H.</ce:given-name><ce:surname>McDaniel</ce:surname></sb:author><sb:author><ce:given-name>M.E.</ce:given-name><ce:surname>Grass</ce:surname></sb:author><sb:author><ce:given-name>Y.</ce:given-name><ce:surname>Hao</ce:surname></sb:author><sb:author><ce:given-name>N.</ce:given-name><ce:surname>Jabeen</ce:surname></sb:author><sb:author><ce:given-name>Z.</ce:given-name><ce:surname>Liu</ce:surname></sb:author><sb:author><ce:given-name>S.M.</ce:given-name><ce:surname>Haile</ce:surname></sb:author><sb:author><ce:given-name>K.F.</ce:given-name><ce:surname>McCarty</ce:surname></sb:author><sb:author><ce:given-name>H.</ce:given-name><ce:surname>Bluhm</ce:surname></sb:author><sb:author><ce:given-name>F.</ce:given-name><ce:surname>El Gabaly</ce:surname></sb:author></sb:authors></sb:contribution><sb:host><sb:issue><sb:series><sb:title><sb:maintitle>Chem. Mater.</sb:maintitle></sb:title><sb:volume-nr>24</sb:volume-nr></sb:series><sb:date>2012</sb:date></sb:issue><sb:pages><sb:first-page>1876</sb:first-page></sb:pages></sb:host></sb:reference></ce:bib-reference><ce:bib-reference id="bb0050"><ce:label>[10]</ce:label><sb:reference id="rf0050"><sb:contribution langtype="en"><sb:authors><sb:author><ce:given-name>W.C.</ce:given-name><ce:surname>Chueh</ce:surname></sb:author><sb:author><ce:given-name>Y.</ce:given-name><ce:surname>Hao</ce:surname></sb:author><sb:author><ce:given-name>W.</ce:given-name><ce:surname>Jung</ce:surname></sb:author><sb:author><ce:given-name>S.M.</ce:given-name><ce:surname>Haile</ce:surname></sb:author></sb:authors></sb:contribution><sb:host><sb:issue><sb:series><sb:title><sb:maintitle>Nat. Mater.</sb:maintitle></sb:title><sb:volume-nr>11</sb:volume-nr></sb:series><sb:date>2012</sb:date></sb:issue><sb:pages><sb:first-page>155</sb:first-page></sb:pages></sb:host></sb:reference></ce:bib-reference><ce:bib-reference id="bb0055"><ce:label>[11]</ce:label><sb:reference id="rf0055"><sb:contribution langtype="en"><sb:authors><sb:author><ce:given-name>S.</ce:given-name><ce:surname>Swaroop</ce:surname></sb:author><sb:author><ce:given-name>M.</ce:given-name><ce:surname>Kilo</ce:surname></sb:author><sb:author><ce:given-name>A.E.</ce:given-name><ce:surname>Kossoy</ce:surname></sb:author><sb:author><ce:given-name>I.</ce:given-name><ce:surname>Lubomirsky</ce:surname></sb:author><sb:author><ce:given-name>I.</ce:given-name><ce:surname>Riess</ce:surname></sb:author></sb:authors></sb:contribution><sb:host><sb:issue><sb:series><sb:title><sb:maintitle>Solid State Ionics</sb:maintitle></sb:title><sb:volume-nr>179</sb:volume-nr></sb:series><sb:date>2008</sb:date></sb:issue><sb:pages><sb:first-page>1205</sb:first-page></sb:pages></sb:host></sb:reference></ce:bib-reference><ce:bib-reference id="bb0060"><ce:label>[12]</ce:label><sb:reference id="rf0060"><sb:contribution langtype="en"><sb:authors><sb:author><ce:given-name>S.</ce:given-name><ce:surname>Fearn</ce:surname></sb:author><sb:author><ce:given-name>J.C.H.</ce:given-name><ce:surname>Rossiny</ce:surname></sb:author><sb:author><ce:given-name>J.A.</ce:given-name><ce:surname>Kilner</ce:surname></sb:author><sb:author><ce:given-name>J.R.G.</ce:given-name><ce:surname>Evans</ce:surname></sb:author></sb:authors></sb:contribution><sb:host><sb:issue><sb:series><sb:title><sb:maintitle>Solid State Ionics</sb:maintitle></sb:title><sb:volume-nr>211</sb:volume-nr></sb:series><sb:date>2012</sb:date></sb:issue><sb:pages><sb:first-page>51</sb:first-page></sb:pages></sb:host></sb:reference></ce:bib-reference><ce:bib-reference id="bb0065"><ce:label>[13]</ce:label><sb:reference id="rf0065"><sb:contribution langtype="en"><sb:authors><sb:author><ce:given-name>A.K.</ce:given-name><ce:surname>Opitz</ce:surname></sb:author><sb:author><ce:given-name>A.</ce:given-name><ce:surname>Lutz</ce:surname></sb:author><sb:author><ce:given-name>M.</ce:given-name><ce:surname>Kubicek</ce:surname></sb:author><sb:author><ce:given-name>F.</ce:given-name><ce:surname>Kubel</ce:surname></sb:author><sb:author><ce:given-name>H.</ce:given-name><ce:surname>Hutter</ce:surname></sb:author><sb:author><ce:given-name>J.</ce:given-name><ce:surname>Fleig</ce:surname></sb:author></sb:authors></sb:contribution><sb:host><sb:issue><sb:series><sb:title><sb:maintitle>Electrochim. Acta</sb:maintitle></sb:title><sb:volume-nr>56</sb:volume-nr></sb:series><sb:date>2011</sb:date></sb:issue><sb:pages><sb:first-page>9727</sb:first-page></sb:pages></sb:host></sb:reference></ce:bib-reference><ce:bib-reference id="bb0070"><ce:label>[14]</ce:label><sb:reference id="rf0070"><sb:contribution langtype="en"><sb:authors><sb:author><ce:given-name>A.K.</ce:given-name><ce:surname>Opitz</ce:surname></sb:author><sb:author><ce:given-name>M.</ce:given-name><ce:surname>Kubicek</ce:surname></sb:author><sb:author><ce:given-name>Stefanie</ce:given-name><ce:surname>Huber</ce:surname></sb:author><sb:author><ce:given-name>Tobias</ce:given-name><ce:surname>Huber</ce:surname></sb:author><sb:author><ce:given-name>Gerald</ce:given-name><ce:surname>Holzlechner</ce:surname></sb:author><sb:author><ce:given-name>Herbert</ce:given-name><ce:surname>Hutter</ce:surname></sb:author><sb:author><ce:given-name>Jürgen</ce:given-name><ce:surname>Fleig</ce:surname></sb:author></sb:authors></sb:contribution><sb:host><sb:issue><sb:series><sb:title><sb:maintitle>J. Mater. Res.</sb:maintitle></sb:title><sb:volume-nr>28</sb:volume-nr></sb:series><sb:date>2013</sb:date></sb:issue><sb:pages><sb:first-page>2085</sb:first-page></sb:pages></sb:host></sb:reference></ce:bib-reference><ce:bib-reference id="bb0075"><ce:label>[15]</ce:label><sb:reference id="rf0075"><sb:contribution langtype="en"><sb:authors><sb:author><ce:given-name>H.</ce:given-name><ce:surname>Kishimoto</ce:surname></sb:author><sb:author><ce:given-name>N.</ce:given-name><ce:surname>Sakai</ce:surname></sb:author><sb:author><ce:given-name>K.</ce:given-name><ce:surname>Yamaji</ce:surname></sb:author><sb:author><ce:given-name>T.</ce:given-name><ce:surname>Horita</ce:surname></sb:author><sb:author><ce:given-name>M.E.</ce:given-name><ce:surname>Brito</ce:surname></sb:author><sb:author><ce:given-name>H.</ce:given-name><ce:surname>Yokokawa</ce:surname></sb:author><sb:author><ce:given-name>K.</ce:given-name><ce:surname>Amezawa</ce:surname></sb:author><sb:author><ce:given-name>Y.</ce:given-name><ce:surname>Uchimoto</ce:surname></sb:author></sb:authors></sb:contribution><sb:host><sb:issue><sb:series><sb:title><sb:maintitle>Solid State Ionics</sb:maintitle></sb:title><sb:volume-nr>179</sb:volume-nr></sb:series><sb:date>2008</sb:date></sb:issue><sb:pages><sb:first-page>1343</sb:first-page></sb:pages></sb:host></sb:reference></ce:bib-reference><ce:bib-reference id="bb0080"><ce:label>[16]</ce:label><sb:reference id="rf0080"><sb:contribution langtype="en"><sb:authors><sb:author><ce:given-name>H.</ce:given-name><ce:surname>Yokokawa</ce:surname></sb:author></sb:authors></sb:contribution><sb:host><sb:issue><sb:series><sb:title><sb:maintitle>Solid State Ionics</sb:maintitle></sb:title><sb:volume-nr>225</sb:volume-nr></sb:series><sb:date>2012</sb:date></sb:issue><sb:pages><sb:first-page>6</sb:first-page></sb:pages></sb:host></sb:reference></ce:bib-reference><ce:bib-reference id="bb0085"><ce:label>[17]</ce:label><sb:reference id="rf0085"><sb:contribution langtype="en"><sb:authors><sb:author><ce:given-name>T.</ce:given-name><ce:surname>Horita</ce:surname></sb:author><sb:author><ce:given-name>K.</ce:given-name><ce:surname>Yamaji</ce:surname></sb:author><sb:author><ce:given-name>N.</ce:given-name><ce:surname>Sakai</ce:surname></sb:author><sb:author><ce:given-name>H.</ce:given-name><ce:surname>Yokokawa</ce:surname></sb:author><sb:author><ce:given-name>T.</ce:given-name><ce:surname>Kawada</ce:surname></sb:author><sb:author><ce:given-name>T.</ce:given-name><ce:surname>Kato</ce:surname></sb:author></sb:authors></sb:contribution><sb:host><sb:issue><sb:series><sb:title><sb:maintitle>Solid State Ionics</sb:maintitle></sb:title><sb:volume-nr>127</sb:volume-nr></sb:series><sb:date>2000</sb:date></sb:issue><sb:pages><sb:first-page>55</sb:first-page></sb:pages></sb:host></sb:reference></ce:bib-reference><ce:bib-reference id="bb0090"><ce:label>[18]</ce:label><sb:reference id="rf0090"><sb:contribution langtype="en"><sb:authors><sb:author><ce:given-name>A.</ce:given-name><ce:surname>Atkinson</ce:surname></sb:author><sb:author><ce:given-name>R.J.</ce:given-name><ce:surname>Chater</ce:surname></sb:author><sb:author><ce:given-name>R.</ce:given-name><ce:surname>Rudkin</ce:surname></sb:author></sb:authors></sb:contribution><sb:host><sb:issue><sb:series><sb:title><sb:maintitle>Solid State Ionics</sb:maintitle></sb:title><sb:volume-nr>139</sb:volume-nr></sb:series><sb:date>2001</sb:date></sb:issue><sb:pages><sb:first-page>233</sb:first-page></sb:pages></sb:host></sb:reference></ce:bib-reference><ce:bib-reference id="bb0095"><ce:label>[19]</ce:label><sb:reference id="rf0095"><sb:contribution langtype="en"><sb:authors><sb:author><ce:given-name>F.S.</ce:given-name><ce:surname>Baumann</ce:surname></sb:author><sb:author><ce:given-name>J.</ce:given-name><ce:surname>Fleig</ce:surname></sb:author><sb:author><ce:given-name>H.U.</ce:given-name><ce:surname>Habermeier</ce:surname></sb:author><sb:author><ce:given-name>J.</ce:given-name><ce:surname>Maier</ce:surname></sb:author></sb:authors></sb:contribution><sb:host><sb:issue><sb:series><sb:title><sb:maintitle>Solid State Ionics</sb:maintitle></sb:title><sb:volume-nr>177</sb:volume-nr></sb:series><sb:date>2006</sb:date></sb:issue><sb:pages><sb:first-page>1071</sb:first-page></sb:pages></sb:host></sb:reference></ce:bib-reference><ce:bib-reference id="bb0100"><ce:label>[20]</ce:label><sb:reference id="rf0100"><sb:contribution langtype="en"><sb:authors><sb:author><ce:given-name>A.</ce:given-name><ce:surname>Nenning</ce:surname></sb:author><sb:author><ce:given-name>A.K.</ce:given-name><ce:surname>Opitz</ce:surname></sb:author><sb:author><ce:given-name>T.</ce:given-name><ce:surname>Huber</ce:surname></sb:author><sb:author><ce:given-name>J.</ce:given-name><ce:surname>Fleig</ce:surname></sb:author></sb:authors></sb:contribution><sb:host><sb:issue><sb:series><sb:title><sb:maintitle>Phys. Chem. Chem. Phys.</sb:maintitle></sb:title><sb:volume-nr>16</sb:volume-nr></sb:series><sb:date>2014</sb:date></sb:issue><sb:pages><sb:first-page>22321</sb:first-page></sb:pages></sb:host></sb:reference></ce:bib-reference><ce:bib-reference id="bb0105"><ce:label>[21]</ce:label><sb:reference id="rf0105"><sb:contribution langtype="en"><sb:authors><sb:author><ce:given-name>W.C.</ce:given-name><ce:surname>Chueh</ce:surname></sb:author><sb:author><ce:given-name>W.</ce:given-name><ce:surname>Lai</ce:surname></sb:author><sb:author><ce:given-name>S.M.</ce:given-name><ce:surname>Haile</ce:surname></sb:author></sb:authors></sb:contribution><sb:host><sb:issue><sb:series><sb:title><sb:maintitle>Solid State Ionics</sb:maintitle></sb:title><sb:volume-nr>179</sb:volume-nr></sb:series><sb:date>2008</sb:date></sb:issue><sb:pages><sb:first-page>1036</sb:first-page></sb:pages></sb:host></sb:reference></ce:bib-reference><ce:bib-reference id="bb0110"><ce:label>[22]</ce:label><sb:reference id="rf0110"><sb:contribution langtype="en"><sb:authors><sb:author><ce:given-name>A.</ce:given-name><ce:surname>Rothschild</ce:surname></sb:author><sb:author><ce:given-name>W.</ce:given-name><ce:surname>Menesklou</ce:surname></sb:author><sb:author><ce:given-name>E.</ce:given-name><ce:surname>Ivers-Tiffée</ce:surname></sb:author></sb:authors></sb:contribution><sb:host><sb:issue><sb:series><sb:title><sb:maintitle>J. Chem. Mater.</sb:maintitle></sb:title><sb:volume-nr>16</sb:volume-nr></sb:series><sb:date>2006</sb:date></sb:issue><sb:pages><sb:first-page>3651</sb:first-page></sb:pages></sb:host></sb:reference></ce:bib-reference><ce:bib-reference id="bb0115"><ce:label>[23]</ce:label><sb:reference id="rf0115"><sb:contribution langtype="en"><sb:authors><sb:author><ce:given-name>S.</ce:given-name><ce:surname>Steinvik</ce:surname></sb:author><sb:author><ce:given-name>R.</ce:given-name><ce:surname>Bugge</ce:surname></sb:author><sb:author><ce:given-name>J.</ce:given-name><ce:surname>Gjønnes</ce:surname></sb:author><sb:author><ce:given-name>J.</ce:given-name><ce:surname>Taftø</ce:surname></sb:author><sb:author><ce:given-name>T.</ce:given-name><ce:surname>Norby</ce:surname></sb:author></sb:authors></sb:contribution><sb:host><sb:issue><sb:series><sb:title><sb:maintitle>J. Phys. Chem. Solids</sb:maintitle></sb:title><sb:volume-nr>58</sb:volume-nr></sb:series><sb:date>1997</sb:date></sb:issue><sb:pages><sb:first-page>969</sb:first-page></sb:pages></sb:host></sb:reference></ce:bib-reference><ce:bib-reference id="bb0120"><ce:label>[24]</ce:label><sb:reference id="rf0125"><sb:contribution langtype="en"><sb:authors><sb:author><ce:given-name>D.R.</ce:given-name><ce:surname>Lide</ce:surname></sb:author><sb:author><ce:given-name>W.M.</ce:given-name><ce:surname>Haynes</ce:surname></sb:author></sb:authors><sb:title><sb:maintitle>CRC Handbook of Chemistry and Physics</sb:maintitle></sb:title></sb:contribution><sb:host><sb:book><sb:edition>90th edition</sb:edition><sb:date>2010</sb:date></sb:book></sb:host></sb:reference></ce:bib-reference><ce:bib-reference id="bb0125"><ce:label>[25]</ce:label><sb:reference id="rf0130"><sb:contribution langtype="en"><sb:authors><sb:author><ce:given-name>G.</ce:given-name><ce:surname>Holzlechner</ce:surname></sb:author><sb:author><ce:given-name>M.</ce:given-name><ce:surname>Kubicek</ce:surname></sb:author><sb:author><ce:given-name>H.</ce:given-name><ce:surname>Hutter</ce:surname></sb:author><sb:author><ce:given-name>J.</ce:given-name><ce:surname>Fleig</ce:surname></sb:author></sb:authors></sb:contribution><sb:host><sb:issue><sb:series><sb:title><sb:maintitle>J. Anal. At. Spectrom.</sb:maintitle></sb:title><sb:volume-nr>28</sb:volume-nr></sb:series><sb:date>2013</sb:date></sb:issue><sb:pages><sb:first-page>1080</sb:first-page></sb:pages></sb:host></sb:reference></ce:bib-reference><ce:bib-reference id="bb0130"><ce:label>[26]</ce:label><sb:reference id="rf0120"><sb:contribution langtype="en"><sb:authors><sb:author><ce:given-name>M.</ce:given-name><ce:surname>Kubicek</ce:surname></sb:author><sb:author><ce:given-name>G.</ce:given-name><ce:surname>Holzlechner</ce:surname></sb:author><sb:author><ce:given-name>A.K.</ce:given-name><ce:surname>Opitz</ce:surname></sb:author><sb:author><ce:given-name>S.</ce:given-name><ce:surname>Larisegger</ce:surname></sb:author><sb:author><ce:given-name>H.</ce:given-name><ce:surname>Hutter</ce:surname></sb:author><sb:author><ce:given-name>J.</ce:given-name><ce:surname>Fleig</ce:surname></sb:author></sb:authors></sb:contribution><sb:host><sb:issue><sb:series><sb:title><sb:maintitle>Appl. Surf. Sci.</sb:maintitle></sb:title><sb:volume-nr>289</sb:volume-nr></sb:series><sb:date>2014</sb:date></sb:issue><sb:pages><sb:first-page>407</sb:first-page></sb:pages></sb:host></sb:reference></ce:bib-reference><ce:bib-reference id="bb0135"><ce:label>[27]</ce:label><ce:other-ref id="or0005"><ce:textref id="tr0005">Peter Velicsanyi, Master's thesis, Vienna University of Technology, 2014.</ce:textref></ce:other-ref></ce:bib-reference></ce:bibliography-sec></ce:bibliography></tail></article></xocs:serial-item></xocs:doc>