<?xml version="1.0" encoding="UTF-8"?>
<xocs:doc xsi:schemaLocation="http://www.elsevier.com/xml/xocs/dtd http://schema.elsevier.com/dtds/document/fulltext/xcr/xocs-article.xsd" xmlns:xocs="http://www.elsevier.com/xml/xocs/dtd" xmlns:xs="http://www.w3.org/2001/XMLSchema" xmlns:xsi="http://www.w3.org/2001/XMLSchema-instance" xmlns="http://www.elsevier.com/xml/ja/dtd" xmlns:ja="http://www.elsevier.com/xml/ja/dtd" xmlns:mml="http://www.w3.org/1998/Math/MathML" xmlns:tb="http://www.elsevier.com/xml/common/table/dtd" xmlns:sb="http://www.elsevier.com/xml/common/struct-bib/dtd" xmlns:ce="http://www.elsevier.com/xml/common/dtd" xmlns:xlink="http://www.w3.org/1999/xlink" xmlns:cals="http://www.elsevier.com/xml/common/cals/dtd"><xocs:meta><xocs:content-family>serial</xocs:content-family><xocs:content-type>JL</xocs:content-type><xocs:cid>271411</xocs:cid><xocs:ssids><xocs:ssid type="alllist">291210</xocs:ssid><xocs:ssid type="subj">291689</xocs:ssid><xocs:ssid type="subj">291719</xocs:ssid><xocs:ssid type="subj">291790</xocs:ssid><xocs:ssid type="subj">291865</xocs:ssid><xocs:ssid type="subj">291877</xocs:ssid><xocs:ssid type="content">31</xocs:ssid><xocs:ssid type="oa">90</xocs:ssid></xocs:ssids><xocs:srctitle>Solid State Ionics</xocs:srctitle><xocs:normalized-srctitle>SOLIDSTATEIONICS</xocs:normalized-srctitle><xocs:orig-load-date yyyymmdd="20131107">2013-11-07</xocs:orig-load-date><xocs:ew-transaction-id>2014-05-16T13:07:43</xocs:ew-transaction-id><xocs:eid>1-s2.0-S0167273813005298</xocs:eid><xocs:pii-formatted>S0167-2738(13)00529-8</xocs:pii-formatted><xocs:pii-unformatted>S0167273813005298</xocs:pii-unformatted><xocs:doi>10.1016/j.ssi.2013.10.032</xocs:doi><xocs:item-stage>S300</xocs:item-stage><xocs:item-version-number>S300.2</xocs:item-version-number><xocs:item-weight>FULL-TEXT</xocs:item-weight><xocs:hub-eid>1-s2.0-S0167273813X00207</xocs:hub-eid><xocs:timestamp>2014-06-03T16:48:50.675152-04:00</xocs:timestamp><xocs:dco>0</xocs:dco><xocs:tomb>0</xocs:tomb><xocs:date-search-begin>20140101</xocs:date-search-begin><xocs:date-search-end>20140131</xocs:date-search-end><xocs:year-nav>2014</xocs:year-nav><xocs:indexeddate epoch="1383782400">2013-11-07T00:00:00Z</xocs:indexeddate><xocs:articleinfo>articleinfo crossmark dco dateupdated tomb dateloaded datesearch indexeddate volumelist yearnav articletitlenorm authfirstinitialnorm authfirstsurnamenorm cid cids contenttype copyright dateloadedtxt docsubtype doctype doi eid ewtransactionid fundingbodyid hubeid issn issnnorm itemstage itemtransactionid itemweight oauserlicense openaccess openarchive pg pgfirst pglast pii piinorm pubdateend pubdatestart pubdatetxt pubyr sortorder sponsoredaccesstype srctitle srctitlenorm srctype subheadings suppl volfirst volissue webpdf webpdfpagecount figure table body acknowledge affil articletitle auth authfirstini authfull authkeywords authlast highlightsabst primabst ref alllist content oa subj ssids</xocs:articleinfo><xocs:issns><xocs:issn-primary-formatted>0167-2738</xocs:issn-primary-formatted><xocs:issn-primary-unformatted>01672738</xocs:issn-primary-unformatted></xocs:issns><xocs:sponsored-access-type>UNLIMITED</xocs:sponsored-access-type><xocs:funding-body-id>EPSRCPP</xocs:funding-body-id><xocs:crossmark is-crossmark="1">true</xocs:crossmark><xocs:vol-first>254</xocs:vol-first><xocs:volume-list><xocs:volume>254</xocs:volume></xocs:volume-list><xocs:suppl>C</xocs:suppl><xocs:vol-iss-suppl-text>Volume 254</xocs:vol-iss-suppl-text><xocs:sort-order>2</xocs:sort-order><xocs:first-fp>1</xocs:first-fp><xocs:last-lp>5</xocs:last-lp><xocs:pages><xocs:first-page>1</xocs:first-page><xocs:last-page>5</xocs:last-page></xocs:pages><xocs:cover-date-orig><xocs:start-date>201401</xocs:start-date></xocs:cover-date-orig><xocs:cover-date-text>January 2014</xocs:cover-date-text><xocs:cover-date-start>2014-01-01</xocs:cover-date-start><xocs:cover-date-end>2014-01-31</xocs:cover-date-end><xocs:cover-date-year>2014</xocs:cover-date-year><xocs:document-type>article</xocs:document-type><xocs:document-subtype>fla</xocs:document-subtype><xocs:copyright-line>Copyright © 2013 Elsevier B.V.</xocs:copyright-line><xocs:normalized-article-title>VARIABLETEMPERATURENEUTRONDIFFRACTIONSTUDYCRYSTALSTRUCTURETRANSPORTPATHWAYSINOXIDEIONCONDUCTORSBI125LN15REO245LNLUER</xocs:normalized-article-title><xocs:normalized-first-auth-surname>HERVOCHES</xocs:normalized-first-auth-surname><xocs:normalized-first-auth-initial>C</xocs:normalized-first-auth-initial><xocs:item-toc><xocs:item-toc-entry ref-elem="ce:sections"><xocs:item-toc-label>1</xocs:item-toc-label><xocs:item-toc-section-title>Introduction</xocs:item-toc-section-title></xocs:item-toc-entry><xocs:item-toc-entry ref-elem="ce:sections"><xocs:item-toc-label>2</xocs:item-toc-label><xocs:item-toc-section-title>Experimental</xocs:item-toc-section-title></xocs:item-toc-entry><xocs:item-toc-entry ref-elem="ce:sections"><xocs:item-toc-label>3</xocs:item-toc-label><xocs:item-toc-section-title>Results and discussion</xocs:item-toc-section-title></xocs:item-toc-entry><xocs:item-toc-entry ref-elem="ce:sections"><xocs:item-toc-label>4</xocs:item-toc-label><xocs:item-toc-section-title>Conclusions</xocs:item-toc-section-title></xocs:item-toc-entry><xocs:item-toc-entry ref-elem="ce:acknowledgment"><xocs:item-toc-section-title>Acknowledgments</xocs:item-toc-section-title></xocs:item-toc-entry><xocs:item-toc-entry ref-elem="ce:bibliography"><xocs:item-toc-section-title>References</xocs:item-toc-section-title></xocs:item-toc-entry></xocs:item-toc><xocs:references><xocs:ref-info refid="rf0005"><xocs:ref-normalized-surname>GATTOW</xocs:ref-normalized-surname><xocs:ref-pub-year>1962</xocs:ref-pub-year><xocs:ref-first-fp>176</xocs:ref-first-fp><xocs:ref-normalized-initial>G</xocs:ref-normalized-initial></xocs:ref-info><xocs:ref-info refid="rf0010"><xocs:ref-normalized-surname>BATTLE</xocs:ref-normalized-surname><xocs:ref-pub-year>1983</xocs:ref-pub-year><xocs:ref-first-fp>L561</xocs:ref-first-fp><xocs:ref-normalized-initial>P</xocs:ref-normalized-initial></xocs:ref-info><xocs:ref-info refid="rf0015"><xocs:ref-normalized-surname>DEPERO</xocs:ref-normalized-surname><xocs:ref-pub-year>1996</xocs:ref-pub-year><xocs:ref-first-fp>439</xocs:ref-first-fp><xocs:ref-normalized-initial>L</xocs:ref-normalized-initial></xocs:ref-info><xocs:ref-info refid="rf0020"><xocs:ref-normalized-surname>YASHIMA</xocs:ref-normalized-surname><xocs:ref-pub-year>2003</xocs:ref-pub-year><xocs:ref-first-fp>395</xocs:ref-first-fp><xocs:ref-normalized-initial>M</xocs:ref-normalized-initial></xocs:ref-info><xocs:ref-info refid="rf0025"><xocs:ref-normalized-surname>TAKAHASHI</xocs:ref-normalized-surname><xocs:ref-pub-year>1978</xocs:ref-pub-year><xocs:ref-first-fp>1447</xocs:ref-first-fp><xocs:ref-normalized-initial>T</xocs:ref-normalized-initial></xocs:ref-info><xocs:ref-info refid="rf0030"><xocs:ref-normalized-surname>BOIVIN</xocs:ref-normalized-surname><xocs:ref-pub-year>1998</xocs:ref-pub-year><xocs:ref-first-fp>2870</xocs:ref-first-fp><xocs:ref-normalized-initial>J</xocs:ref-normalized-initial></xocs:ref-info><xocs:ref-info refid="rf0035"><xocs:ref-normalized-surname>SHUK</xocs:ref-normalized-surname><xocs:ref-pub-year>1996</xocs:ref-pub-year><xocs:ref-first-fp>179</xocs:ref-first-fp><xocs:ref-normalized-initial>P</xocs:ref-normalized-initial></xocs:ref-info><xocs:ref-info refid="rf0040"><xocs:ref-normalized-surname>PUNN</xocs:ref-normalized-surname><xocs:ref-pub-year>2006</xocs:ref-pub-year><xocs:ref-first-fp>15386</xocs:ref-first-fp><xocs:ref-normalized-initial>R</xocs:ref-normalized-initial></xocs:ref-info><xocs:ref-info refid="rf0045"><xocs:ref-normalized-surname>PUNN</xocs:ref-normalized-surname><xocs:ref-pub-year>2008</xocs:ref-pub-year><xocs:ref-first-fp>2687</xocs:ref-first-fp><xocs:ref-normalized-initial>R</xocs:ref-normalized-initial></xocs:ref-info><xocs:ref-info refid="rf0050"><xocs:ref-normalized-surname>CRUMPTON</xocs:ref-normalized-surname><xocs:ref-pub-year>2005</xocs:ref-pub-year><xocs:ref-first-fp>164</xocs:ref-first-fp><xocs:ref-normalized-initial>T</xocs:ref-normalized-initial></xocs:ref-info><xocs:ref-info refid="rf0055"><xocs:ref-normalized-surname>HERVOCHES</xocs:ref-normalized-surname><xocs:ref-pub-year>2010</xocs:ref-pub-year><xocs:ref-first-fp>6759</xocs:ref-first-fp><xocs:ref-normalized-initial>C</xocs:ref-normalized-initial></xocs:ref-info><xocs:ref-info refid="rf0115"><xocs:ref-normalized-surname>LARSON</xocs:ref-normalized-surname><xocs:ref-pub-year>2004</xocs:ref-pub-year><xocs:ref-first-fp>86</xocs:ref-first-fp><xocs:ref-last-lp>748</xocs:ref-last-lp><xocs:ref-normalized-initial>A</xocs:ref-normalized-initial><xocs:ref-normalized-srctitle>LOSALAMOSNATIONALLABORATORYREPORTLAUR</xocs:ref-normalized-srctitle><xocs:ref-normalized-article-title>GENERALSTRUCTUREANALYSISSYSTEMGSAS</xocs:ref-normalized-article-title></xocs:ref-info><xocs:ref-info refid="rf0065"><xocs:ref-normalized-surname>TOBY</xocs:ref-normalized-surname><xocs:ref-pub-year>2001</xocs:ref-pub-year><xocs:ref-first-fp>210</xocs:ref-first-fp><xocs:ref-last-lp>213</xocs:ref-last-lp><xocs:ref-normalized-initial>B</xocs:ref-normalized-initial></xocs:ref-info><xocs:ref-info refid="rf0070"><xocs:ref-normalized-surname>IZUMI</xocs:ref-normalized-surname><xocs:ref-pub-year>2002</xocs:ref-pub-year><xocs:ref-first-fp>699</xocs:ref-first-fp><xocs:ref-last-lp>726</xocs:ref-last-lp><xocs:ref-normalized-initial>F</xocs:ref-normalized-initial><xocs:ref-normalized-srctitle>RECENTRESEARCHDEVELOPMENTSINPHYSICSVOL3PARTII</xocs:ref-normalized-srctitle></xocs:ref-info><xocs:ref-info refid="rf0075"><xocs:ref-normalized-surname>IZUMI</xocs:ref-normalized-surname><xocs:ref-pub-year>2007</xocs:ref-pub-year><xocs:ref-first-fp>15</xocs:ref-first-fp><xocs:ref-last-lp>20</xocs:ref-last-lp><xocs:ref-normalized-initial>F</xocs:ref-normalized-initial></xocs:ref-info><xocs:ref-info refid="rf0080"><xocs:ref-normalized-surname>MOMMA</xocs:ref-normalized-surname><xocs:ref-pub-year>2011</xocs:ref-pub-year><xocs:ref-first-fp>1272</xocs:ref-first-fp><xocs:ref-last-lp>1276</xocs:ref-last-lp><xocs:ref-normalized-initial>K</xocs:ref-normalized-initial></xocs:ref-info><xocs:ref-info refid="rf0085"><xocs:ref-normalized-surname>BOYAPATI</xocs:ref-normalized-surname><xocs:ref-pub-year>2001</xocs:ref-pub-year><xocs:ref-first-fp>293</xocs:ref-first-fp><xocs:ref-normalized-initial>S</xocs:ref-normalized-initial></xocs:ref-info><xocs:ref-info refid="rf0090"><xocs:ref-normalized-surname>ABRAHAMS</xocs:ref-normalized-surname><xocs:ref-pub-year>2010</xocs:ref-pub-year><xocs:ref-first-fp>4435</xocs:ref-first-fp><xocs:ref-normalized-initial>I</xocs:ref-normalized-initial></xocs:ref-info><xocs:ref-info refid="rf0095"><xocs:ref-normalized-surname>STRUZIK</xocs:ref-normalized-surname><xocs:ref-pub-year>2012</xocs:ref-pub-year><xocs:ref-first-fp>25</xocs:ref-first-fp><xocs:ref-last-lp>30</xocs:ref-last-lp><xocs:ref-normalized-initial>M</xocs:ref-normalized-initial></xocs:ref-info><xocs:ref-info refid="rf0100"><xocs:ref-normalized-surname>YASHIMA</xocs:ref-normalized-surname><xocs:ref-pub-year>2008</xocs:ref-pub-year><xocs:ref-first-fp>797</xocs:ref-first-fp><xocs:ref-last-lp>803</xocs:ref-last-lp><xocs:ref-normalized-initial>M</xocs:ref-normalized-initial></xocs:ref-info><xocs:ref-info refid="rf0120"><xocs:ref-normalized-surname>HULL</xocs:ref-normalized-surname><xocs:ref-pub-year>2009</xocs:ref-pub-year><xocs:ref-first-fp>8737</xocs:ref-first-fp><xocs:ref-last-lp>8745</xocs:ref-last-lp><xocs:ref-normalized-initial>S</xocs:ref-normalized-initial></xocs:ref-info><xocs:ref-info refid="rf0105"><xocs:ref-normalized-surname>MOHN</xocs:ref-normalized-surname><xocs:ref-pub-year>2009</xocs:ref-pub-year><xocs:ref-first-fp>024205</xocs:ref-first-fp><xocs:ref-normalized-initial>C</xocs:ref-normalized-initial></xocs:ref-info><xocs:ref-info refid="rf0110"><xocs:ref-normalized-surname>YASHIMA</xocs:ref-normalized-surname><xocs:ref-pub-year>2007</xocs:ref-pub-year><xocs:ref-first-fp>3539</xocs:ref-first-fp><xocs:ref-last-lp>3544</xocs:ref-last-lp><xocs:ref-normalized-initial>M</xocs:ref-normalized-initial></xocs:ref-info></xocs:references><xocs:attachment-metadata-doc><xocs:attachment-set-type>item</xocs:attachment-set-type><xocs:pii-formatted>S0167-2738(13)00529-8</xocs:pii-formatted><xocs:pii-unformatted>S0167273813005298</xocs:pii-unformatted><xocs:eid>1-s2.0-S0167273813005298</xocs:eid><xocs:doi>10.1016/j.ssi.2013.10.032</xocs:doi><xocs:cid>271411</xocs:cid><xocs:timestamp>2014-05-16T19:49:29.307656-04:00</xocs:timestamp><xocs:path>/271411/1-s2.0-S0167273813X00207/1-s2.0-S0167273813005298/</xocs:path><xocs:cover-date-start>2014-01-01</xocs:cover-date-start><xocs:cover-date-end>2014-01-31</xocs:cover-date-end><xocs:sponsored-access-type>UNLIMITED</xocs:sponsored-access-type><xocs:funding-body-id>EPSRCPP</xocs:funding-body-id><xocs:attachments><xocs:web-pdf><xocs:attachment-eid>1-s2.0-S0167273813005298-main.pdf</xocs:attachment-eid><xocs:filename>main.pdf</xocs:filename><xocs:extension>pdf</xocs:extension><xocs:pdf-optimized>true</xocs:pdf-optimized><xocs:filesize>1462188</xocs:filesize><xocs:web-pdf-purpose>MAIN</xocs:web-pdf-purpose><xocs:web-pdf-page-count>5</xocs:web-pdf-page-count><xocs:web-pdf-images><xocs:web-pdf-image><xocs:attachment-eid>1-s2.0-S0167273813005298-main_1.png</xocs:attachment-eid><xocs:filename>main_1.png</xocs:filename><xocs:extension>png</xocs:extension><xocs:filesize>125452</xocs:filesize><xocs:pixel-height>849</xocs:pixel-height><xocs:pixel-width>656</xocs:pixel-width><xocs:attachment-type>IMAGE-WEB-PDF</xocs:attachment-type><xocs:pdf-page-num>1</xocs:pdf-page-num></xocs:web-pdf-image></xocs:web-pdf-images></xocs:web-pdf><xocs:attachment><xocs:attachment-eid>1-s2.0-S0167273813005298-gr6.jpg</xocs:attachment-eid><xocs:file-basename>gr6</xocs:file-basename><xocs:filename>gr6.jpg</xocs:filename><xocs:extension>jpg</xocs:extension><xocs:filesize>28535</xocs:filesize><xocs:pixel-height>192</xocs:pixel-height><xocs:pixel-width>316</xocs:pixel-width><xocs:attachment-type>IMAGE-DOWNSAMPLED</xocs:attachment-type></xocs:attachment><xocs:attachment><xocs:attachment-eid>1-s2.0-S0167273813005298-gr5.jpg</xocs:attachment-eid><xocs:file-basename>gr5</xocs:file-basename><xocs:filename>gr5.jpg</xocs:filename><xocs:extension>jpg</xocs:extension><xocs:filesize>95776</xocs:filesize><xocs:pixel-height>853</xocs:pixel-height><xocs:pixel-width>348</xocs:pixel-width><xocs:attachment-type>IMAGE-DOWNSAMPLED</xocs:attachment-type></xocs:attachment><xocs:attachment><xocs:attachment-eid>1-s2.0-S0167273813005298-gr4.jpg</xocs:attachment-eid><xocs:file-basename>gr4</xocs:file-basename><xocs:filename>gr4.jpg</xocs:filename><xocs:extension>jpg</xocs:extension><xocs:filesize>138675</xocs:filesize><xocs:pixel-height>609</xocs:pixel-height><xocs:pixel-width>683</xocs:pixel-width><xocs:attachment-type>IMAGE-DOWNSAMPLED</xocs:attachment-type></xocs:attachment><xocs:attachment><xocs:attachment-eid>1-s2.0-S0167273813005298-gr3.jpg</xocs:attachment-eid><xocs:file-basename>gr3</xocs:file-basename><xocs:filename>gr3.jpg</xocs:filename><xocs:extension>jpg</xocs:extension><xocs:filesize>59786</xocs:filesize><xocs:pixel-height>692</xocs:pixel-height><xocs:pixel-width>491</xocs:pixel-width><xocs:attachment-type>IMAGE-DOWNSAMPLED</xocs:attachment-type></xocs:attachment><xocs:attachment><xocs:attachment-eid>1-s2.0-S0167273813005298-gr2.jpg</xocs:attachment-eid><xocs:file-basename>gr2</xocs:file-basename><xocs:filename>gr2.jpg</xocs:filename><xocs:extension>jpg</xocs:extension><xocs:filesize>11321</xocs:filesize><xocs:pixel-height>260</xocs:pixel-height><xocs:pixel-width>351</xocs:pixel-width><xocs:attachment-type>IMAGE-DOWNSAMPLED</xocs:attachment-type></xocs:attachment><xocs:attachment><xocs:attachment-eid>1-s2.0-S0167273813005298-gr1.jpg</xocs:attachment-eid><xocs:file-basename>gr1</xocs:file-basename><xocs:filename>gr1.jpg</xocs:filename><xocs:extension>jpg</xocs:extension><xocs:filesize>15843</xocs:filesize><xocs:pixel-height>266</xocs:pixel-height><xocs:pixel-width>354</xocs:pixel-width><xocs:attachment-type>IMAGE-DOWNSAMPLED</xocs:attachment-type></xocs:attachment><xocs:attachment><xocs:attachment-eid>1-s2.0-S0167273813005298-gr6.sml</xocs:attachment-eid><xocs:file-basename>gr6</xocs:file-basename><xocs:filename>gr6.sml</xocs:filename><xocs:extension>sml</xocs:extension><xocs:filesize>12123</xocs:filesize><xocs:pixel-height>133</xocs:pixel-height><xocs:pixel-width>219</xocs:pixel-width><xocs:attachment-type>IMAGE-THUMBNAIL</xocs:attachment-type></xocs:attachment><xocs:attachment><xocs:attachment-eid>1-s2.0-S0167273813005298-gr5.sml</xocs:attachment-eid><xocs:file-basename>gr5</xocs:file-basename><xocs:filename>gr5.sml</xocs:filename><xocs:extension>sml</xocs:extension><xocs:filesize>6541</xocs:filesize><xocs:pixel-height>164</xocs:pixel-height><xocs:pixel-width>67</xocs:pixel-width><xocs:attachment-type>IMAGE-THUMBNAIL</xocs:attachment-type></xocs:attachment><xocs:attachment><xocs:attachment-eid>1-s2.0-S0167273813005298-gr4.sml</xocs:attachment-eid><xocs:file-basename>gr4</xocs:file-basename><xocs:filename>gr4.sml</xocs:filename><xocs:extension>sml</xocs:extension><xocs:filesize>13670</xocs:filesize><xocs:pixel-height>164</xocs:pixel-height><xocs:pixel-width>184</xocs:pixel-width><xocs:attachment-type>IMAGE-THUMBNAIL</xocs:attachment-type></xocs:attachment><xocs:attachment><xocs:attachment-eid>1-s2.0-S0167273813005298-gr3.sml</xocs:attachment-eid><xocs:file-basename>gr3</xocs:file-basename><xocs:filename>gr3.sml</xocs:filename><xocs:extension>sml</xocs:extension><xocs:filesize>3341</xocs:filesize><xocs:pixel-height>163</xocs:pixel-height><xocs:pixel-width>116</xocs:pixel-width><xocs:attachment-type>IMAGE-THUMBNAIL</xocs:attachment-type></xocs:attachment><xocs:attachment><xocs:attachment-eid>1-s2.0-S0167273813005298-gr2.sml</xocs:attachment-eid><xocs:file-basename>gr2</xocs:file-basename><xocs:filename>gr2.sml</xocs:filename><xocs:extension>sml</xocs:extension><xocs:filesize>2468</xocs:filesize><xocs:pixel-height>162</xocs:pixel-height><xocs:pixel-width>219</xocs:pixel-width><xocs:attachment-type>IMAGE-THUMBNAIL</xocs:attachment-type></xocs:attachment><xocs:attachment><xocs:attachment-eid>1-s2.0-S0167273813005298-gr1.sml</xocs:attachment-eid><xocs:file-basename>gr1</xocs:file-basename><xocs:filename>gr1.sml</xocs:filename><xocs:extension>sml</xocs:extension><xocs:filesize>3289</xocs:filesize><xocs:pixel-height>164</xocs:pixel-height><xocs:pixel-width>218</xocs:pixel-width><xocs:attachment-type>IMAGE-THUMBNAIL</xocs:attachment-type></xocs:attachment></xocs:attachments></xocs:attachment-metadata-doc><xocs:refkeys><xocs:refkey3>HERVOCHESX2014X1</xocs:refkey3><xocs:refkey4lp>HERVOCHESX2014X1X5</xocs:refkey4lp><xocs:refkey4ai>HERVOCHESX2014X1XC</xocs:refkey4ai><xocs:refkey5>HERVOCHESX2014X1X5XC</xocs:refkey5></xocs:refkeys><xocs:open-access><xocs:oa-article-status is-open-access="1" is-open-archive="0">Full</xocs:oa-article-status><xocs:oa-access-effective-date>2014-05-16T11:32:41Z</xocs:oa-access-effective-date><xocs:oa-sponsor><xocs:oa-sponsor-type>FundingBody</xocs:oa-sponsor-type><xocs:oa-sponsor-name>Engineering and Physical Sciences Research Council</xocs:oa-sponsor-name></xocs:oa-sponsor><xocs:oa-user-license>http://creativecommons.org/licenses/by/3.0/</xocs:oa-user-license></xocs:open-access></xocs:meta><xocs:serial-item><article version="5.2" docsubtype="fla" xml:lang="en" xmlns:sa="http://www.elsevier.com/xml/common/struct-aff/dtd"><item-info><jid>SOSI</jid><aid>13115</aid><ce:pii>S0167-2738(13)00529-8</ce:pii><ce:doi>10.1016/j.ssi.2013.10.032</ce:doi><ce:copyright type="full-transfer" year="2013">Elsevier B.V.</ce:copyright><ce:copyright-line>© 2013</ce:copyright-line></item-info><ce:floats><ce:figure id="f0005"><ce:label>Fig. 1</ce:label><ce:caption id="ca0005"><ce:simple-para id="sp0015" view="all">Arrhenius plot of total conductivity for Bi<ce:inf loc="post">12.5</ce:inf>Lu<ce:inf loc="post">1.5</ce:inf>ReO<ce:inf loc="post">24.5</ce:inf> and Bi<ce:inf loc="post">12.5</ce:inf>Er<ce:inf loc="post">1.5</ce:inf>ReO<ce:inf loc="post">24.5</ce:inf>.</ce:simple-para></ce:caption><ce:link locator="gr1" id="lk0005"/></ce:figure><ce:figure id="f0010"><ce:label>Fig. 2</ce:label><ce:caption id="ca0010"><ce:simple-para id="sp0020" view="all">Evolution of lattice parameter with temperature for Bi<ce:inf loc="post">12.5</ce:inf>Lu<ce:inf loc="post">1.5</ce:inf>ReO<ce:inf loc="post">24.5</ce:inf> and Bi<ce:inf loc="post">12.5</ce:inf>Er<ce:inf loc="post">1.5</ce:inf>ReO<ce:inf loc="post">24.5</ce:inf>.</ce:simple-para></ce:caption><ce:link locator="gr2" id="lk0010"/></ce:figure><ce:figure id="f0015"><ce:label>Fig. 3</ce:label><ce:caption id="ca0015"><ce:simple-para id="sp0025" view="all">Final Rietveld plot of a) Bi<ce:inf loc="post">12.5</ce:inf>Lu<ce:inf loc="post">1.5</ce:inf>ReO<ce:inf loc="post">24.5</ce:inf> and b) Bi<ce:inf loc="post">12.5</ce:inf>Er<ce:inf loc="post">1.5</ce:inf>ReO<ce:inf loc="post">24.5</ce:inf> at room temperature.</ce:simple-para></ce:caption><ce:link locator="gr3" id="lk0015"/></ce:figure><ce:figure id="f0020"><ce:label>Fig. 4</ce:label><ce:caption id="ca0020"><ce:simple-para id="sp0030" view="all">Nuclear-density distribution on the (110) plane of a) Bi<ce:inf loc="post">12.5</ce:inf>Lu<ce:inf loc="post">1.5</ce:inf>ReO<ce:inf loc="post">24.5</ce:inf> at 25<ce:hsp sp="0.25"/>°C and Bi<ce:inf loc="post">12.5</ce:inf>Er<ce:inf loc="post">1.5</ce:inf>ReO<ce:inf loc="post">24.5</ce:inf> at b) 25<ce:hsp sp="0.25"/>°C, c) 200<ce:hsp sp="0.25"/>°C, d) 300<ce:hsp sp="0.25"/>°C, e) 400<ce:hsp sp="0.25"/>°C, f) 500<ce:hsp sp="0.25"/>°C. Saturation level 0 – 5%, with contours lines in the range 0.2 to 2 f. Å<ce:sup loc="post">−<ce:hsp sp="0.10"/>3</ce:sup> (0.2 f. Å<ce:sup loc="post">−<ce:hsp sp="0.10"/>3</ce:sup> step). The maximum densities corresponding to 100% are: for Bi<ce:inf loc="post">12.5</ce:inf>Lu<ce:inf loc="post">1.5</ce:inf>ReO<ce:inf loc="post">24.5</ce:inf>: 53.91 f. Å<ce:sup loc="post">−<ce:hsp sp="0.10"/>3</ce:sup> at 25<ce:hsp sp="0.25"/>°C; for Bi<ce:inf loc="post">12.5</ce:inf>Er<ce:inf loc="post">1.5</ce:inf>ReO<ce:inf loc="post">24.5</ce:inf>: 51.04 f. Å<ce:sup loc="post">−<ce:hsp sp="0.10"/>3</ce:sup> at 25<ce:hsp sp="0.25"/>°C, 38.31 f. Å<ce:sup loc="post">−<ce:hsp sp="0.10"/>3</ce:sup> at 200<ce:hsp sp="0.25"/>°C, 44.52 f. Å<ce:sup loc="post">−<ce:hsp sp="0.10"/>3</ce:sup> at 300<ce:hsp sp="0.25"/>°C, 53.20 f. Å<ce:sup loc="post">−<ce:hsp sp="0.10"/>3</ce:sup> at 400<ce:hsp sp="0.25"/>°C, 43.32 f. Å<ce:sup loc="post">−<ce:hsp sp="0.10"/>3</ce:sup> at 500<ce:hsp sp="0.25"/>°C. The black crosses indicate Wyckoff position 24d (0.5, 0.25, 0.25).</ce:simple-para></ce:caption><ce:link locator="gr4" id="lk0020"/></ce:figure><ce:figure id="f0025"><ce:label>Fig. 5</ce:label><ce:caption id="ca0025"><ce:simple-para id="sp0035" view="all">3D nuclear-density distribution of Bi<ce:inf loc="post">12.5</ce:inf>Er<ce:inf loc="post">1.5</ce:inf>ReO<ce:inf loc="post">24.5</ce:inf> at a) 25<ce:hsp sp="0.25"/>°C, b) 300<ce:hsp sp="0.25"/>°C, c) 500<ce:hsp sp="0.25"/>°C. (0.2 f. Å<ce:sup loc="post">−<ce:hsp sp="0.10"/>3</ce:sup>).</ce:simple-para></ce:caption><ce:link locator="gr5" id="lk0025"/></ce:figure><ce:figure id="f0030"><ce:label>Fig. 6</ce:label><ce:caption id="ca0030"><ce:simple-para id="sp0040" view="all">Nuclear-density distribution on the (110) plane of Bi<ce:inf loc="post">12.5</ce:inf>Er<ce:inf loc="post">1.5</ce:inf>ReO<ce:inf loc="post">24.5</ce:inf> at 500<ce:hsp sp="0.25"/>°C. Saturation level 0 – 5%, with contours lines in the range 0.1 to 2 f. Å<ce:sup loc="post">−<ce:hsp sp="0.10"/>3</ce:sup> (0.2 f. Å<ce:sup loc="post">−<ce:hsp sp="0.10"/>3</ce:sup> step). Arrows indicate apparent oxide ion diffusion paths along the ⟨100⟩ and ⟨110⟩ directions.</ce:simple-para></ce:caption><ce:link locator="gr6" id="lk0030"/></ce:figure><ce:table id="t0005" frame="topbot" colsep="0" rowsep="0" xmlns="http://www.elsevier.com/xml/common/cals/dtd"><ce:label>Table 1</ce:label><ce:caption id="ca0035"><ce:simple-para id="sp0045" view="all">Final atomic positions for Bi<ce:inf loc="post">12.5</ce:inf>Lu<ce:inf loc="post">1.5</ce:inf>ReO<ce:inf loc="post">24.5</ce:inf> (BiLu) and Bi<ce:inf loc="post">12.5</ce:inf>Er<ce:inf loc="post">1.5</ce:inf>ReO<ce:inf loc="post">24.5</ce:inf> (BiEr) from Rietveld refinement. Space group <ce:italic>Fm</ce:italic>-<ce:italic>3m</ce:italic> (225); all cations in <ce:italic>4a</ce:italic> (<ce:italic>0 0 0</ce:italic>), O(1) in <ce:italic>8c</ce:italic> (¼ ¼ ¼), O(2) in <ce:italic>32f</ce:italic> (<ce:italic>x x x</ce:italic>). Cations occupancies Bi/Ln/Re<ce:hsp sp="0.25"/>=<ce:hsp sp="0.25"/>0.8333/0.1/0.0667.</ce:simple-para></ce:caption><tgroup cols="7"><colspec colname="col1"/><colspec colname="col2"/><colspec colname="col3"/><colspec colname="col4"/><colspec colname="col5"/><colspec colname="col6"/><colspec colname="col7"/><thead><row valign="top" rowsep="1"><entry colname="col1" xmlns="http://www.elsevier.com/xml/common/dtd"/><entry colname="col2" align="left" xmlns="http://www.elsevier.com/xml/common/dtd">BiLu-25<hsp sp="0.25"/>°C</entry><entry colname="col3" align="left" xmlns="http://www.elsevier.com/xml/common/dtd">BiEr-25<hsp sp="0.25"/>°C</entry><entry colname="col4" align="left" xmlns="http://www.elsevier.com/xml/common/dtd">BiEr-200<hsp sp="0.25"/>°C</entry><entry colname="col5" align="left" xmlns="http://www.elsevier.com/xml/common/dtd">BiEr-300<hsp sp="0.25"/>°C</entry><entry colname="col6" align="left" xmlns="http://www.elsevier.com/xml/common/dtd">BiEr-400<hsp sp="0.25"/>°C</entry><entry colname="col7" align="left" xmlns="http://www.elsevier.com/xml/common/dtd">BiEr-500<hsp sp="0.25"/>°C</entry></row></thead><tbody><row valign="top"><entry colname="col1" align="left" xmlns="http://www.elsevier.com/xml/common/dtd"><italic>a</italic> (Å)</entry><entry colname="col2" align="left" xmlns="http://www.elsevier.com/xml/common/dtd">5.5591(1)</entry><entry colname="col3" align="left" xmlns="http://www.elsevier.com/xml/common/dtd">5.5698(1)</entry><entry colname="col4" align="left" xmlns="http://www.elsevier.com/xml/common/dtd">5.5860(2)</entry><entry colname="col5" align="left" xmlns="http://www.elsevier.com/xml/common/dtd">5.5948(2)</entry><entry colname="col6" align="left" xmlns="http://www.elsevier.com/xml/common/dtd">5.6118(2)</entry><entry colname="col7" align="left" xmlns="http://www.elsevier.com/xml/common/dtd">5.6318(3)</entry></row><row valign="top"><entry colname="col1" align="left" xmlns="http://www.elsevier.com/xml/common/dtd"><italic>x 32f</italic></entry><entry colname="col2" align="left" xmlns="http://www.elsevier.com/xml/common/dtd">0.364(1)</entry><entry colname="col3" align="left" xmlns="http://www.elsevier.com/xml/common/dtd">0.368(1)</entry><entry colname="col4" align="left" xmlns="http://www.elsevier.com/xml/common/dtd">0.359(1)</entry><entry colname="col5" align="left" xmlns="http://www.elsevier.com/xml/common/dtd">0.356(1)</entry><entry colname="col6" align="left" xmlns="http://www.elsevier.com/xml/common/dtd">0.354(1)</entry><entry colname="col7" align="left" xmlns="http://www.elsevier.com/xml/common/dtd">0.354(1)</entry></row><row valign="top"><entry colname="col1" align="left" xmlns="http://www.elsevier.com/xml/common/dtd">Occ O(1)</entry><entry colname="col2" align="left" xmlns="http://www.elsevier.com/xml/common/dtd">0.592(5)</entry><entry colname="col3" align="left" xmlns="http://www.elsevier.com/xml/common/dtd">0.586(5)</entry><entry colname="col4" align="left" xmlns="http://www.elsevier.com/xml/common/dtd">0.578(5)</entry><entry colname="col5" align="left" xmlns="http://www.elsevier.com/xml/common/dtd">0.568(5)</entry><entry colname="col6" align="left" xmlns="http://www.elsevier.com/xml/common/dtd">0.554(5)</entry><entry colname="col7" align="left" xmlns="http://www.elsevier.com/xml/common/dtd">0.554(6)</entry></row><row valign="top"><entry colname="col1" align="left" xmlns="http://www.elsevier.com/xml/common/dtd">Occ O(2)</entry><entry colname="col2" align="left" xmlns="http://www.elsevier.com/xml/common/dtd">0.060(1)</entry><entry colname="col3" align="left" xmlns="http://www.elsevier.com/xml/common/dtd">0.053(1)</entry><entry colname="col4" align="left" xmlns="http://www.elsevier.com/xml/common/dtd">0.060(1)</entry><entry colname="col5" align="left" xmlns="http://www.elsevier.com/xml/common/dtd">0.062(1)</entry><entry colname="col6" align="left" xmlns="http://www.elsevier.com/xml/common/dtd">0.066(1)</entry><entry colname="col7" align="left" xmlns="http://www.elsevier.com/xml/common/dtd">0.066(1)</entry></row><row valign="top"><entry colname="col1" align="left" xmlns="http://www.elsevier.com/xml/common/dtd">Uiso cations</entry><entry colname="col2" align="left" xmlns="http://www.elsevier.com/xml/common/dtd">4.55(4)</entry><entry colname="col3" align="left" xmlns="http://www.elsevier.com/xml/common/dtd">3.92(4)</entry><entry colname="col4" align="left" xmlns="http://www.elsevier.com/xml/common/dtd">5.33(3)</entry><entry colname="col5" align="left" xmlns="http://www.elsevier.com/xml/common/dtd">5.63(3)</entry><entry colname="col6" align="left" xmlns="http://www.elsevier.com/xml/common/dtd">6.21(4)</entry><entry colname="col7" align="left" xmlns="http://www.elsevier.com/xml/common/dtd">7.01(4)</entry></row><row valign="top"><entry colname="col1" align="left" xmlns="http://www.elsevier.com/xml/common/dtd">Uiso oxygens</entry><entry colname="col2" align="left" xmlns="http://www.elsevier.com/xml/common/dtd">11.5(1)</entry><entry colname="col3" align="left" xmlns="http://www.elsevier.com/xml/common/dtd">10.2(1)</entry><entry colname="col4" align="left" xmlns="http://www.elsevier.com/xml/common/dtd">11.7(1)</entry><entry colname="col5" align="left" xmlns="http://www.elsevier.com/xml/common/dtd">11.8(1)</entry><entry colname="col6" align="left" xmlns="http://www.elsevier.com/xml/common/dtd">11.9(1)</entry><entry colname="col7" align="left" xmlns="http://www.elsevier.com/xml/common/dtd">12.6(1)</entry></row><row valign="top"><entry colname="col1" align="left" xmlns="http://www.elsevier.com/xml/common/dtd"><italic>χ<sup loc="post">2</sup></italic> (<italic>47 var</italic>.)</entry><entry colname="col2" align="left" xmlns="http://www.elsevier.com/xml/common/dtd"><italic>2</italic>.<italic>409</italic></entry><entry colname="col3" align="left" xmlns="http://www.elsevier.com/xml/common/dtd"><italic>2</italic>.<italic>780</italic></entry><entry colname="col4" align="left" xmlns="http://www.elsevier.com/xml/common/dtd"><italic>3</italic>.<italic>478</italic></entry><entry colname="col5" align="left" xmlns="http://www.elsevier.com/xml/common/dtd"><italic>3</italic>.<italic>304</italic></entry><entry colname="col6" align="left" xmlns="http://www.elsevier.com/xml/common/dtd"><italic>2</italic>.<italic>887</italic></entry><entry colname="col7" align="left" xmlns="http://www.elsevier.com/xml/common/dtd"><italic>2</italic>.<italic>696</italic></entry></row><row valign="top"><entry colname="col1" align="left" xmlns="http://www.elsevier.com/xml/common/dtd"><italic>Rwp</italic></entry><entry colname="col2" align="left" xmlns="http://www.elsevier.com/xml/common/dtd"><italic>0</italic>.<italic>0246</italic></entry><entry colname="col3" align="left" xmlns="http://www.elsevier.com/xml/common/dtd"><italic>0</italic>.<italic>0237</italic></entry><entry colname="col4" align="left" xmlns="http://www.elsevier.com/xml/common/dtd"><italic>0</italic>.<italic>0274</italic></entry><entry colname="col5" align="left" xmlns="http://www.elsevier.com/xml/common/dtd"><italic>0</italic>.<italic>0268</italic></entry><entry colname="col6" align="left" xmlns="http://www.elsevier.com/xml/common/dtd"><italic>0</italic>.<italic>0251</italic></entry><entry colname="col7" align="left" xmlns="http://www.elsevier.com/xml/common/dtd"><italic>0</italic>.<italic>0243</italic></entry></row></tbody></tgroup></ce:table></ce:floats><head><ce:title id="ti0005">Variable temperature neutron diffraction study of crystal structure and transport pathways in oxide ion conductors Bi<ce:inf loc="post">12.5</ce:inf>Ln<ce:inf loc="post">1.5</ce:inf>ReO<ce:inf loc="post">24.5</ce:inf> (Ln<ce:hsp sp="0.25"/>=<ce:hsp sp="0.25"/>Lu, Er)</ce:title><ce:author-group id="ag0005"><ce:author id="au0005"><ce:given-name>Charles H.</ce:given-name><ce:surname>Hervoches</ce:surname><ce:cross-ref refid="cr0005" id="cf1025"><ce:sup loc="post">⁎</ce:sup></ce:cross-ref><ce:e-address id="em0005" type="email">hervoches@ujf.cas.cz</ce:e-address></ce:author><ce:author id="au0010"><ce:given-name>Colin</ce:given-name><ce:surname>Greaves</ce:surname></ce:author><ce:affiliation id="af0005"><ce:textfn id="tn0005">School of Chemistry, The University of Birmingham, Edgbaston, Birmingham, B15 2TT, United Kingdom</ce:textfn><sa:affiliation><sa:organization>School of Chemistry</sa:organization><sa:organization>The University of Birmingham</sa:organization><sa:address-line>Edgbaston</sa:address-line><sa:city>Birmingham</sa:city><sa:postal-code>B15 2TT</sa:postal-code><sa:country>United Kingdom</sa:country></sa:affiliation></ce:affiliation><ce:correspondence id="cr0005"><ce:label>⁎</ce:label><ce:text id="tx1005">Corresponding author at: Department of Neutron Physics, Nuclear Physics Institute v.v.i., ASCR, CZ-25068 Řež, Czech Republic. Tel.: +<ce:hsp sp="0.10"/>420 266172034.</ce:text></ce:correspondence></ce:author-group><ce:date-received day="25" month="3" year="2013"/><ce:date-revised day="12" month="9" year="2013"/><ce:date-accepted day="17" month="10" year="2013"/><ce:abstract id="ab0005" view="all" class="author"><ce:section-title id="st0005">Abstract</ce:section-title><ce:abstract-sec id="as0005" view="all"><ce:simple-para id="sp0005" view="all">Samples of highly conducting Bi<ce:inf loc="post">12.5</ce:inf>Lu<ce:inf loc="post">1.5</ce:inf>ReO<ce:inf loc="post">24.5</ce:inf> and Bi<ce:inf loc="post">12.5</ce:inf>Er<ce:inf loc="post">1.5</ce:inf>ReO<ce:inf loc="post">24.5</ce:inf> have been studied by neutron powder diffraction at room temperature for both phases and at 25<ce:hsp sp="0.25"/>°C<ce:hsp sp="0.25"/>≤<ce:hsp sp="0.25"/>T<ce:hsp sp="0.25"/>≤<ce:hsp sp="0.25"/>500<ce:hsp sp="0.25"/>°C in the case of Bi<ce:inf loc="post">12.5</ce:inf>Er<ce:inf loc="post">1.5</ce:inf>ReO<ce:inf loc="post">24.5</ce:inf>. Both materials crystallize in the cubic δ-Bi<ce:inf loc="post">2</ce:inf>O<ce:inf loc="post">3</ce:inf> related system, space group Fm-3m. Changes in the oxygen sublattice at 25<ce:hsp sp="0.25"/>°C<ce:hsp sp="0.25"/>≤<ce:hsp sp="0.25"/>T<ce:hsp sp="0.25"/>≤<ce:hsp sp="0.25"/>500<ce:hsp sp="0.25"/>°C have been investigated by the Rietveld and maximum entropy methods.</ce:simple-para></ce:abstract-sec></ce:abstract><ce:abstract class="author-highlights" id="ab0010" view="all"><ce:section-title id="st0010">Highlights</ce:section-title><ce:abstract-sec id="as0010" view="all"><ce:simple-para id="sp0010" view="all"><ce:list id="l0005"><ce:list-item id="u0005"><ce:label>•</ce:label><ce:para id="p0095" view="all">The crystal structure of Bi12.5Ln1.5ReO24.5 (Ln<ce:hsp sp="0.25"/>=<ce:hsp sp="0.25"/>Lu, Er) has been studied by neutron powder diffraction</ce:para></ce:list-item><ce:list-item id="u0010"><ce:label>•</ce:label><ce:para id="p0100" view="all">Changes in the oxygen sublattice with temperature have been investigated</ce:para></ce:list-item><ce:list-item id="u0015"><ce:label>•</ce:label><ce:para id="p0105" view="all">Oxide ion conduction pathways have been determined</ce:para></ce:list-item></ce:list></ce:simple-para></ce:abstract-sec></ce:abstract><ce:keywords id="ks0005" view="all" class="keyword"><ce:section-title id="st0015">Keywords</ce:section-title><ce:keyword id="kw0035"><ce:text id="tx0005">Bismuth oxide</ce:text></ce:keyword><ce:keyword id="kw0040"><ce:text id="tx0010">Fluorite structure</ce:text></ce:keyword><ce:keyword id="kw0045"><ce:text id="tx0015">Oxide ion conductor</ce:text></ce:keyword><ce:keyword id="kw0050"><ce:text id="tx0020">Neutron diffraction</ce:text></ce:keyword><ce:keyword id="kw0055"><ce:text id="tx0025">Maximum entropy method</ce:text></ce:keyword><ce:keyword id="kw0060"><ce:text id="tx0030">Diffusion path</ce:text></ce:keyword></ce:keywords></head><body view="all"><ce:sections><ce:section id="s0005" view="all"><ce:label>1</ce:label><ce:section-title id="st0020">Introduction</ce:section-title><ce:para id="p0010" view="all">The high ionic conductor δ-Bi<ce:inf loc="post">2</ce:inf>O<ce:inf loc="post">3</ce:inf> crystallises in a defect fluorite related structure, space group Fm-3m <ce:cross-ref refid="bb0005" id="cf0005">[1]</ce:cross-ref>. Its crystal structure is typically described with cations occupying the <ce:italic>4a</ce:italic> (0 0 0) position and oxygens in <ce:italic>8c</ce:italic> (¼ ¼ ¼) with some interstitial oxygens shifted towards (½, ½, ½) <ce:cross-ref refid="bb0010" id="cf0010">[2]</ce:cross-ref>, however slightly different systems to model the disordered distribution of the oxide ions have been proposed <ce:cross-refs refid="bb0015 bb0020" id="cf0015">[3,4]</ce:cross-refs>. Its high ionic conduction is linked to the presence of ~<ce:hsp sp="0.10"/>25% oxygen ion vacancies in the structure <ce:cross-refs refid="bb0005 bb0025" id="cf0020">[1,5]</ce:cross-refs>. The phase is stable only above 730<ce:hsp sp="0.25"/>°C, and attempts to stabilise the high oxide ion conductor δ-phase at lower temperature have been the subject of numerous studies <ce:cross-refs refid="bb0030 bb0035" id="cf0025">[6,7]</ce:cross-refs>. Amongst them, the stabilised δ-phase family of compounds with composition Bi<ce:inf loc="post">12.5</ce:inf>Ln<ce:inf loc="post">1.5</ce:inf>ReO<ce:inf loc="post">24.5</ce:inf> presents very high ionic conductivity at low temperature <ce:cross-ref refid="bb0040" id="cf0030">[8]</ce:cross-ref> and their detailed crystal structure characteristics appear to differ from those of Bi<ce:inf loc="post">2</ce:inf>O<ce:inf loc="post">3</ce:inf> doped with rare-earth only. In these materials, rhenium is apparently tetrahedrally coordinated at the local scale <ce:cross-ref refid="bb0045" id="cf0035">[9]</ce:cross-ref>, while in the related ordered phase both tetrahedral ReO<ce:inf loc="post">4</ce:inf><ce:sup loc="post">−</ce:sup> and octahedral ReO<ce:inf loc="post">6</ce:inf><ce:sup loc="post">5<ce:hsp sp="0.10"/>−</ce:sup> species are present <ce:cross-refs refid="bb0050 bb0055" id="cf0040">[10,11]</ce:cross-refs>. To date NPD data have been obtained only for T<ce:hsp sp="0.25"/>≤<ce:hsp sp="0.25"/>25<ce:hsp sp="0.25"/>°C, and indicate significant differences in the O positions compared with conventional lanthanide stabilised phases: the interstitial oxygen position is significantly displaced and is thought to be related to the enhanced conductivity <ce:cross-ref refid="bb0040" id="cf0045">[8]</ce:cross-ref>. In the present study we investigate the crystal structure of the Bi<ce:inf loc="post">12.5</ce:inf>Ln<ce:inf loc="post">1.5</ce:inf>ReO<ce:inf loc="post">24.5</ce:inf> (Ln<ce:hsp sp="0.25"/>=<ce:hsp sp="0.25"/>Lu, Er) system and the change in oxygen sublattice for 25<ce:hsp sp="0.25"/>°C<ce:hsp sp="0.25"/>≤<ce:hsp sp="0.25"/>T<ce:hsp sp="0.25"/>≤<ce:hsp sp="0.25"/>500<ce:hsp sp="0.25"/>°C in Bi<ce:inf loc="post">12.5</ce:inf>Er<ce:inf loc="post">1.5</ce:inf>ReO<ce:inf loc="post">24.5</ce:inf>.</ce:para></ce:section><ce:section id="s0010" view="all"><ce:label>2</ce:label><ce:section-title id="st0025">Experimental</ce:section-title><ce:para id="p0015" view="all">Polycrystalline samples of Bi<ce:inf loc="post">12.5</ce:inf>Lu<ce:inf loc="post">1.5</ce:inf>ReO<ce:inf loc="post">24.5</ce:inf> and Bi<ce:inf loc="post">12.5</ce:inf>Er<ce:inf loc="post">1.5</ce:inf>ReO<ce:inf loc="post">24.5</ce:inf> have been prepared by traditional solid state synthesis from stoichiometric quantities of Bi<ce:inf loc="post">2</ce:inf>O<ce:inf loc="post">3</ce:inf>, Lu<ce:inf loc="post">2</ce:inf>O<ce:inf loc="post">3</ce:inf>/Er<ce:inf loc="post">2</ce:inf>O<ce:inf loc="post">3</ce:inf>, and NH<ce:inf loc="post">4</ce:inf>ReO<ce:inf loc="post">4</ce:inf>. The powders were thoroughly mixed and ground, and subsequently heated in air at 800<ce:hsp sp="0.25"/>°C for 24 h with one intermediate grinding and allowed to cool slowly in the furnace.</ce:para><ce:para id="p0020" view="all">X-ray powder diffraction (XRD) data were obtained at room temperature on a Siemens D5000 diffractometer operating in transmission mode (Ge primary beam monochromator giving Cu-Kα1 radiation, wavelength 1.5406 Å). Neutron powder diffraction (NPD) data of the samples were collected on the D2B diffractometer (wavelength 1.5943 Å) at the Institut Laue Langevin, Grenoble, France. Approximately 8 g of each material was loaded in a cylindrical vanadium can of 8 mm diameter for data collection at temperatures of 25<ce:hsp sp="0.25"/>°C, 200<ce:hsp sp="0.25"/>°C, 300<ce:hsp sp="0.25"/>°C, 400<ce:hsp sp="0.25"/>°C, and 500<ce:hsp sp="0.25"/>°C.</ce:para><ce:para id="p0025" view="all">Rietveld refinements were carried out using GSAS <ce:cross-ref refid="bb0060" id="cf0050">[12]</ce:cross-ref> with EXPGUI graphical user interface <ce:cross-ref refid="bb0065" id="cf0055">[13]</ce:cross-ref>. The nuclear density distribution was obtained by the maximum entropy method (MEM)/MEM-based pattern fitting (MPF) method using the program PRIMA <ce:cross-ref refid="bb0070" id="cf0060">[14]</ce:cross-ref> with 128<ce:hsp sp="0.25"/>×<ce:hsp sp="0.25"/>128<ce:hsp sp="0.25"/>×<ce:hsp sp="0.25"/>128 pixels in conjunction with Rietan-FP software <ce:cross-ref refid="bb0075" id="cf0065">[15]</ce:cross-ref>. Crystal structures and nuclear density distribution representations were drawn with VESTA <ce:cross-ref refid="bb0080" id="cf0070">[16]</ce:cross-ref>.</ce:para><ce:para id="p0030" view="all">For electrical measurements, dense sintered pellet of approximately 8<ce:hsp sp="0.25"/>mm diameter and 2<ce:hsp sp="0.25"/>mm thickness were prepared and silver electrodes painted on both surfaces. Conductivity was measured over the temperature range 200–600<ce:hsp sp="0.25"/>°C by a.c. impedance spectroscopy with a Solartron SI 1260 impedance analyzer in the frequency range 1<ce:hsp sp="0.25"/>Hz to 10<ce:sup loc="post">6</ce:sup> Hz.</ce:para></ce:section><ce:section id="s0015" view="all"><ce:label>3</ce:label><ce:section-title id="st0030">Results and discussion</ce:section-title><ce:para id="p0035" view="all">XRD data confirmed the phase purity of the samples. As with other lanthanide doped bismuth rhenium oxides, they both adopt the cubic <ce:italic>Fm</ce:italic>-<ce:italic>3m</ce:italic> space group, lattice parameter <ce:italic>a</ce:italic><ce:hsp sp="0.25"/>=<ce:hsp sp="0.25"/>5.5592(1) Å and 5.5697(1) Å for Bi<ce:inf loc="post">12.5</ce:inf>Lu<ce:inf loc="post">1.5</ce:inf>ReO<ce:inf loc="post">24.5</ce:inf> and Bi<ce:inf loc="post">12.5</ce:inf>Er<ce:inf loc="post">1.5</ce:inf>ReO<ce:inf loc="post">24.5</ce:inf> respectively at 25<ce:hsp sp="0.25"/>°C.</ce:para><ce:para id="p0040" view="all">Conductivity measurement (<ce:cross-ref refid="f0005" id="cf0075">Fig. 1</ce:cross-ref><ce:float-anchor refid="f0005"/>) demonstrated the high conductivity of the materials with values close to the ones previously reported <ce:cross-ref refid="bb0040" id="cf0080">[8]</ce:cross-ref>. Both materials have conductivity higher than Bi<ce:inf loc="post">12.5</ce:inf>Y<ce:inf loc="post">1.5</ce:inf>ReO<ce:inf loc="post">24.5</ce:inf> but lower than Bi<ce:inf loc="post">12.5</ce:inf>Nd<ce:inf loc="post">1.5</ce:inf>ReO<ce:inf loc="post">24.5</ce:inf> and Bi<ce:inf loc="post">12.5</ce:inf>La<ce:inf loc="post">1.5</ce:inf>ReO<ce:inf loc="post">24.5</ce:inf>. This follows the general trend of stabilized lanthanide doped δ-Bi<ce:inf loc="post">2</ce:inf>O<ce:inf loc="post">3</ce:inf>, which generally present higher conductivity with increased dopant ionic radius.</ce:para><ce:para id="p0045" view="all">NPD data Rietveld refinements were performed using data from reference <ce:cross-ref refid="bb0040" id="cf0085">[8]</ce:cross-ref> based on δ-Bi<ce:inf loc="post">2</ce:inf>O<ce:inf loc="post">3</ce:inf> crystal structure as a starting model. Lattice parameter variation with temperature deviates from linearity (<ce:cross-ref refid="f0010" id="cf0090">Fig. 2</ce:cross-ref><ce:float-anchor refid="f0010"/>), which might indicate of a redistribution of oxide ions.</ce:para><ce:para id="p0050" view="all">In their study of pure and Y-doped δ-Bi<ce:inf loc="post">2</ce:inf>O<ce:inf loc="post">3</ce:inf>, Battle et al. <ce:cross-ref refid="bb0010" id="cf0095">[2]</ce:cross-ref> observed the presence of interstitial oxygens on <ce:italic>32f</ce:italic> (<ce:italic>xxx</ce:italic>) site in both cases, with another interstitial oxygen in <ce:italic>48i</ce:italic> (½ <ce:italic>x x</ce:italic>) and displacement of cations to the <ce:italic>24e</ce:italic> (<ce:italic>x 0 0</ce:italic>) <ce:italic>site</ce:italic> in the case of the Y-doped sample. Three oxygen positions (<ce:italic>8c</ce:italic>, <ce:italic>32f</ce:italic>, <ce:italic>48i</ce:italic>) were also reported with several lanthanide-doped Bi<ce:inf loc="post">2</ce:inf>O<ce:inf loc="post">3</ce:inf> by Boyapati et al. <ce:cross-ref refid="bb0085" id="cf0100">[17]</ce:cross-ref> and Y-doped Bi<ce:inf loc="post">2</ce:inf>O<ce:inf loc="post">3</ce:inf> by Abrahams et al. <ce:cross-ref refid="bb0090" id="cf0105">[18]</ce:cross-ref>; while in the Bi<ce:inf loc="post">3</ce:inf>Ta<ce:inf loc="post">1<ce:hsp sp="0.25"/>−<ce:hsp sp="0.25"/>x</ce:inf>Nb<ce:inf loc="post">x</ce:inf>O<ce:inf loc="post">7</ce:inf> system some oxygens are located in <ce:italic>24d</ce:italic> (0.5, 0.25, 0.25) rather than the <ce:italic>48i</ce:italic> site <ce:cross-ref refid="bb0095" id="cf0110">[19]</ce:cross-ref>.</ce:para><ce:para id="p0055" view="all">Our Rietveld refinements of Bi<ce:inf loc="post">12.5</ce:inf>Ln<ce:inf loc="post">1.5</ce:inf>ReO<ce:inf loc="post">24.5</ce:inf> (Ln<ce:hsp sp="0.25"/>=<ce:hsp sp="0.25"/>Lu, Er) indicate that the cations occupy the <ce:italic>4a</ce:italic> (<ce:italic>0 0 0</ce:italic>) site and that anion positions can be modelled by partial occupancy of <ce:italic>8c and 32f</ce:italic> sites (<ce:cross-ref refid="t0005" id="cf0115">Table 1</ce:cross-ref><ce:float-anchor refid="t0005"/>) while possible occupancy of the <ce:italic>48i</ce:italic> position is less clear (<ce:cross-ref refid="f0015" id="cf0165">Fig. 3</ce:cross-ref><ce:float-anchor refid="f0015"/>).</ce:para><ce:para id="p0060" view="all">Due to the complicated distribution of anions in these systems, we chose to represent it with nuclear densities obtained by the MEM/MPF methods instead of the classical split-atom system. The methods can provide precise nuclear/electron distribution, is less prone to termination ripples than Fourier methods, and can also give indications of conduction pathways <ce:cross-ref refid="bb0100" id="cf0120">[20]</ce:cross-ref>.</ce:para><ce:para id="p0065" view="all">After completion of the iterative MEM/MPF procedure, the reliability factors <ce:italic>R</ce:italic><ce:inf loc="post">B</ce:inf> (R-Bragg factor; also denoted by <ce:italic>R</ce:italic><ce:inf loc="post">I</ce:inf>) and <ce:italic>R</ce:italic><ce:inf loc="post">F</ce:inf> (R-structure factor) improved to final values of (%): <ce:italic>R</ce:italic><ce:inf loc="post">B</ce:inf><ce:hsp sp="0.25"/>=<ce:hsp sp="0.25"/>4.091, <ce:italic>R</ce:italic><ce:inf loc="post">F</ce:inf><ce:hsp sp="0.25"/>=<ce:hsp sp="0.25"/>1.461 (Bi<ce:inf loc="post">12.5</ce:inf>Lu<ce:inf loc="post">1.5</ce:inf>ReO<ce:inf loc="post">24.5</ce:inf>, 25<ce:hsp sp="0.25"/>°C); <ce:italic>R</ce:italic><ce:inf loc="post">B</ce:inf><ce:hsp sp="0.25"/>=<ce:hsp sp="0.25"/>2.844, <ce:italic>R</ce:italic><ce:inf loc="post">F</ce:inf><ce:hsp sp="0.25"/>=<ce:hsp sp="0.25"/>1.024 (Bi<ce:inf loc="post">12.5</ce:inf>Er<ce:inf loc="post">1.5</ce:inf>ReO<ce:inf loc="post">24.5</ce:inf>, 25<ce:hsp sp="0.25"/>°C); <ce:italic>R</ce:italic><ce:inf loc="post">B</ce:inf><ce:hsp sp="0.25"/>=<ce:hsp sp="0.25"/>3.095, <ce:italic>R</ce:italic><ce:inf loc="post">F</ce:inf><ce:hsp sp="0.25"/>=<ce:hsp sp="0.25"/>1.342 (200<ce:hsp sp="0.25"/>°C); <ce:italic>R</ce:italic><ce:inf loc="post">B</ce:inf><ce:hsp sp="0.25"/>=<ce:hsp sp="0.25"/>2.789, <ce:italic>R</ce:italic><ce:inf loc="post">F</ce:inf><ce:hsp sp="0.25"/>=<ce:hsp sp="0.25"/>1.373 (300°); <ce:italic>R</ce:italic><ce:inf loc="post">B</ce:inf><ce:hsp sp="0.25"/>=<ce:hsp sp="0.25"/>2.988, <ce:italic>R</ce:italic><ce:inf loc="post">F</ce:inf><ce:hsp sp="0.25"/>=<ce:hsp sp="0.25"/>1.404 (400<ce:hsp sp="0.25"/>°C); <ce:italic>R</ce:italic><ce:inf loc="post">B</ce:inf><ce:hsp sp="0.25"/>=<ce:hsp sp="0.25"/>2.487, <ce:italic>R</ce:italic><ce:inf loc="post">F</ce:inf><ce:hsp sp="0.25"/>=<ce:hsp sp="0.25"/>1.508 (500<ce:hsp sp="0.25"/>°C). MEM nuclear density distribution maps on the (110) plane of Bi<ce:inf loc="post">12.5</ce:inf>Lu<ce:inf loc="post">1.5</ce:inf>ReO<ce:inf loc="post">24.5</ce:inf> at 25<ce:hsp sp="0.25"/>°C and Bi<ce:inf loc="post">12.5</ce:inf>Er<ce:inf loc="post">1.5</ce:inf>ReO<ce:inf loc="post">24.5</ce:inf> at various temperatures are displayed in <ce:cross-ref refid="f0020" id="cf0125">Fig. 4</ce:cross-ref><ce:float-anchor refid="f0020"/>. Examination of nuclear density distribution suggests some cation disorder with slight displacements from their ideal <ce:italic>4a</ce:italic> position, but the most obvious feature concerns the disorder in oxide ions positions. As expected, the nuclear densities associated to oxide ions spread over a wide area, forming a continuous tetrahedral volume roughly covering the <ce:italic>8c</ce:italic> and <ce:italic>32f</ce:italic> positions, which is observed in other fluorite structured materials both experimentally <ce:cross-refs refid="bb0100 bb0105" id="cf0130">[20,21]</ce:cross-refs> and theoretically <ce:cross-ref refid="bb0110" id="cf0135">[22]</ce:cross-ref>. This is observed at all studied temperatures and the extent of this volume increases with temperature, which is consistent with higher atomic displacement parameters at higher temperatures. Some differences can however be observed at different temperatures (<ce:cross-refs refid="f0020 f0025" id="cf0140">Figs. 4 and 5</ce:cross-refs><ce:float-anchor refid="f0025"/>).</ce:para><ce:para id="p0070" view="all">At 200 – 300<ce:hsp sp="0.25"/>°C: nuclear densities are localised in the tetrahedral volume roughly covering the <ce:italic>8c</ce:italic> and <ce:italic>32f</ce:italic> positions with “bulges” of nuclear densities pointing toward the <ce:italic>48i</ce:italic> position, while at 400 and 500<ce:hsp sp="0.25"/>°C continuous nuclear densities forming a straight line along the &lt;100&gt; direction are found, indicative of oxide-ion diffusion pathway along that direction. In the literature, curved pathways along the &lt;100&gt; direction passing through the <ce:italic>48i</ce:italic> site are generally observed in fluorite materials <ce:cross-ref refid="bb0100" id="cf0145">[20]</ce:cross-ref>, the prevalence of curve pathway as opposed from straight pathway is explained by the repulsion between cation and anions, the curved pathway allowing the cation–anion to maintain a reasonable distance. However, a straight pathway is observed for Y<ce:inf loc="post">0.785</ce:inf>Ta<ce:inf loc="post">0.215</ce:inf>O<ce:inf loc="post">1.715</ce:inf> <ce:cross-ref refid="bb0115" id="cf0150">[23]</ce:cross-ref>, as is the case for the present material. This suggests that Ta and Re cations might play a similar role in these systems.</ce:para><ce:para id="p0075" view="all">The direct oxide-ion diffusion pathway along the &lt;100&gt; direction is visible at 400 and 500<ce:hsp sp="0.25"/>°C, with coherent scattering length of 0.21 f. Å<ce:sup loc="post">−<ce:hsp sp="0.10"/>3</ce:sup> at the <ce:italic>24d</ce:italic> (0.5, 0.25, 0.25) site (distances cation – <ce:italic>24d</ce:italic> site ~<ce:hsp sp="0.10"/>1.99Å). Some density “bulges” from the tetrahedral volume covering the <ce:italic>8c</ce:italic> and <ce:italic>32f</ce:italic> sites pointing toward the &lt;111&gt; direction, and at the <ce:italic>24e</ce:italic> (0.33 0 0) site, are also present. This suggests a possible supplementary curved conduction path along the &lt;110&gt; direction going through the <ce:italic>8c</ce:italic>/<ce:italic>32f</ce:italic> ‒ <ce:italic>24e</ce:italic> ‒ <ce:italic>8c</ce:italic>/<ce:italic>32f</ce:italic> sites around the cation (distances cation – <ce:italic>24e</ce:italic> site ~<ce:hsp sp="0.10"/>1.86Å). Reducing the coherent scattering length to 0.11 f. Å<ce:sup loc="post">−<ce:hsp sp="0.10"/>3</ce:sup> allows visualising the pathway (<ce:cross-ref refid="f0030" id="cf0155">Fig. 6</ce:cross-ref><ce:float-anchor refid="f0030"/>).</ce:para><ce:para id="p0080" view="all">It is interesting to note that the different nuclear densities associated to anion distribution at (i) 200–300<ce:hsp sp="0.25"/>°C and (ii) 400–500<ce:hsp sp="0.25"/>°C appear to reflect the non linear behaviour of atomic parameter variation with temperature. Non linear evolution of lattice parameter with temperature in Bi<ce:inf loc="post">3</ce:inf>Ta<ce:inf loc="post">0.50</ce:inf>Nb<ce:inf loc="post">0.50</ce:inf>O<ce:inf loc="post">7</ce:inf>, resulting in slightly higher than expected cell volume at higher temperature, has been explained by the increased occupancy at the <ce:italic>24d</ce:italic> position – which is interstitial to the cubic closed packed (ccp) fluorite lattice – at elevated temperatures <ce:cross-ref refid="bb0095" id="cf0160">[19]</ce:cross-ref>. Since in the present materials nuclear densities are observed at the <ce:italic>24d</ce:italic> site at 400 and 500<ce:hsp sp="0.25"/>°C only, this explanation can also be applied to the present case.</ce:para></ce:section><ce:section id="s0020" view="all"><ce:label>4</ce:label><ce:section-title id="st0035">Conclusions</ce:section-title><ce:para id="p0085" view="all">Both Bi<ce:inf loc="post">12.5</ce:inf>Lu<ce:inf loc="post">1.5</ce:inf>ReO<ce:inf loc="post">24.5</ce:inf> and Bi<ce:inf loc="post">12.5</ce:inf>Er<ce:inf loc="post">1.5</ce:inf>ReO<ce:inf loc="post">24.5</ce:inf> crystallise in the cubic δ-Bi<ce:inf loc="post">2</ce:inf>O<ce:inf loc="post">3</ce:inf> type system. New information on the evolution with temperature in the oxygen sublattices of the highly disordered Bi–Ln–Re–O system has been collected. At 500<ce:hsp sp="0.25"/>°C, an oxide ion diffusion pathway along &lt;100&gt; is clearly observed. Contrarily to most Bi<ce:inf loc="post">2</ce:inf>O<ce:inf loc="post">3</ce:inf>-fluorite related systems, the pathway in the &lt;100&gt; direction is not curved but straight. An additional pathway in the &lt;110&gt; direction passing through the <ce:italic>24e</ce:italic> (~<ce:hsp sp="0.10"/>0.33 0 0) site is also suggested. These features would explain the enhanced oxide ion conductivity observed in these materials.</ce:para></ce:section></ce:sections><ce:acknowledgment id="ac0005" view="all"><ce:section-title id="st0045">Acknowledgments</ce:section-title><ce:para id="p0090" view="all">We thank <ce:grant-sponsor id="gts0005" xlink:type="simple" xlink:role="http://www.elsevier.com/xml/linking-roles/grant-sponsor">EPSRC</ce:grant-sponsor> for financial support. We are grateful to Emmanuelle Suard at ILL for help with the collection of neutron diffraction data.</ce:para></ce:acknowledgment></body><tail view="all"><ce:bibliography id="bi0005" view="all"><ce:section-title id="st0040">References</ce:section-title><ce:bibliography-sec id="bs0005" view="all"><ce:bib-reference id="bb0005"><ce:label>[1]</ce:label><sb:reference id="rf0005"><sb:contribution langtype="en"><sb:authors><sb:author><ce:given-name>G.</ce:given-name><ce:surname>Gattow</ce:surname></sb:author><sb:author><ce:given-name>H.</ce:given-name><ce:surname>Schröder</ce:surname></sb:author></sb:authors></sb:contribution><sb:host><sb:issue><sb:series><sb:title><sb:maintitle>Z. Anorg. Allg. Chem.</sb:maintitle></sb:title><sb:volume-nr>318</sb:volume-nr></sb:series><sb:date>1962</sb:date></sb:issue><sb:pages><sb:first-page>176</sb:first-page></sb:pages></sb:host></sb:reference></ce:bib-reference><ce:bib-reference id="bb0010"><ce:label>[2]</ce:label><sb:reference id="rf0010"><sb:contribution langtype="en"><sb:authors><sb:author><ce:given-name>P.D.</ce:given-name><ce:surname>Battle</ce:surname></sb:author><sb:author><ce:given-name>C.R.A.</ce:given-name><ce:surname>Catlow</ce:surname></sb:author><sb:author><ce:given-name>J.</ce:given-name><ce:surname>Drennan</ce:surname></sb:author><sb:author><ce:given-name>A.D.</ce:given-name><ce:surname>Murray</ce:surname></sb:author></sb:authors></sb:contribution><sb:host><sb:issue><sb:series><sb:title><sb:maintitle>J. Phys. C</sb:maintitle></sb:title><sb:volume-nr>16</sb:volume-nr></sb:series><sb:date>1983</sb:date></sb:issue><sb:pages><sb:first-page>L561</sb:first-page></sb:pages></sb:host></sb:reference></ce:bib-reference><ce:bib-reference id="bb0015"><ce:label>[3]</ce:label><sb:reference id="rf0015"><sb:contribution langtype="en"><sb:authors><sb:author><ce:given-name>L.E.</ce:given-name><ce:surname>Depero</ce:surname></sb:author><sb:author><ce:given-name>L.</ce:given-name><ce:surname>Sangaletti</ce:surname></sb:author></sb:authors></sb:contribution><sb:host><sb:issue><sb:series><sb:title><sb:maintitle>J. Solid State Chem.</sb:maintitle></sb:title><sb:volume-nr>122</sb:volume-nr></sb:series><sb:date>1996</sb:date></sb:issue><sb:pages><sb:first-page>439</sb:first-page></sb:pages></sb:host></sb:reference></ce:bib-reference><ce:bib-reference id="bb0020"><ce:label>[4]</ce:label><sb:reference id="rf0020"><sb:contribution langtype="en"><sb:authors><sb:author><ce:given-name>M.</ce:given-name><ce:surname>Yashima</ce:surname></sb:author><sb:author><ce:given-name>D.</ce:given-name><ce:surname>Ishimura</ce:surname></sb:author></sb:authors></sb:contribution><sb:host><sb:issue><sb:series><sb:title><sb:maintitle>Chem. Phys. Lett.</sb:maintitle></sb:title><sb:volume-nr>378</sb:volume-nr></sb:series><sb:date>2003</sb:date></sb:issue><sb:pages><sb:first-page>395</sb:first-page></sb:pages></sb:host></sb:reference></ce:bib-reference><ce:bib-reference id="bb0025"><ce:label>[5]</ce:label><sb:reference id="rf0025"><sb:contribution langtype="en"><sb:authors><sb:author><ce:given-name>T.</ce:given-name><ce:surname>Takahashi</ce:surname></sb:author><sb:author><ce:given-name>H.</ce:given-name><ce:surname>Iwahara</ce:surname></sb:author></sb:authors></sb:contribution><sb:host><sb:issue><sb:series><sb:title><sb:maintitle>Mater. Res. Bull.</sb:maintitle></sb:title><sb:volume-nr>13</sb:volume-nr></sb:series><sb:date>1978</sb:date></sb:issue><sb:pages><sb:first-page>1447</sb:first-page></sb:pages></sb:host></sb:reference></ce:bib-reference><ce:bib-reference id="bb0030"><ce:label>[6]</ce:label><sb:reference id="rf0030"><sb:contribution langtype="en"><sb:authors><sb:author><ce:given-name>J.C.</ce:given-name><ce:surname>Boivin</ce:surname></sb:author><sb:author><ce:given-name>G.</ce:given-name><ce:surname>Mairesse</ce:surname></sb:author></sb:authors></sb:contribution><sb:host><sb:issue><sb:series><sb:title><sb:maintitle>Chem. Mater.</sb:maintitle></sb:title><sb:volume-nr>10</sb:volume-nr></sb:series><sb:date>1998</sb:date></sb:issue><sb:pages><sb:first-page>2870</sb:first-page></sb:pages></sb:host></sb:reference></ce:bib-reference><ce:bib-reference id="bb0035"><ce:label>[7]</ce:label><sb:reference id="rf0035"><sb:contribution langtype="en"><sb:authors><sb:author><ce:given-name>P.</ce:given-name><ce:surname>Shuk</ce:surname></sb:author><sb:author><ce:given-name>H.-D.</ce:given-name><ce:surname>Wiemhöfer</ce:surname></sb:author><sb:author><ce:given-name>U.</ce:given-name><ce:surname>Guth</ce:surname></sb:author><sb:author><ce:given-name>W.</ce:given-name><ce:surname>Göpel</ce:surname></sb:author><sb:author><ce:given-name>M.</ce:given-name><ce:surname>Greenblatt</ce:surname></sb:author></sb:authors></sb:contribution><sb:host><sb:issue><sb:series><sb:title><sb:maintitle>Solid State Ionics</sb:maintitle></sb:title><sb:volume-nr>89</sb:volume-nr></sb:series><sb:date>1996</sb:date></sb:issue><sb:pages><sb:first-page>179</sb:first-page></sb:pages></sb:host></sb:reference></ce:bib-reference><ce:bib-reference id="bb0040"><ce:label>[8]</ce:label><sb:reference id="rf0040"><sb:contribution langtype="en"><sb:authors><sb:author><ce:given-name>R.</ce:given-name><ce:surname>Punn</ce:surname></sb:author><sb:author><ce:given-name>A.M.</ce:given-name><ce:surname>Feteira</ce:surname></sb:author><sb:author><ce:given-name>D.C.</ce:given-name><ce:surname>Sinclair</ce:surname></sb:author><sb:author><ce:given-name>C.</ce:given-name><ce:surname>Greaves</ce:surname></sb:author></sb:authors></sb:contribution><sb:host><sb:issue><sb:series><sb:title><sb:maintitle>J. Am. Chem. Soc.</sb:maintitle></sb:title><sb:volume-nr>128</sb:volume-nr></sb:series><sb:date>2006</sb:date></sb:issue><sb:pages><sb:first-page>15386</sb:first-page></sb:pages></sb:host></sb:reference></ce:bib-reference><ce:bib-reference id="bb0045"><ce:label>[9]</ce:label><sb:reference id="rf0045"><sb:contribution langtype="en"><sb:authors><sb:author><ce:given-name>R.</ce:given-name><ce:surname>Punn</ce:surname></sb:author><sb:author><ce:given-name>I.</ce:given-name><ce:surname>Gameson</ce:surname></sb:author><sb:author><ce:given-name>F.</ce:given-name><ce:surname>Berry</ce:surname></sb:author><sb:author><ce:given-name>C.</ce:given-name><ce:surname>Greaves</ce:surname></sb:author></sb:authors></sb:contribution><sb:host><sb:issue><sb:series><sb:title><sb:maintitle>J. Phys. Chem Solids</sb:maintitle></sb:title><sb:volume-nr>69</sb:volume-nr></sb:series><sb:date>2008</sb:date></sb:issue><sb:pages><sb:first-page>2687</sb:first-page></sb:pages></sb:host></sb:reference></ce:bib-reference><ce:bib-reference id="bb0050"><ce:label>[10]</ce:label><sb:reference id="rf0050"><sb:contribution langtype="en"><sb:authors><sb:author><ce:given-name>T.E.</ce:given-name><ce:surname>Crumpton</ce:surname></sb:author><sb:author><ce:given-name>J.F.W.</ce:given-name><ce:surname>Mosselmans</ce:surname></sb:author><sb:author><ce:given-name>C.</ce:given-name><ce:surname>Greaves</ce:surname></sb:author></sb:authors></sb:contribution><sb:host><sb:issue><sb:series><sb:title><sb:maintitle>J. Mater. Chem.</sb:maintitle></sb:title><sb:volume-nr>15</sb:volume-nr></sb:series><sb:date>2005</sb:date></sb:issue><sb:pages><sb:first-page>164</sb:first-page></sb:pages></sb:host></sb:reference></ce:bib-reference><ce:bib-reference id="bb0055"><ce:label>[11]</ce:label><sb:reference id="rf0055"><sb:contribution langtype="en"><sb:authors><sb:author><ce:given-name>C.H.</ce:given-name><ce:surname>Hervoches</ce:surname></sb:author><sb:author><ce:given-name>C.</ce:given-name><ce:surname>Greaves</ce:surname></sb:author></sb:authors></sb:contribution><sb:host><sb:issue><sb:series><sb:title><sb:maintitle>J. Mater. Chem.</sb:maintitle></sb:title><sb:volume-nr>20</sb:volume-nr></sb:series><sb:date>2010</sb:date></sb:issue><sb:pages><sb:first-page>6759</sb:first-page></sb:pages></sb:host></sb:reference></ce:bib-reference><ce:bib-reference id="bb0060"><ce:label>[12]</ce:label><sb:reference id="rf0115"><sb:contribution langtype="en"><sb:authors><sb:author><ce:given-name>A.C.</ce:given-name><ce:surname>Larson</ce:surname></sb:author><sb:author><ce:given-name>R.B.</ce:given-name><ce:surname>Von Dreele</ce:surname></sb:author></sb:authors><sb:title><sb:maintitle>General Structure Analysis System (GSAS)</sb:maintitle></sb:title></sb:contribution><sb:host><sb:book><sb:title><sb:maintitle>Los Alamos National Laboratory Report LAUR</sb:maintitle></sb:title><sb:date>2004</sb:date></sb:book><sb:pages><sb:first-page>86</sb:first-page><sb:last-page>748</sb:last-page></sb:pages></sb:host></sb:reference></ce:bib-reference><ce:bib-reference id="bb0065"><ce:label>[13]</ce:label><sb:reference id="rf0065"><sb:contribution langtype="en"><sb:authors><sb:author><ce:given-name>B.H.</ce:given-name><ce:surname>Toby</ce:surname></sb:author></sb:authors></sb:contribution><sb:host><sb:issue><sb:series><sb:title><sb:maintitle>J. Appl. Crystallogr.</sb:maintitle></sb:title><sb:volume-nr>34</sb:volume-nr></sb:series><sb:date>2001</sb:date></sb:issue><sb:pages><sb:first-page>210</sb:first-page><sb:last-page>213</sb:last-page></sb:pages></sb:host></sb:reference></ce:bib-reference><ce:bib-reference id="bb0070"><ce:label>[14]</ce:label><sb:reference id="rf0070"><sb:contribution langtype="en"><sb:authors><sb:author><ce:given-name>F.</ce:given-name><ce:surname>Izumi</ce:surname></sb:author><sb:author><ce:given-name>R.A.</ce:given-name><ce:surname>Dilanian</ce:surname></sb:author></sb:authors></sb:contribution><sb:host><sb:edited-book><sb:title><sb:maintitle>Recent Research Developments in Physics, Vol. 3, Part II</sb:maintitle></sb:title><sb:date>2002</sb:date><sb:publisher><sb:name>Transworld Research Network</sb:name><sb:location>Trivandrum</sb:location></sb:publisher></sb:edited-book><sb:pages><sb:first-page>699</sb:first-page><sb:last-page>726</sb:last-page></sb:pages></sb:host></sb:reference></ce:bib-reference><ce:bib-reference id="bb0075"><ce:label>[15]</ce:label><sb:reference id="rf0075"><sb:contribution langtype="en"><sb:authors><sb:author><ce:given-name>F.</ce:given-name><ce:surname>Izumi</ce:surname></sb:author><sb:author><ce:given-name>K.</ce:given-name><ce:surname>Momma</ce:surname></sb:author></sb:authors></sb:contribution><sb:host><sb:issue><sb:series><sb:title><sb:maintitle>Solid State Phenom.</sb:maintitle></sb:title><sb:volume-nr>130</sb:volume-nr></sb:series><sb:date>2007</sb:date></sb:issue><sb:pages><sb:first-page>15</sb:first-page><sb:last-page>20</sb:last-page></sb:pages></sb:host></sb:reference></ce:bib-reference><ce:bib-reference id="bb0080"><ce:label>[16]</ce:label><sb:reference id="rf0080"><sb:contribution langtype="en"><sb:authors><sb:author><ce:given-name>K.</ce:given-name><ce:surname>Momma</ce:surname></sb:author><sb:author><ce:given-name>F.</ce:given-name><ce:surname>Izumi</ce:surname></sb:author></sb:authors></sb:contribution><sb:host><sb:issue><sb:series><sb:title><sb:maintitle>J. Appl. Crystallogr.</sb:maintitle></sb:title><sb:volume-nr>44</sb:volume-nr></sb:series><sb:date>2011</sb:date></sb:issue><sb:pages><sb:first-page>1272</sb:first-page><sb:last-page>1276</sb:last-page></sb:pages></sb:host></sb:reference></ce:bib-reference><ce:bib-reference id="bb0085"><ce:label>[17]</ce:label><sb:reference id="rf0085"><sb:contribution langtype="en"><sb:authors><sb:author><ce:given-name>S.</ce:given-name><ce:surname>Boyapati</ce:surname></sb:author><sb:author><ce:given-name>E.D.</ce:given-name><ce:surname>Wachsman</ce:surname></sb:author><sb:author><ce:given-name>B.C.</ce:given-name><ce:surname>Chakoumakos</ce:surname></sb:author></sb:authors></sb:contribution><sb:host><sb:issue><sb:series><sb:title><sb:maintitle>Solid State Ionics</sb:maintitle></sb:title><sb:volume-nr>138</sb:volume-nr></sb:series><sb:date>2001</sb:date></sb:issue><sb:pages><sb:first-page>293</sb:first-page></sb:pages></sb:host></sb:reference></ce:bib-reference><ce:bib-reference id="bb0090"><ce:label>[18]</ce:label><sb:reference id="rf0090"><sb:contribution langtype="en"><sb:authors><sb:author><ce:given-name>I.</ce:given-name><ce:surname>Abrahams</ce:surname></sb:author><sb:author><ce:given-name>X.</ce:given-name><ce:surname>Liu</ce:surname></sb:author><sb:author><ce:given-name>S.</ce:given-name><ce:surname>Hull</ce:surname></sb:author><sb:author><ce:given-name>S.T.</ce:given-name><ce:surname>Norberg</ce:surname></sb:author><sb:author><ce:given-name>F.</ce:given-name><ce:surname>Krok</ce:surname></sb:author><sb:author><ce:given-name>A.</ce:given-name><ce:surname>Kozanecka-Szmigiel</ce:surname></sb:author><sb:author><ce:given-name>M.S.</ce:given-name><ce:surname>Islam</ce:surname></sb:author><sb:author><ce:given-name>S.J.</ce:given-name><ce:surname>Stokes</ce:surname></sb:author></sb:authors></sb:contribution><sb:host><sb:issue><sb:series><sb:title><sb:maintitle>Chem. Mater.</sb:maintitle></sb:title><sb:volume-nr>22</sb:volume-nr></sb:series><sb:date>2010</sb:date></sb:issue><sb:pages><sb:first-page>4435</sb:first-page></sb:pages></sb:host></sb:reference></ce:bib-reference><ce:bib-reference id="bb0095"><ce:label>[19]</ce:label><sb:reference id="rf0095"><sb:contribution langtype="en"><sb:authors><sb:author><ce:given-name>M.</ce:given-name><ce:surname>Struzik</ce:surname></sb:author><sb:author><ce:given-name>X.</ce:given-name><ce:surname>Liu</ce:surname></sb:author><sb:author><ce:given-name>I.</ce:given-name><ce:surname>Abrahams</ce:surname></sb:author><sb:author><ce:given-name>F.</ce:given-name><ce:surname>Krok</ce:surname></sb:author><sb:author><ce:given-name>M.</ce:given-name><ce:surname>Malys</ce:surname></sb:author><sb:author><ce:given-name>J.R.</ce:given-name><ce:surname>Dygas</ce:surname></sb:author></sb:authors></sb:contribution><sb:host><sb:issue><sb:series><sb:title><sb:maintitle>Solid State Ionics</sb:maintitle></sb:title><sb:volume-nr>218</sb:volume-nr></sb:series><sb:date>2012</sb:date></sb:issue><sb:pages><sb:first-page>25</sb:first-page><sb:last-page>30</sb:last-page></sb:pages></sb:host></sb:reference></ce:bib-reference><ce:bib-reference id="bb0100"><ce:label>[20]</ce:label><sb:reference id="rf0100"><sb:contribution langtype="en"><sb:authors><sb:author><ce:given-name>M.</ce:given-name><ce:surname>Yashima</ce:surname></sb:author></sb:authors></sb:contribution><sb:host><sb:issue><sb:series><sb:title><sb:maintitle>Solid State Ionics</sb:maintitle></sb:title><sb:volume-nr>179</sb:volume-nr></sb:series><sb:date>2008</sb:date></sb:issue><sb:pages><sb:first-page>797</sb:first-page><sb:last-page>803</sb:last-page></sb:pages></sb:host></sb:reference></ce:bib-reference><ce:bib-reference id="bb0105"><ce:label>[21]</ce:label><sb:reference id="rf0120"><sb:contribution langtype="en"><sb:authors><sb:author><ce:given-name>S.</ce:given-name><ce:surname>Hull</ce:surname></sb:author><sb:author><ce:given-name>S.T.</ce:given-name><ce:surname>Norberg</ce:surname></sb:author><sb:author><ce:given-name>M.G.</ce:given-name><ce:surname>Tucker</ce:surname></sb:author><sb:author><ce:given-name>S.G.</ce:given-name><ce:surname>Eriksson</ce:surname></sb:author><sb:author><ce:given-name>C.E.</ce:given-name><ce:surname>Mohn</ce:surname></sb:author><sb:author><ce:given-name>S.</ce:given-name><ce:surname>Stølen</ce:surname></sb:author></sb:authors></sb:contribution><sb:host><sb:issue><sb:series><sb:title><sb:maintitle>Dalton Trans.</sb:maintitle></sb:title></sb:series><sb:date>2009</sb:date></sb:issue><sb:pages><sb:first-page>8737</sb:first-page><sb:last-page>8745</sb:last-page></sb:pages></sb:host></sb:reference></ce:bib-reference><ce:bib-reference id="bb0110"><ce:label>[22]</ce:label><sb:reference id="rf0105"><sb:contribution langtype="en"><sb:authors><sb:author><ce:given-name>C.E.</ce:given-name><ce:surname>Mohn</ce:surname></sb:author><sb:author><ce:given-name>S.</ce:given-name><ce:surname>Stølen</ce:surname></sb:author><sb:author><ce:given-name>S.T.</ce:given-name><ce:surname>Norberg</ce:surname></sb:author><sb:author><ce:given-name>S.</ce:given-name><ce:surname>Hull</ce:surname></sb:author></sb:authors></sb:contribution><sb:host><sb:issue><sb:series><sb:title><sb:maintitle>Phys. Rev. B</sb:maintitle></sb:title><sb:volume-nr>80</sb:volume-nr></sb:series><sb:date>2009</sb:date></sb:issue><sb:pages><sb:first-page>024205</sb:first-page></sb:pages></sb:host></sb:reference></ce:bib-reference><ce:bib-reference id="bb0115"><ce:label>[23]</ce:label><sb:reference id="rf0110"><sb:contribution langtype="en"><sb:authors><sb:author><ce:given-name>M.</ce:given-name><ce:surname>Yashima</ce:surname></sb:author><sb:author><ce:given-name>T.</ce:given-name><ce:surname>Tsuji</ce:surname></sb:author></sb:authors></sb:contribution><sb:host><sb:issue><sb:series><sb:title><sb:maintitle>Chem. Mater.</sb:maintitle></sb:title><sb:volume-nr>19</sb:volume-nr></sb:series><sb:date>2007</sb:date></sb:issue><sb:pages><sb:first-page>3539</sb:first-page><sb:last-page>3544</sb:last-page></sb:pages></sb:host></sb:reference></ce:bib-reference></ce:bibliography-sec></ce:bibliography></tail></article></xocs:serial-item></xocs:doc>