<full-text-retrieval-response xmlns="http://www.elsevier.com/xml/svapi/article/dtd" xmlns:xsi="http://www.w3.org/2001/XMLSchema-instance" xmlns:prism="http://prismstandard.org/namespaces/basic/2.0/" xmlns:dcterms="http://purl.org/dc/terms/" xmlns:dc="http://purl.org/dc/elements/1.1/" xmlns:xocs="http://www.elsevier.com/xml/xocs/dtd" xmlns:xlink="http://www.w3.org/1999/xlink" xmlns:tb="http://www.elsevier.com/xml/common/table/dtd" xmlns:sb="http://www.elsevier.com/xml/common/struct-bib/dtd" xmlns:sa="http://www.elsevier.com/xml/common/struct-aff/dtd" xmlns:mml="http://www.w3.org/1998/Math/MathML" xmlns:ja="http://www.elsevier.com/xml/ja/dtd" xmlns:ce="http://www.elsevier.com/xml/common/dtd" xmlns:cals="http://www.elsevier.com/xml/common/cals/dtd" xmlns:bk="http://www.elsevier.com/xml/bk/dtd"><coredata><prism:url>http://api.elsevier.com/content/article/pii/S0167931713002487</prism:url><dc:identifier>doi:10.1016/j.mee.2013.03.032</dc:identifier><eid>1-s2.0-S0167931713002487</eid><prism:doi>10.1016/j.mee.2013.03.032</prism:doi><pii>S0167-9317(13)00248-7</pii><dc:title>Low EOT GeO2/Al2O3/HfO2 on Ge substrate using ultrathin Al deposition </dc:title><prism:publicationName>Microelectronic Engineering</prism:publicationName><prism:aggregationType>Journal</prism:aggregationType><prism:issn>01679317</prism:issn><prism:volume>109</prism:volume><prism:startingPage>126</prism:startingPage><prism:endingPage>128</prism:endingPage><prism:pageRange>126-128</prism:pageRange><dc:format>text/xml</dc:format><prism:coverDate>2013-09-30</prism:coverDate><prism:coverDisplayDate>September 2013</prism:coverDisplayDate><prism:copyright>Copyright © 2013 Elsevier B.V.</prism:copyright><prism:publisher>Elsevier B.V.</prism:publisher><prism:issueName>Insulating Films on Semiconductors 2013</prism:issueName><dc:creator>Mather, S.</dc:creator><dc:creator>Sedghi, N.</dc:creator><dc:creator>Althobaiti, M.</dc:creator><dc:creator>Mitrovic, I.Z.</dc:creator><dc:creator>Dhanak, V.</dc:creator><dc:creator>Chalker, P.R.</dc:creator><dc:creator>Hall, S.</dc:creator><dc:description>AbstractHigh-κ dielectric gate stacks comprising HfO2 were fabricated on Ge with alumina as the barrier level. This was achieved by thermal annealing in an ultra high vacuum to remove the native oxide followed by deposition of aluminium by molecular beam epitaxy. After in situ oxidation at ambient temperature, HfO2 was deposited by atomic layer deposition. The devices underwent physical and electrical characterisation and show low EOT down to 1.3nm, low leakage current of less than 10−7Acm−2 at ±1V, and CV hysteresis of ∼10mV.</dc:description><openaccess>1</openaccess><openaccessArticle>true</openaccessArticle><openaccessType>Full</openaccessType><openArchiveArticle>false</openArchiveArticle><openaccessSponsorName>Engineering and Physical Sciences Research Council</openaccessSponsorName><openaccessSponsorType>FundingBody</openaccessSponsorType><openaccessUserLicense>http://creativecommons.org/licenses/by/3.0/</openaccessUserLicense><dcterms:subject>MOS device</dcterms:subject><dcterms:subject>Ge MOS</dcterms:subject><dcterms:subject>HfO2</dcterms:subject><dcterms:subject>ALD</dcterms:subject><link rel="self" href="http://api.elsevier.com/content/article/pii/S0167931713002487"/><link rel="scidir" href="http://www.sciencedirect.com/science/article/pii/S0167931713002487"/></coredata><objects><object ref="gr9" category="standard" type="IMAGE-DOWNSAMPLED" multimediatype="JPEG image file" mimetype="image/jpeg" width="339" height="253" size="16034">http://api.elsevier.com/content/object/eid/1-s2.0-S0167931713002487-gr9.jpg?httpAccept=%2A%2F%2A</object><object ref="gr8" category="standard" type="IMAGE-DOWNSAMPLED" multimediatype="JPEG image file" mimetype="image/jpeg" width="338" height="246" size="16390">http://api.elsevier.com/content/object/eid/1-s2.0-S0167931713002487-gr8.jpg?httpAccept=%2A%2F%2A</object><object ref="gr7" category="standard" type="IMAGE-DOWNSAMPLED" multimediatype="JPEG image file" mimetype="image/jpeg" width="339" height="273" size="19589">http://api.elsevier.com/content/object/eid/1-s2.0-S0167931713002487-gr7.jpg?httpAccept=%2A%2F%2A</object><object ref="gr6" category="standard" type="IMAGE-DOWNSAMPLED" multimediatype="JPEG image file" mimetype="image/jpeg" width="347" height="260" size="11157">http://api.elsevier.com/content/object/eid/1-s2.0-S0167931713002487-gr6.jpg?httpAccept=%2A%2F%2A</object><object ref="gr5" category="standard" type="IMAGE-DOWNSAMPLED" multimediatype="JPEG image file" mimetype="image/jpeg" width="335" height="255" size="25160">http://api.elsevier.com/content/object/eid/1-s2.0-S0167931713002487-gr5.jpg?httpAccept=%2A%2F%2A</object><object ref="gr4" category="standard" type="IMAGE-DOWNSAMPLED" multimediatype="JPEG image file" mimetype="image/jpeg" width="337" height="270" size="18315">http://api.elsevier.com/content/object/eid/1-s2.0-S0167931713002487-gr4.jpg?httpAccept=%2A%2F%2A</object><object ref="gr3" category="standard" type="IMAGE-DOWNSAMPLED" multimediatype="JPEG image file" mimetype="image/jpeg" width="315" height="247" size="24401">http://api.elsevier.com/content/object/eid/1-s2.0-S0167931713002487-gr3.jpg?httpAccept=%2A%2F%2A</object><object ref="gr2" category="standard" type="IMAGE-DOWNSAMPLED" multimediatype="JPEG image file" mimetype="image/jpeg" width="315" height="247" size="22459">http://api.elsevier.com/content/object/eid/1-s2.0-S0167931713002487-gr2.jpg?httpAccept=%2A%2F%2A</object><object ref="gr1" category="standard" type="IMAGE-DOWNSAMPLED" multimediatype="JPEG image file" mimetype="image/jpeg" width="311" height="311" size="36944">http://api.elsevier.com/content/object/eid/1-s2.0-S0167931713002487-gr1.jpg?httpAccept=%2A%2F%2A</object><object ref="fx1" category="standard" type="IMAGE-DOWNSAMPLED" multimediatype="JPEG image file" mimetype="image/jpeg" width="500" height="165" size="26034">http://api.elsevier.com/content/object/eid/1-s2.0-S0167931713002487-fx1.jpg?httpAccept=%2A%2F%2A</object><object ref="gr9" category="thumbnail" type="IMAGE-THUMBNAIL" multimediatype="GIF image file" mimetype="image/gif" width="219" height="163" size="4503">http://api.elsevier.com/content/object/eid/1-s2.0-S0167931713002487-gr9.sml?httpAccept=%2A%2F%2A</object><object ref="gr8" category="thumbnail" type="IMAGE-THUMBNAIL" multimediatype="GIF image file" mimetype="image/gif" width="219" height="160" size="4667">http://api.elsevier.com/content/object/eid/1-s2.0-S0167931713002487-gr8.sml?httpAccept=%2A%2F%2A</object><object ref="gr7" category="thumbnail" type="IMAGE-THUMBNAIL" multimediatype="GIF image file" mimetype="image/gif" width="203" height="164" size="4832">http://api.elsevier.com/content/object/eid/1-s2.0-S0167931713002487-gr7.sml?httpAccept=%2A%2F%2A</object><object ref="gr6" category="thumbnail" type="IMAGE-THUMBNAIL" multimediatype="GIF image file" mimetype="image/gif" width="219" height="164" size="3428">http://api.elsevier.com/content/object/eid/1-s2.0-S0167931713002487-gr6.sml?httpAccept=%2A%2F%2A</object><object ref="gr5" category="thumbnail" type="IMAGE-THUMBNAIL" multimediatype="GIF image file" mimetype="image/gif" width="215" height="164" size="7123">http://api.elsevier.com/content/object/eid/1-s2.0-S0167931713002487-gr5.sml?httpAccept=%2A%2F%2A</object><object ref="gr4" category="thumbnail" type="IMAGE-THUMBNAIL" multimediatype="GIF image file" mimetype="image/gif" width="204" height="164" size="2610">http://api.elsevier.com/content/object/eid/1-s2.0-S0167931713002487-gr4.sml?httpAccept=%2A%2F%2A</object><object ref="gr3" category="thumbnail" type="IMAGE-THUMBNAIL" multimediatype="GIF image file" mimetype="image/gif" width="209" height="164" size="7056">http://api.elsevier.com/content/object/eid/1-s2.0-S0167931713002487-gr3.sml?httpAccept=%2A%2F%2A</object><object ref="gr2" category="thumbnail" type="IMAGE-THUMBNAIL" multimediatype="GIF image file" mimetype="image/gif" width="209" height="164" size="6130">http://api.elsevier.com/content/object/eid/1-s2.0-S0167931713002487-gr2.sml?httpAccept=%2A%2F%2A</object><object ref="gr1" category="thumbnail" type="IMAGE-THUMBNAIL" multimediatype="GIF image file" mimetype="image/gif" width="164" height="164" size="7053">http://api.elsevier.com/content/object/eid/1-s2.0-S0167931713002487-gr1.sml?httpAccept=%2A%2F%2A</object><object ref="fx1" category="thumbnail" type="IMAGE-THUMBNAIL" multimediatype="GIF image file" mimetype="image/gif" width="219" height="72" size="3300">http://api.elsevier.com/content/object/eid/1-s2.0-S0167931713002487-fx1.sml?httpAccept=%2A%2F%2A</object></objects><scopus-id>84876738212</scopus-id><scopus-eid>2-s2.0-84876738212</scopus-eid><link rel="abstract" href="http://api.elsevier.com/content/abstract/scopus_id/84876738212"/><originalText><xocs:doc xmlns:xoe="http://www.elsevier.com/xml/xoe/dtd" xsi:schemaLocation="http://www.elsevier.com/xml/xocs/dtd http://be-prod3a/schema/dtds/document/fulltext/xcr/xocs-article.xsd"><xocs:meta><xocs:content-family>serial</xocs:content-family><xocs:content-type>JL</xocs:content-type><xocs:cid>271975</xocs:cid><xocs:ssids><xocs:ssid type="alllist">291210</xocs:ssid><xocs:ssid type="subj">291716</xocs:ssid><xocs:ssid type="subj">291718</xocs:ssid><xocs:ssid type="subj">291821</xocs:ssid><xocs:ssid type="subj">291892</xocs:ssid><xocs:ssid type="subj">291893</xocs:ssid><xocs:ssid type="content">31</xocs:ssid><xocs:ssid type="oa">90</xocs:ssid></xocs:ssids><xocs:srctitle>Microelectronic Engineering</xocs:srctitle><xocs:normalized-srctitle>MICROELECTRONICENGINEERING</xocs:normalized-srctitle><xocs:orig-load-date yyyymmdd="20130316">2013-03-16</xocs:orig-load-date><xocs:available-online-date yyyymmdd="20130316">2013-03-16</xocs:available-online-date><xocs:ew-transaction-id>2014-09-20T21:35:51</xocs:ew-transaction-id><xocs:eid>1-s2.0-S0167931713002487</xocs:eid><xocs:pii-formatted>S0167-9317(13)00248-7</xocs:pii-formatted><xocs:pii-unformatted>S0167931713002487</xocs:pii-unformatted><xocs:doi>10.1016/j.mee.2013.03.032</xocs:doi><xocs:item-stage>S300</xocs:item-stage><xocs:item-version-number>S300.2</xocs:item-version-number><xocs:item-weight>FULL-TEXT</xocs:item-weight><xocs:hub-eid>1-s2.0-S0167931713X00061</xocs:hub-eid><xocs:timestamp yyyymmdd="20150514">2015-05-14T05:12:31.22227-04:00</xocs:timestamp><xocs:dco>0</xocs:dco><xocs:tomb>0</xocs:tomb><xocs:date-search-begin>20130901</xocs:date-search-begin><xocs:date-search-end>20130930</xocs:date-search-end><xocs:year-nav>2013</xocs:year-nav><xocs:indexeddate epoch="1363392000">2013-03-16T00:00:00Z</xocs:indexeddate><xocs:articleinfo>absattachment articleinfo articletitlenorm authfirstinitialnorm authfirstsurnamenorm cid cids confeditor contenttype copyright crossmark dateloaded dateloadedtxt datesearch datesort dateupdated dco docsubtype doctype doi eid ewtransactionid fundingbodyid hubeid indexeddate issn issnnorm itemstage itemtransactionid itemweight oauserlicense openaccess openarchive pg pgfirst pglast pii piinorm pubdateend pubdatestart pubdatetxt pubyr sectiontitle sortorder sponsoredaccesstype srctitle srctitlenorm srctype ssids alllist content oa subj subheadings suppl tomb vol volfirst volissue volumelist webpdf webpdfpagecount yearnav figure body acknowledge affil articletitle auth authfirstini authfull authkeywords authlast highlightsabst primabst ref specialabst</xocs:articleinfo><xocs:issns><xocs:issn-primary-formatted>0167-9317</xocs:issn-primary-formatted><xocs:issn-primary-unformatted>01679317</xocs:issn-primary-unformatted></xocs:issns><xocs:sponsored-access-type>UNLIMITED</xocs:sponsored-access-type><xocs:funding-body-id>EPSRCPP</xocs:funding-body-id><xocs:crossmark is-crossmark="0">false</xocs:crossmark><xocs:vol-first>109</xocs:vol-first><xocs:volume-list><xocs:volume>109</xocs:volume></xocs:volume-list><xocs:suppl>C</xocs:suppl><xocs:vol-iss-suppl-text>Volume 109</xocs:vol-iss-suppl-text><xocs:sort-order>25</xocs:sort-order><xocs:first-fp>126</xocs:first-fp><xocs:last-lp>128</xocs:last-lp><xocs:pages><xocs:first-page>126</xocs:first-page><xocs:last-page>128</xocs:last-page></xocs:pages><xocs:cover-date-orig><xocs:start-date>201309</xocs:start-date></xocs:cover-date-orig><xocs:cover-date-text>September 2013</xocs:cover-date-text><xocs:cover-date-start>2013-09-01</xocs:cover-date-start><xocs:cover-date-end>2013-09-30</xocs:cover-date-end><xocs:cover-date-year>2013</xocs:cover-date-year><xocs:title-editors-groups><xocs:title-editors-group><ce:title id="tt005">Insulating Films on Semiconductors 2013</ce:title><ce:editors><ce:author-group id="aa0020"><ce:author id="aa005"><ce:degrees>Dr</ce:degrees><ce:given-name>Lidia</ce:given-name><ce:surname>Łukasiak</ce:surname></ce:author><ce:author id="aa0010"><ce:degrees>Dr</ce:degrees><ce:given-name>Bogdan</ce:given-name><ce:surname>Majkusiak</ce:surname></ce:author><ce:author id="aa0015"><ce:degrees>Dr</ce:degrees><ce:given-name>Pascal</ce:given-name><ce:surname>Normand</ce:surname></ce:author></ce:author-group></ce:editors></xocs:title-editors-group></xocs:title-editors-groups><xocs:hub-sec><xocs:hub-sec-title>Gate stack materials for high mobility substrates (Ge, SiGe, GaN, III-V)</xocs:hub-sec-title></xocs:hub-sec><xocs:document-type>article</xocs:document-type><xocs:document-subtype>fla</xocs:document-subtype><xocs:copyright-line>Copyright © 2013 Elsevier B.V.</xocs:copyright-line><xocs:normalized-article-title>LOWEOTGEO2AL2O3HFO2GESUBSTRATEUSINGULTRATHINALDEPOSITION</xocs:normalized-article-title><xocs:normalized-first-auth-surname>MATHER</xocs:normalized-first-auth-surname><xocs:normalized-first-auth-initial>S</xocs:normalized-first-auth-initial><xocs:item-toc><xocs:item-toc-entry ref-elem="ce:sections"><xocs:item-toc-label>1</xocs:item-toc-label><xocs:item-toc-section-title>Introduction</xocs:item-toc-section-title></xocs:item-toc-entry><xocs:item-toc-entry ref-elem="ce:sections"><xocs:item-toc-label>2</xocs:item-toc-label><xocs:item-toc-section-title>Sample preparation</xocs:item-toc-section-title></xocs:item-toc-entry><xocs:item-toc-entry ref-elem="ce:sections"><xocs:item-toc-label>3</xocs:item-toc-label><xocs:item-toc-section-title>Results and discussion</xocs:item-toc-section-title></xocs:item-toc-entry><xocs:item-toc-entry ref-elem="ce:sections"><xocs:item-toc-label>4</xocs:item-toc-label><xocs:item-toc-section-title>Conclusions</xocs:item-toc-section-title></xocs:item-toc-entry><xocs:item-toc-entry ref-elem="ce:acknowledgment"><xocs:item-toc-section-title>Acknowledgement</xocs:item-toc-section-title></xocs:item-toc-entry><xocs:item-toc-entry ref-elem="ce:bibliography"><xocs:item-toc-section-title>References</xocs:item-toc-section-title></xocs:item-toc-entry></xocs:item-toc><xocs:references><xocs:ref-info refid="h0005"><xocs:ref-normalized-surname>DIMOULAS</xocs:ref-normalized-surname><xocs:ref-pub-year>2007</xocs:ref-pub-year><xocs:ref-first-fp>6337</xocs:ref-first-fp><xocs:ref-last-lp>6343</xocs:ref-last-lp><xocs:ref-normalized-initial>A</xocs:ref-normalized-initial></xocs:ref-info><xocs:ref-info refid="h0010"><xocs:ref-normalized-surname>WANG</xocs:ref-normalized-surname><xocs:ref-pub-year>2010</xocs:ref-pub-year><xocs:ref-first-fp>054104</xocs:ref-first-fp><xocs:ref-normalized-initial>S</xocs:ref-normalized-initial></xocs:ref-info><xocs:ref-info refid="h0015"><xocs:ref-normalized-surname>ZHANG</xocs:ref-normalized-surname><xocs:ref-pub-year>2011</xocs:ref-pub-year><xocs:ref-first-fp>112902</xocs:ref-first-fp><xocs:ref-normalized-initial>R</xocs:ref-normalized-initial></xocs:ref-info><xocs:ref-info refid="h0020"><xocs:ref-normalized-surname>LI</xocs:ref-normalized-surname><xocs:ref-pub-year>2012</xocs:ref-pub-year><xocs:ref-first-fp>052903</xocs:ref-first-fp><xocs:ref-normalized-initial>H</xocs:ref-normalized-initial></xocs:ref-info><xocs:ref-info refid="h0025"><xocs:ref-normalized-surname>HIDESHIMA</xocs:ref-normalized-surname><xocs:ref-pub-year>2012</xocs:ref-pub-year><xocs:ref-first-fp>S75</xocs:ref-first-fp><xocs:ref-last-lp>S78</xocs:ref-last-lp><xocs:ref-normalized-initial>I</xocs:ref-normalized-initial></xocs:ref-info></xocs:references><xocs:refkeys><xocs:refkey3>MATHERX2013X126</xocs:refkey3><xocs:refkey4lp>MATHERX2013X126X128</xocs:refkey4lp><xocs:refkey4ai>MATHERX2013X126XS</xocs:refkey4ai><xocs:refkey5>MATHERX2013X126X128XS</xocs:refkey5></xocs:refkeys><xocs:open-access><xocs:oa-article-status is-open-access="1" is-open-archive="0">Full</xocs:oa-article-status><xocs:oa-access-effective-date>2013-07-16T20:15:34Z</xocs:oa-access-effective-date><xocs:oa-sponsor><xocs:oa-sponsor-type>FundingBody</xocs:oa-sponsor-type><xocs:oa-sponsor-name>Engineering and Physical Sciences Research Council</xocs:oa-sponsor-name></xocs:oa-sponsor><xocs:oa-user-license>http://creativecommons.org/licenses/by/3.0/</xocs:oa-user-license></xocs:open-access><xocs:attachment-metadata-doc><xocs:attachment-set-type>item</xocs:attachment-set-type><xocs:pii-formatted>S0167-9317(13)00248-7</xocs:pii-formatted><xocs:pii-unformatted>S0167931713002487</xocs:pii-unformatted><xocs:eid>1-s2.0-S0167931713002487</xocs:eid><xocs:doi>10.1016/j.mee.2013.03.032</xocs:doi><xocs:cid>271975</xocs:cid><xocs:timestamp>2014-09-21T14:59:56.99139-04:00</xocs:timestamp><xocs:cover-date-start>2013-09-01</xocs:cover-date-start><xocs:cover-date-end>2013-09-30</xocs:cover-date-end><xocs:sponsored-access-type>UNLIMITED</xocs:sponsored-access-type><xocs:funding-body-id>EPSRCPP</xocs:funding-body-id><xocs:attachments><xocs:web-pdf><xocs:attachment-eid>1-s2.0-S0167931713002487-main.pdf</xocs:attachment-eid><xocs:ucs-locator>https://s3.amazonaws.com/prod-ucs-content-store-us-east/content/pii:S0167931713002487/MAIN/application/pdf/bf819fb7f961271e7eef0ce078bd3bc6/main.pdf</xocs:ucs-locator><xocs:ucs-locator>https://s3-eu-west-1.amazonaws.com/prod-ucs-content-store-eu-west/content/pii:S0167931713002487/MAIN/application/pdf/bf819fb7f961271e7eef0ce078bd3bc6/main.pdf</xocs:ucs-locator><xocs:filename>main.pdf</xocs:filename><xocs:extension>pdf</xocs:extension><xocs:pdf-optimized>true</xocs:pdf-optimized><xocs:filesize>720443</xocs:filesize><xocs:web-pdf-purpose>MAIN</xocs:web-pdf-purpose><xocs:web-pdf-page-count>3</xocs:web-pdf-page-count><xocs:web-pdf-images><xocs:web-pdf-image><xocs:attachment-eid>1-s2.0-S0167931713002487-main_1.png</xocs:attachment-eid><xocs:ucs-locator>https://s3-eu-west-1.amazonaws.com/prod-ucs-content-store-eu-west/content/pii:S0167931713002487/PREVIEW/image/png/ee18f826773a28efd3f4415937ad0702/main_1.png</xocs:ucs-locator><xocs:ucs-locator>https://s3.amazonaws.com/prod-ucs-content-store-us-east/content/pii:S0167931713002487/PREVIEW/image/png/ee18f826773a28efd3f4415937ad0702/main_1.png</xocs:ucs-locator><xocs:filename>main_1.png</xocs:filename><xocs:extension>png</xocs:extension><xocs:filesize>58301</xocs:filesize><xocs:pixel-height>849</xocs:pixel-height><xocs:pixel-width>656</xocs:pixel-width><xocs:attachment-type>IMAGE-WEB-PDF</xocs:attachment-type><xocs:pdf-page-num>1</xocs:pdf-page-num></xocs:web-pdf-image></xocs:web-pdf-images></xocs:web-pdf><xocs:attachment><xocs:attachment-eid>1-s2.0-S0167931713002487-gr9.jpg</xocs:attachment-eid><xocs:ucs-locator>https://s3.amazonaws.com/prod-ucs-content-store-us-east/content/pii:S0167931713002487/gr9/DOWNSAMPLED/image/jpeg/6a4f5424b7a1e2cfffe220db21f0f106/gr9.jpg</xocs:ucs-locator><xocs:ucs-locator>https://s3-eu-west-1.amazonaws.com/prod-ucs-content-store-eu-west/content/pii:S0167931713002487/gr9/DOWNSAMPLED/image/jpeg/6a4f5424b7a1e2cfffe220db21f0f106/gr9.jpg</xocs:ucs-locator><xocs:file-basename>gr9</xocs:file-basename><xocs:filename>gr9.jpg</xocs:filename><xocs:extension>jpg</xocs:extension><xocs:filesize>16034</xocs:filesize><xocs:pixel-height>253</xocs:pixel-height><xocs:pixel-width>339</xocs:pixel-width><xocs:attachment-type>IMAGE-DOWNSAMPLED</xocs:attachment-type></xocs:attachment><xocs:attachment><xocs:attachment-eid>1-s2.0-S0167931713002487-gr8.jpg</xocs:attachment-eid><xocs:ucs-locator>https://s3.amazonaws.com/prod-ucs-content-store-us-east/content/pii:S0167931713002487/gr8/DOWNSAMPLED/image/jpeg/fdfa271cc545036ee3dd8b8bb644ff5f/gr8.jpg</xocs:ucs-locator><xocs:ucs-locator>https://s3-eu-west-1.amazonaws.com/prod-ucs-content-store-eu-west/content/pii:S0167931713002487/gr8/DOWNSAMPLED/image/jpeg/fdfa271cc545036ee3dd8b8bb644ff5f/gr8.jpg</xocs:ucs-locator><xocs:file-basename>gr8</xocs:file-basename><xocs:filename>gr8.jpg</xocs:filename><xocs:extension>jpg</xocs:extension><xocs:filesize>16390</xocs:filesize><xocs:pixel-height>246</xocs:pixel-height><xocs:pixel-width>338</xocs:pixel-width><xocs:attachment-type>IMAGE-DOWNSAMPLED</xocs:attachment-type></xocs:attachment><xocs:attachment><xocs:attachment-eid>1-s2.0-S0167931713002487-gr7.jpg</xocs:attachment-eid><xocs:ucs-locator>https://s3.amazonaws.com/prod-ucs-content-store-us-east/content/pii:S0167931713002487/gr7/DOWNSAMPLED/image/jpeg/7ba48e70ca8e6a34ef63160e5113f848/gr7.jpg</xocs:ucs-locator><xocs:ucs-locator>https://s3-eu-west-1.amazonaws.com/prod-ucs-content-store-eu-west/content/pii:S0167931713002487/gr7/DOWNSAMPLED/image/jpeg/7ba48e70ca8e6a34ef63160e5113f848/gr7.jpg</xocs:ucs-locator><xocs:file-basename>gr7</xocs:file-basename><xocs:filename>gr7.jpg</xocs:filename><xocs:extension>jpg</xocs:extension><xocs:filesize>19589</xocs:filesize><xocs:pixel-height>273</xocs:pixel-height><xocs:pixel-width>339</xocs:pixel-width><xocs:attachment-type>IMAGE-DOWNSAMPLED</xocs:attachment-type></xocs:attachment><xocs:attachment><xocs:attachment-eid>1-s2.0-S0167931713002487-gr6.jpg</xocs:attachment-eid><xocs:ucs-locator>https://s3.amazonaws.com/prod-ucs-content-store-us-east/content/pii:S0167931713002487/gr6/DOWNSAMPLED/image/jpeg/3639836acb42aa031504c8beb1788c8a/gr6.jpg</xocs:ucs-locator><xocs:ucs-locator>https://s3-eu-west-1.amazonaws.com/prod-ucs-content-store-eu-west/content/pii:S0167931713002487/gr6/DOWNSAMPLED/image/jpeg/3639836acb42aa031504c8beb1788c8a/gr6.jpg</xocs:ucs-locator><xocs:file-basename>gr6</xocs:file-basename><xocs:filename>gr6.jpg</xocs:filename><xocs:extension>jpg</xocs:extension><xocs:filesize>11157</xocs:filesize><xocs:pixel-height>260</xocs:pixel-height><xocs:pixel-width>347</xocs:pixel-width><xocs:attachment-type>IMAGE-DOWNSAMPLED</xocs:attachment-type></xocs:attachment><xocs:attachment><xocs:attachment-eid>1-s2.0-S0167931713002487-gr5.jpg</xocs:attachment-eid><xocs:ucs-locator>https://s3.amazonaws.com/prod-ucs-content-store-us-east/content/pii:S0167931713002487/gr5/DOWNSAMPLED/image/jpeg/de298f4d34630e23a062afae96c73336/gr5.jpg</xocs:ucs-locator><xocs:ucs-locator>https://s3-eu-west-1.amazonaws.com/prod-ucs-content-store-eu-west/content/pii:S0167931713002487/gr5/DOWNSAMPLED/image/jpeg/de298f4d34630e23a062afae96c73336/gr5.jpg</xocs:ucs-locator><xocs:file-basename>gr5</xocs:file-basename><xocs:filename>gr5.jpg</xocs:filename><xocs:extension>jpg</xocs:extension><xocs:filesize>25160</xocs:filesize><xocs:pixel-height>255</xocs:pixel-height><xocs:pixel-width>335</xocs:pixel-width><xocs:attachment-type>IMAGE-DOWNSAMPLED</xocs:attachment-type></xocs:attachment><xocs:attachment><xocs:attachment-eid>1-s2.0-S0167931713002487-gr4.jpg</xocs:attachment-eid><xocs:ucs-locator>https://s3.amazonaws.com/prod-ucs-content-store-us-east/content/pii:S0167931713002487/gr4/DOWNSAMPLED/image/jpeg/9e2117ac9a8f326119b07d40f10bca66/gr4.jpg</xocs:ucs-locator><xocs:ucs-locator>https://s3-eu-west-1.amazonaws.com/prod-ucs-content-store-eu-west/content/pii:S0167931713002487/gr4/DOWNSAMPLED/image/jpeg/9e2117ac9a8f326119b07d40f10bca66/gr4.jpg</xocs:ucs-locator><xocs:file-basename>gr4</xocs:file-basename><xocs:filename>gr4.jpg</xocs:filename><xocs:extension>jpg</xocs:extension><xocs:filesize>18315</xocs:filesize><xocs:pixel-height>270</xocs:pixel-height><xocs:pixel-width>337</xocs:pixel-width><xocs:attachment-type>IMAGE-DOWNSAMPLED</xocs:attachment-type></xocs:attachment><xocs:attachment><xocs:attachment-eid>1-s2.0-S0167931713002487-gr3.jpg</xocs:attachment-eid><xocs:ucs-locator>https://s3.amazonaws.com/prod-ucs-content-store-us-east/content/pii:S0167931713002487/gr3/DOWNSAMPLED/image/jpeg/18521589782cef17174e5829bbf8c48e/gr3.jpg</xocs:ucs-locator><xocs:ucs-locator>https://s3-eu-west-1.amazonaws.com/prod-ucs-content-store-eu-west/content/pii:S0167931713002487/gr3/DOWNSAMPLED/image/jpeg/18521589782cef17174e5829bbf8c48e/gr3.jpg</xocs:ucs-locator><xocs:file-basename>gr3</xocs:file-basename><xocs:filename>gr3.jpg</xocs:filename><xocs:extension>jpg</xocs:extension><xocs:filesize>24401</xocs:filesize><xocs:pixel-height>247</xocs:pixel-height><xocs:pixel-width>315</xocs:pixel-width><xocs:attachment-type>IMAGE-DOWNSAMPLED</xocs:attachment-type></xocs:attachment><xocs:attachment><xocs:attachment-eid>1-s2.0-S0167931713002487-gr2.jpg</xocs:attachment-eid><xocs:ucs-locator>https://s3.amazonaws.com/prod-ucs-content-store-us-east/content/pii:S0167931713002487/gr2/DOWNSAMPLED/image/jpeg/d488caba7af545a75a1b4da73cdc3ba8/gr2.jpg</xocs:ucs-locator><xocs:ucs-locator>https://s3-eu-west-1.amazonaws.com/prod-ucs-content-store-eu-west/content/pii:S0167931713002487/gr2/DOWNSAMPLED/image/jpeg/d488caba7af545a75a1b4da73cdc3ba8/gr2.jpg</xocs:ucs-locator><xocs:file-basename>gr2</xocs:file-basename><xocs:filename>gr2.jpg</xocs:filename><xocs:extension>jpg</xocs:extension><xocs:filesize>22459</xocs:filesize><xocs:pixel-height>247</xocs:pixel-height><xocs:pixel-width>315</xocs:pixel-width><xocs:attachment-type>IMAGE-DOWNSAMPLED</xocs:attachment-type></xocs:attachment><xocs:attachment><xocs:attachment-eid>1-s2.0-S0167931713002487-gr1.jpg</xocs:attachment-eid><xocs:ucs-locator>https://s3.amazonaws.com/prod-ucs-content-store-us-east/content/pii:S0167931713002487/gr1/DOWNSAMPLED/image/jpeg/5e1d56fb62c70cbf4a3751b4970ae5f5/gr1.jpg</xocs:ucs-locator><xocs:ucs-locator>https://s3-eu-west-1.amazonaws.com/prod-ucs-content-store-eu-west/content/pii:S0167931713002487/gr1/DOWNSAMPLED/image/jpeg/5e1d56fb62c70cbf4a3751b4970ae5f5/gr1.jpg</xocs:ucs-locator><xocs:file-basename>gr1</xocs:file-basename><xocs:filename>gr1.jpg</xocs:filename><xocs:extension>jpg</xocs:extension><xocs:filesize>36944</xocs:filesize><xocs:pixel-height>311</xocs:pixel-height><xocs:pixel-width>311</xocs:pixel-width><xocs:attachment-type>IMAGE-DOWNSAMPLED</xocs:attachment-type></xocs:attachment><xocs:attachment><xocs:attachment-eid>1-s2.0-S0167931713002487-fx1.jpg</xocs:attachment-eid><xocs:ucs-locator>https://s3.amazonaws.com/prod-ucs-content-store-us-east/content/pii:S0167931713002487/fx1/DOWNSAMPLED/image/jpeg/c9fe68950c82122841d80daf055a0596/fx1.jpg</xocs:ucs-locator><xocs:ucs-locator>https://s3-eu-west-1.amazonaws.com/prod-ucs-content-store-eu-west/content/pii:S0167931713002487/fx1/DOWNSAMPLED/image/jpeg/c9fe68950c82122841d80daf055a0596/fx1.jpg</xocs:ucs-locator><xocs:file-basename>fx1</xocs:file-basename><xocs:abstract-attachment>true</xocs:abstract-attachment><xocs:filename>fx1.jpg</xocs:filename><xocs:extension>jpg</xocs:extension><xocs:filesize>26034</xocs:filesize><xocs:pixel-height>165</xocs:pixel-height><xocs:pixel-width>500</xocs:pixel-width><xocs:attachment-type>IMAGE-DOWNSAMPLED</xocs:attachment-type></xocs:attachment><xocs:attachment><xocs:attachment-eid>1-s2.0-S0167931713002487-gr9.sml</xocs:attachment-eid><xocs:ucs-locator>https://s3.amazonaws.com/prod-ucs-content-store-us-east/content/pii:S0167931713002487/gr9/THUMBNAIL/image/gif/4ef66f8d6488743b98520d84f4a02c5a/gr9.sml</xocs:ucs-locator><xocs:ucs-locator>https://s3-eu-west-1.amazonaws.com/prod-ucs-content-store-eu-west/content/pii:S0167931713002487/gr9/THUMBNAIL/image/gif/4ef66f8d6488743b98520d84f4a02c5a/gr9.sml</xocs:ucs-locator><xocs:file-basename>gr9</xocs:file-basename><xocs:filename>gr9.sml</xocs:filename><xocs:extension>sml</xocs:extension><xocs:filesize>4503</xocs:filesize><xocs:pixel-height>163</xocs:pixel-height><xocs:pixel-width>219</xocs:pixel-width><xocs:attachment-type>IMAGE-THUMBNAIL</xocs:attachment-type></xocs:attachment><xocs:attachment><xocs:attachment-eid>1-s2.0-S0167931713002487-gr8.sml</xocs:attachment-eid><xocs:ucs-locator>https://s3.amazonaws.com/prod-ucs-content-store-us-east/content/pii:S0167931713002487/gr8/THUMBNAIL/image/gif/278ac14e052fbffde9addf91a62e314c/gr8.sml</xocs:ucs-locator><xocs:ucs-locator>https://s3-eu-west-1.amazonaws.com/prod-ucs-content-store-eu-west/content/pii:S0167931713002487/gr8/THUMBNAIL/image/gif/278ac14e052fbffde9addf91a62e314c/gr8.sml</xocs:ucs-locator><xocs:file-basename>gr8</xocs:file-basename><xocs:filename>gr8.sml</xocs:filename><xocs:extension>sml</xocs:extension><xocs:filesize>4667</xocs:filesize><xocs:pixel-height>160</xocs:pixel-height><xocs:pixel-width>219</xocs:pixel-width><xocs:attachment-type>IMAGE-THUMBNAIL</xocs:attachment-type></xocs:attachment><xocs:attachment><xocs:attachment-eid>1-s2.0-S0167931713002487-gr7.sml</xocs:attachment-eid><xocs:ucs-locator>https://s3.amazonaws.com/prod-ucs-content-store-us-east/content/pii:S0167931713002487/gr7/THUMBNAIL/image/gif/18d7accafd56885ef86a0b8ec68e138a/gr7.sml</xocs:ucs-locator><xocs:ucs-locator>https://s3-eu-west-1.amazonaws.com/prod-ucs-content-store-eu-west/content/pii:S0167931713002487/gr7/THUMBNAIL/image/gif/18d7accafd56885ef86a0b8ec68e138a/gr7.sml</xocs:ucs-locator><xocs:file-basename>gr7</xocs:file-basename><xocs:filename>gr7.sml</xocs:filename><xocs:extension>sml</xocs:extension><xocs:filesize>4832</xocs:filesize><xocs:pixel-height>164</xocs:pixel-height><xocs:pixel-width>203</xocs:pixel-width><xocs:attachment-type>IMAGE-THUMBNAIL</xocs:attachment-type></xocs:attachment><xocs:attachment><xocs:attachment-eid>1-s2.0-S0167931713002487-gr6.sml</xocs:attachment-eid><xocs:ucs-locator>https://s3.amazonaws.com/prod-ucs-content-store-us-east/content/pii:S0167931713002487/gr6/THUMBNAIL/image/gif/d8a3f086b421a651d7204c5378a8a6d3/gr6.sml</xocs:ucs-locator><xocs:ucs-locator>https://s3-eu-west-1.amazonaws.com/prod-ucs-content-store-eu-west/content/pii:S0167931713002487/gr6/THUMBNAIL/image/gif/d8a3f086b421a651d7204c5378a8a6d3/gr6.sml</xocs:ucs-locator><xocs:file-basename>gr6</xocs:file-basename><xocs:filename>gr6.sml</xocs:filename><xocs:extension>sml</xocs:extension><xocs:filesize>3428</xocs:filesize><xocs:pixel-height>164</xocs:pixel-height><xocs:pixel-width>219</xocs:pixel-width><xocs:attachment-type>IMAGE-THUMBNAIL</xocs:attachment-type></xocs:attachment><xocs:attachment><xocs:attachment-eid>1-s2.0-S0167931713002487-gr5.sml</xocs:attachment-eid><xocs:ucs-locator>https://s3.amazonaws.com/prod-ucs-content-store-us-east/content/pii:S0167931713002487/gr5/THUMBNAIL/image/gif/48f27becfd221b46b1df143ede7bc199/gr5.sml</xocs:ucs-locator><xocs:ucs-locator>https://s3-eu-west-1.amazonaws.com/prod-ucs-content-store-eu-west/content/pii:S0167931713002487/gr5/THUMBNAIL/image/gif/48f27becfd221b46b1df143ede7bc199/gr5.sml</xocs:ucs-locator><xocs:file-basename>gr5</xocs:file-basename><xocs:filename>gr5.sml</xocs:filename><xocs:extension>sml</xocs:extension><xocs:filesize>7123</xocs:filesize><xocs:pixel-height>164</xocs:pixel-height><xocs:pixel-width>215</xocs:pixel-width><xocs:attachment-type>IMAGE-THUMBNAIL</xocs:attachment-type></xocs:attachment><xocs:attachment><xocs:attachment-eid>1-s2.0-S0167931713002487-gr4.sml</xocs:attachment-eid><xocs:ucs-locator>https://s3.amazonaws.com/prod-ucs-content-store-us-east/content/pii:S0167931713002487/gr4/THUMBNAIL/image/gif/e2991576ad60123f11eaaefb81f4a148/gr4.sml</xocs:ucs-locator><xocs:ucs-locator>https://s3-eu-west-1.amazonaws.com/prod-ucs-content-store-eu-west/content/pii:S0167931713002487/gr4/THUMBNAIL/image/gif/e2991576ad60123f11eaaefb81f4a148/gr4.sml</xocs:ucs-locator><xocs:file-basename>gr4</xocs:file-basename><xocs:filename>gr4.sml</xocs:filename><xocs:extension>sml</xocs:extension><xocs:filesize>2610</xocs:filesize><xocs:pixel-height>164</xocs:pixel-height><xocs:pixel-width>204</xocs:pixel-width><xocs:attachment-type>IMAGE-THUMBNAIL</xocs:attachment-type></xocs:attachment><xocs:attachment><xocs:attachment-eid>1-s2.0-S0167931713002487-gr3.sml</xocs:attachment-eid><xocs:ucs-locator>https://s3.amazonaws.com/prod-ucs-content-store-us-east/content/pii:S0167931713002487/gr3/THUMBNAIL/image/gif/7de27582bbf8d7a727787bdd30aeb580/gr3.sml</xocs:ucs-locator><xocs:ucs-locator>https://s3-eu-west-1.amazonaws.com/prod-ucs-content-store-eu-west/content/pii:S0167931713002487/gr3/THUMBNAIL/image/gif/7de27582bbf8d7a727787bdd30aeb580/gr3.sml</xocs:ucs-locator><xocs:file-basename>gr3</xocs:file-basename><xocs:filename>gr3.sml</xocs:filename><xocs:extension>sml</xocs:extension><xocs:filesize>7056</xocs:filesize><xocs:pixel-height>164</xocs:pixel-height><xocs:pixel-width>209</xocs:pixel-width><xocs:attachment-type>IMAGE-THUMBNAIL</xocs:attachment-type></xocs:attachment><xocs:attachment><xocs:attachment-eid>1-s2.0-S0167931713002487-gr2.sml</xocs:attachment-eid><xocs:ucs-locator>https://s3.amazonaws.com/prod-ucs-content-store-us-east/content/pii:S0167931713002487/gr2/THUMBNAIL/image/gif/97d72cc1e02d62f18547eb489906a14c/gr2.sml</xocs:ucs-locator><xocs:ucs-locator>https://s3-eu-west-1.amazonaws.com/prod-ucs-content-store-eu-west/content/pii:S0167931713002487/gr2/THUMBNAIL/image/gif/97d72cc1e02d62f18547eb489906a14c/gr2.sml</xocs:ucs-locator><xocs:file-basename>gr2</xocs:file-basename><xocs:filename>gr2.sml</xocs:filename><xocs:extension>sml</xocs:extension><xocs:filesize>6130</xocs:filesize><xocs:pixel-height>164</xocs:pixel-height><xocs:pixel-width>209</xocs:pixel-width><xocs:attachment-type>IMAGE-THUMBNAIL</xocs:attachment-type></xocs:attachment><xocs:attachment><xocs:attachment-eid>1-s2.0-S0167931713002487-gr1.sml</xocs:attachment-eid><xocs:ucs-locator>https://s3.amazonaws.com/prod-ucs-content-store-us-east/content/pii:S0167931713002487/gr1/THUMBNAIL/image/gif/3cc4675126091845aefe5f8174af696d/gr1.sml</xocs:ucs-locator><xocs:ucs-locator>https://s3-eu-west-1.amazonaws.com/prod-ucs-content-store-eu-west/content/pii:S0167931713002487/gr1/THUMBNAIL/image/gif/3cc4675126091845aefe5f8174af696d/gr1.sml</xocs:ucs-locator><xocs:file-basename>gr1</xocs:file-basename><xocs:filename>gr1.sml</xocs:filename><xocs:extension>sml</xocs:extension><xocs:filesize>7053</xocs:filesize><xocs:pixel-height>164</xocs:pixel-height><xocs:pixel-width>164</xocs:pixel-width><xocs:attachment-type>IMAGE-THUMBNAIL</xocs:attachment-type></xocs:attachment><xocs:attachment><xocs:attachment-eid>1-s2.0-S0167931713002487-fx1.sml</xocs:attachment-eid><xocs:ucs-locator>https://s3.amazonaws.com/prod-ucs-content-store-us-east/content/pii:S0167931713002487/fx1/THUMBNAIL/image/gif/2c2624ed742615d18331121b97a3c064/fx1.sml</xocs:ucs-locator><xocs:ucs-locator>https://s3-eu-west-1.amazonaws.com/prod-ucs-content-store-eu-west/content/pii:S0167931713002487/fx1/THUMBNAIL/image/gif/2c2624ed742615d18331121b97a3c064/fx1.sml</xocs:ucs-locator><xocs:file-basename>fx1</xocs:file-basename><xocs:abstract-attachment>true</xocs:abstract-attachment><xocs:filename>fx1.sml</xocs:filename><xocs:extension>sml</xocs:extension><xocs:filesize>3300</xocs:filesize><xocs:pixel-height>72</xocs:pixel-height><xocs:pixel-width>219</xocs:pixel-width><xocs:attachment-type>IMAGE-THUMBNAIL</xocs:attachment-type></xocs:attachment></xocs:attachments></xocs:attachment-metadata-doc></xocs:meta><xocs:serial-item><article xmlns="http://www.elsevier.com/xml/ja/dtd" docsubtype="fla" xml:lang="en" version="5.2"><item-info><jid>MEE</jid><aid>8940</aid><ce:pii>S0167-9317(13)00248-7</ce:pii><ce:doi>10.1016/j.mee.2013.03.032</ce:doi><ce:copyright type="full-transfer" year="2013">Elsevier B.V.</ce:copyright></item-info><ce:floats><ce:figure id="f0005"><ce:label>Fig. 1</ce:label><ce:caption id="cn005"><ce:simple-para id="sp0020" view="all">TEM image showing a 2<ce:hsp sp="0.25"/>nm thick GeO<ce:inf loc="post">2</ce:inf>/Al<ce:inf loc="post">2</ce:inf>O<ce:inf loc="post">3</ce:inf> layer with HfO<ce:inf loc="post">2</ce:inf> on top.</ce:simple-para></ce:caption><ce:link locator="gr1"/></ce:figure><ce:figure id="f0010"><ce:label>Fig. 2</ce:label><ce:caption id="cn010"><ce:simple-para id="sp0025" view="all">XPS spectra for Al 2p from 10<ce:hsp sp="0.25"/>s Al MBE exposure and 30 ALD cycles of HfO<ce:inf loc="post">2</ce:inf>.</ce:simple-para></ce:caption><ce:link locator="gr2"/></ce:figure><ce:figure id="f0015"><ce:label>Fig. 3</ce:label><ce:caption id="cn015"><ce:simple-para id="sp0030" view="all">XPS spectra for Ge 3d from 10<ce:hsp sp="0.25"/>s Al MBE exposure and 30 ALD cycles of HfO<ce:inf loc="post">2</ce:inf>.</ce:simple-para></ce:caption><ce:link locator="gr3"/></ce:figure><ce:figure id="f0020"><ce:label>Fig. 4</ce:label><ce:caption id="cn020"><ce:simple-para id="sp0035" view="all">Current Voltage characteristics of sample with 5<ce:hsp sp="0.25"/>s exposure to Al MBE source followed by 65 ALD cycles of HfO2 deposition.</ce:simple-para></ce:caption><ce:link locator="gr4"/></ce:figure><ce:figure id="f0025"><ce:label>Fig. 5</ce:label><ce:caption id="cn025"><ce:simple-para id="sp0040" view="all">HF CV characteristics of sample with 5<ce:hsp sp="0.25"/>s exposure to Al MBE source followed by 65 ALD cycles of HfO2 deposition.</ce:simple-para></ce:caption><ce:link locator="gr5"/></ce:figure><ce:figure id="f0030"><ce:label>Fig. 6</ce:label><ce:caption id="cn030"><ce:simple-para id="sp0045" view="all">CV plots showing the hysteresis of ca. 10<ce:hsp sp="0.25"/>mV measured at 1<ce:hsp sp="0.25"/>MHz.</ce:simple-para></ce:caption><ce:link locator="gr6"/></ce:figure><ce:figure id="f0035"><ce:label>Fig. 7</ce:label><ce:caption id="cn035"><ce:simple-para id="sp0050" view="all">CET against number of ALD cycles for different MBE exposure times of Al for as-deposited samples.</ce:simple-para></ce:caption><ce:link locator="gr7"/></ce:figure><ce:figure id="f0040"><ce:label>Fig. 8</ce:label><ce:caption id="cn040"><ce:simple-para id="sp0055" view="all">CV plots before and after FGA.</ce:simple-para></ce:caption><ce:link locator="gr8"/></ce:figure><ce:figure id="f0045"><ce:label>Fig. 9</ce:label><ce:caption id="cn045"><ce:simple-para id="sp0060" view="all">CV plots of samples cleaned at 500<ce:hsp sp="0.25"/>°C and 600<ce:hsp sp="0.25"/>°C.</ce:simple-para></ce:caption><ce:link locator="gr9"/></ce:figure></ce:floats><head><ce:title id="tm005">Low EOT GeO<ce:inf loc="post">2</ce:inf>/Al<ce:inf loc="post">2</ce:inf>O<ce:inf loc="post">3</ce:inf>/HfO<ce:inf loc="post">2</ce:inf> on Ge substrate using ultrathin Al deposition</ce:title><ce:author-group id="ag005"><ce:author id="au005"><ce:given-name>S.</ce:given-name><ce:surname>Mather</ce:surname><ce:cross-ref refid="af005" id="c0005"><ce:sup loc="post">a</ce:sup></ce:cross-ref><ce:cross-ref refid="cor1" id="c0010"><ce:sup loc="post">⁎</ce:sup></ce:cross-ref><ce:e-address type="email" id="em005">smather@liv.ac.uk</ce:e-address></ce:author><ce:author id="au010"><ce:given-name>N.</ce:given-name><ce:surname>Sedghi</ce:surname><ce:cross-ref refid="af010" id="c0015"><ce:sup loc="post">b</ce:sup></ce:cross-ref></ce:author><ce:author id="au015"><ce:given-name>M.</ce:given-name><ce:surname>Althobaiti</ce:surname><ce:cross-ref refid="af015" id="c0020"><ce:sup loc="post">c</ce:sup></ce:cross-ref></ce:author><ce:author id="au020"><ce:given-name>I.Z.</ce:given-name><ce:surname>Mitrovic</ce:surname><ce:cross-ref refid="af010" id="c0025"><ce:sup loc="post">b</ce:sup></ce:cross-ref></ce:author><ce:author id="au025"><ce:given-name>V.</ce:given-name><ce:surname>Dhanak</ce:surname><ce:cross-ref refid="af015" id="c0030"><ce:sup loc="post">c</ce:sup></ce:cross-ref></ce:author><ce:author id="au030"><ce:given-name>P.R.</ce:given-name><ce:surname>Chalker</ce:surname><ce:cross-ref refid="af005" id="c0035"><ce:sup loc="post">a</ce:sup></ce:cross-ref></ce:author><ce:author id="au035"><ce:given-name>S.</ce:given-name><ce:surname>Hall</ce:surname><ce:cross-ref refid="af010" id="c0040"><ce:sup loc="post">b</ce:sup></ce:cross-ref></ce:author><ce:affiliation id="af005"><ce:label>a</ce:label><ce:textfn>School of Engineering, University of Liverpool, Brownlow Hill, Liverpool L69 3GH, UK</ce:textfn><sa:affiliation><sa:organization>School of Engineering, University of Liverpool</sa:organization><sa:address-line>Brownlow Hill</sa:address-line><sa:city>Liverpool</sa:city><sa:postal-code>L69 3GH</sa:postal-code><sa:country>UK</sa:country></sa:affiliation></ce:affiliation><ce:affiliation id="af010"><ce:label>b</ce:label><ce:textfn>Department of Electrical Engineering and Electronics, University of Liverpool, Brownlow Hill, Liverpool L69 3GJ, UK</ce:textfn><sa:affiliation><sa:organization>Department of Electrical Engineering and Electronics, University of Liverpool</sa:organization><sa:address-line>Brownlow Hill</sa:address-line><sa:city>Liverpool</sa:city><sa:postal-code>L69 3GJ</sa:postal-code><sa:country>UK</sa:country></sa:affiliation></ce:affiliation><ce:affiliation id="af015"><ce:label>c</ce:label><ce:textfn>Department of Physics, University of Liverpool, Oxford Street, Liverpool L69 7ZE, UK</ce:textfn><sa:affiliation><sa:organization>Department of Physics, University of Liverpool</sa:organization><sa:address-line>Oxford Street</sa:address-line><sa:city>Liverpool</sa:city><sa:postal-code>L69 7ZE</sa:postal-code><sa:country>UK</sa:country></sa:affiliation></ce:affiliation><ce:correspondence id="cor1"><ce:label>⁎</ce:label><ce:text>Corresponding author. Tel.: +44 151 7952273.</ce:text></ce:correspondence></ce:author-group><ce:abstract class="graphical" xml:lang="en" id="ab005" view="all"><ce:section-title id="st025">Graphical abstract</ce:section-title><ce:abstract-sec id="as005" view="all"><ce:simple-para id="sp0005" view="all"><ce:display><ce:figure id="f0050"><ce:link locator="fx1"/></ce:figure></ce:display></ce:simple-para></ce:abstract-sec></ce:abstract><ce:abstract class="author-highlights" xml:lang="en" id="ab010" view="all"><ce:section-title id="st030">Highlights</ce:section-title><ce:abstract-sec id="as010" view="all"><ce:simple-para id="sp0010" view="all"><ce:list id="l0005"><ce:list-item id="o0005"><ce:label>•</ce:label><ce:para id="p0050" view="all">Ge gate MOS devices were investigated due to its applicability to sub 16<ce:hsp sp="0.25"/>nm node pMOST technology.</ce:para></ce:list-item><ce:list-item id="o0010"><ce:label>•</ce:label><ce:para id="p0055" view="all">GeO<ce:inf loc="post">2</ce:inf>/Al<ce:inf loc="post">2</ce:inf>O<ce:inf loc="post">3</ce:inf>/HfO<ce:inf loc="post">2</ce:inf> gate stacks were grown by a combined MBE and ALD technique.</ce:para></ce:list-item><ce:list-item id="o0015"><ce:label>•</ce:label><ce:para id="p0060" view="all">Devices were characterised by various physical and electrical methods.</ce:para></ce:list-item><ce:list-item id="o0020"><ce:label>•</ce:label><ce:para id="p0065" view="all">Devices were found to have low EOT and leakage currents and have small hysteresis.</ce:para></ce:list-item></ce:list></ce:simple-para></ce:abstract-sec></ce:abstract><ce:abstract class="author" xml:lang="en" id="ab015" view="all"><ce:section-title id="st035">Abstract</ce:section-title><ce:abstract-sec id="as015" view="all"><ce:simple-para id="sp0015" view="all">High-<ce:italic>κ</ce:italic> dielectric gate stacks comprising HfO<ce:inf loc="post">2</ce:inf> were fabricated on Ge with alumina as the barrier level. This was achieved by thermal annealing in an ultra high vacuum to remove the native oxide followed by deposition of aluminium by molecular beam epitaxy. After in situ oxidation at ambient temperature, HfO<ce:inf loc="post">2</ce:inf> was deposited by atomic layer deposition. The devices underwent physical and electrical characterisation and show low EOT down to 1.3<ce:hsp sp="0.25"/>nm, low leakage current of less than 10<ce:sup loc="post">−7</ce:sup><ce:hsp sp="0.25"/>Acm<ce:sup loc="post">−2</ce:sup> at ±1<ce:hsp sp="0.25"/>V, and CV hysteresis of ∼10<ce:hsp sp="0.25"/>mV.</ce:simple-para></ce:abstract-sec></ce:abstract><ce:keywords class="keyword" id="kg005" view="all"><ce:section-title id="st055">Keywords</ce:section-title><ce:keyword id="k0005"><ce:text>MOS device</ce:text></ce:keyword><ce:keyword id="k0010"><ce:text>Ge MOS</ce:text></ce:keyword><ce:keyword id="k0015"><ce:text>HfO2</ce:text></ce:keyword><ce:keyword id="k0020"><ce:text>ALD</ce:text></ce:keyword></ce:keywords></head><body view="all"><ce:sections><ce:section id="s0005" view="all"><ce:label>1</ce:label><ce:section-title id="st005">Introduction</ce:section-title><ce:para id="p0005" view="all">Germanium (Ge) is a candidate channel material for sub-16<ce:hsp sp="0.25"/>nm CMOS technology node pMOST devices due to its higher hole (×4) mobility compared with silicon. High-<ce:italic>κ</ce:italic> dielectrics, such as hafnia (HfO<ce:inf loc="post">2</ce:inf>), are needed to achieve the equivalent oxide thicknesses (EOT) required at this scale, whilst maintaining sufficiently low leakage current density. Direct deposition of HfO<ce:inf loc="post">2</ce:inf> onto Ge leads to high interface state density (<ce:italic>D</ce:italic><ce:inf loc="post">it</ce:inf>) <ce:cross-ref refid="b0005" id="c0045">[1]</ce:cross-ref> and a thin native oxide, GeO<ce:inf loc="post">2</ce:inf> interfacial layer (IL) has been shown to be effective for reducing <ce:italic>D</ce:italic><ce:inf loc="post">it</ce:inf>. However, Ge suffers from desorption of volatile GeO to the surface, which causes device instability, high <ce:italic>D</ce:italic><ce:inf loc="post">it</ce:inf> and mobility degradation <ce:cross-ref refid="b0010" id="c0050">[2]</ce:cross-ref>. A variety of methods have been used for capping the IL to prevent desorption of GeO. Recently alumina (Al<ce:inf loc="post">2</ce:inf>O<ce:inf loc="post">3</ce:inf>) has been proposed as an interlayer between Ge and HfO<ce:inf loc="post">2</ce:inf> to act as a diffusion barrier <ce:cross-refs refid="b0015 b0020" id="r0005">[3,4]</ce:cross-refs> and stabilize a very thin GeO<ce:inf loc="post">2</ce:inf> layer on the Ge channel to achieve a low <ce:italic>D</ce:italic><ce:inf loc="post">it</ce:inf>. One approach to form the Al<ce:inf loc="post">2</ce:inf>O<ce:inf loc="post">3</ce:inf> interlayer is to deposit a thin layer of Al metal by molecular beam epitaxy (MBE) and subsequently oxidize it to form an Al<ce:inf loc="post">2</ce:inf>O<ce:inf loc="post">3</ce:inf>/GeO<ce:inf loc="post">2</ce:inf>/Ge structure <ce:cross-ref refid="b0030" id="c0055">[5]</ce:cross-ref>. We report here the use of such a passivation scheme, combined with HfO<ce:inf loc="post">2</ce:inf> as a high-<ce:italic>κ</ce:italic> layer, to achieve an EOT as low as 1.3<ce:hsp sp="0.25"/>nm with an acceptable leakage current of less than 10<ce:sup loc="post">−7</ce:sup><ce:hsp sp="0.25"/>Acm<ce:sup loc="post">−2</ce:sup> at ±1<ce:hsp sp="0.25"/>V.</ce:para></ce:section><ce:section id="s0010" view="all"><ce:label>2</ce:label><ce:section-title id="st010">Sample preparation</ce:section-title><ce:para id="p0010" view="all">Ge (1<ce:hsp sp="0.12"/>0<ce:hsp sp="0.12"/>0) wafers (<ce:italic>n</ce:italic>- and <ce:italic>p</ce:italic>-type) were cleaned in ultra high vacuum (&lt;10<ce:sup loc="post">−6</ce:sup><ce:hsp sp="0.25"/>mbar) at 500<ce:hsp sp="0.25"/>°C and 600<ce:hsp sp="0.25"/>°C for 10<ce:hsp sp="0.25"/>min to evaporate any native oxide and so achieve an oxide free surface. Subsequently, wafers were exposed to an Al flux for a range of times to deposit ultrathin Al layers. The samples were then oxidized at ambient temperatures in the MBE load lock to produce Al<ce:inf loc="post">2</ce:inf>O<ce:inf loc="post">3</ce:inf> layers. The samples were transferred within 1<ce:hsp sp="0.25"/>min to an Oxford Instruments OpAL reactor and thin films of HfO<ce:inf loc="post">2</ce:inf> were deposited on the Al<ce:inf loc="post">2</ce:inf>O<ce:inf loc="post">3</ce:inf> using atomic layer deposition (ALD). The HfO<ce:inf loc="post">2</ce:inf> depositions used a [(CpMe)<ce:inf loc="post">2</ce:inf>HfOMeMe] precursor coupled with an O<ce:inf loc="post">2</ce:inf> plasma as the oxidizing species. Between 30 and 130 ALD cycles were used to grow HfO<ce:inf loc="post">2</ce:inf> thicknesses from 1.6 to 7<ce:hsp sp="0.25"/>nm at 250<ce:hsp sp="0.25"/>°C. For electrical measurements, circular gold contacts of area 1.96<ce:hsp sp="0.25"/>×<ce:hsp sp="0.25"/>10<ce:sup loc="post">−3</ce:sup><ce:hsp sp="0.25"/>cm<ce:sup loc="post">2</ce:sup> were deposited onto the films to form MOS gate electrodes and Al was deposited on the back of the Ge wafers to provide an ohmic contact. After preliminary measurements, the samples were annealed in forming gas (FGA) at 350<ce:hsp sp="0.25"/>°C for 30<ce:hsp sp="0.25"/>min. The oxide leakage current was measured using a Keithley 230B voltage source and Keithley 617B electrometer. The HP 4192A low frequency (LF) impedance analyzer at small signal frequencies between 100<ce:hsp sp="0.25"/>Hz to 1<ce:hsp sp="0.25"/>MHz was used to perform high frequency capacitance–voltage (HF CV) measurements.</ce:para></ce:section><ce:section id="s0015" view="all"><ce:label>3</ce:label><ce:section-title id="st015">Results and discussion</ce:section-title><ce:para id="p0015" view="all"><ce:cross-ref refid="f0005" id="c0060">Fig. 1</ce:cross-ref><ce:float-anchor refid="f0005"/> shows an HRTEM image of a sample with 10<ce:hsp sp="0.25"/>s exposure to the MBE Al source with 130 ALD cycles to deposit HfO<ce:inf loc="post">2</ce:inf>, obtained with a JEOL 2100F TEM operating in STEM mode with an operating voltage of 200<ce:hsp sp="0.25"/>kV.</ce:para><ce:para id="p0020" view="all">The image indicates a 2<ce:hsp sp="0.25"/>nm thick layer of GeO<ce:inf loc="post">2</ce:inf>/Al<ce:inf loc="post">2</ce:inf>O<ce:inf loc="post">3</ce:inf> with a 7<ce:hsp sp="0.25"/>nm layer of HfO<ce:inf loc="post">2</ce:inf> on top. X-ray Photoelectron spectroscopy (XPS) was carried out to investigate the chemical bonding present in the films. <ce:cross-ref refid="f0010" id="c0065">Fig. 2</ce:cross-ref><ce:float-anchor refid="f0010"/> shows XPS Al(2p) spectra confirming that Al<ce:inf loc="post">2</ce:inf>O<ce:inf loc="post">3</ce:inf> is formed when compared to a reference Al foil. The small peak at 73<ce:hsp sp="0.25"/>eV is attributed to differential charging across the thin alumina layer. The XPS Ge(3d) data of <ce:cross-ref refid="f0015" id="c0070">Fig. 3</ce:cross-ref><ce:float-anchor refid="f0015"/>, shows that a layer of GeO<ce:inf loc="post">2</ce:inf> is present at the Ge surface.</ce:para><ce:para id="p0025" view="all">The leakage current density shown in <ce:cross-ref refid="f0020" id="c0075">Fig. 4</ce:cross-ref><ce:float-anchor refid="f0020"/> was less than 1<ce:hsp sp="0.25"/>×<ce:hsp sp="0.25"/>10<ce:sup loc="post">−7</ce:sup><ce:hsp sp="0.25"/>Acm<ce:sup loc="post">−2</ce:sup> at ±1<ce:hsp sp="0.25"/>V for the sample thermally cleaned at 500<ce:hsp sp="0.25"/>°C with 3.5<ce:hsp sp="0.25"/>nm of HfO<ce:inf loc="post">2</ce:inf>. Typical CV plots measured in the range 100 Hz - 500 kHz are shown in <ce:cross-ref refid="f0025" id="c0080">Fig. 5</ce:cross-ref><ce:float-anchor refid="f0025"/>. The plots indicate very low frequency dispersion in the accumulation region and well-behaved variation of inversion capacitance with frequency at negative voltages. The CV plots show very small hysteresis of ca. 10<ce:hsp sp="0.25"/>mV, as shown in <ce:cross-ref refid="f0030" id="c0085">Fig. 6</ce:cross-ref><ce:float-anchor refid="f0030"/>.</ce:para><ce:para id="p0030" view="all">To estimate the IL thickness, samples with various thickness of HfO<ce:inf loc="post">2</ce:inf> were fabricated. <ce:cross-ref refid="f0035" id="c0090">Fig. 7</ce:cross-ref><ce:float-anchor refid="f0035"/> shows the relationship between the capacitance equivalent thickness (CET) and the physical thickness of high-<ce:italic>κ</ce:italic> layers calculated from the number of ALD cycles on a sample cleaned at 500<ce:hsp sp="0.25"/>°C for two different Al deposition times. The CET of GeO<ce:inf loc="post">2</ce:inf>/Al<ce:inf loc="post">2</ce:inf>O<ce:inf loc="post">3</ce:inf> layer can be found from the linear interpolation of these data, from which the thickness of the alumina layer was estimated by extrapolating the CET at zero HfO<ce:inf loc="post">2</ce:inf> thickness for 5<ce:hsp sp="0.25"/>s and 10<ce:hsp sp="0.25"/>s Al deposition with the difference being attributed to increasing alumina thickness. The alumina thickness was found to be 0.6<ce:hsp sp="0.25"/>nm per 5<ce:hsp sp="0.25"/>s and the thickness of GeO<ce:inf loc="post">2</ce:inf> was calculated to be ∼1.6<ce:hsp sp="0.25"/>nm by using <ce:italic>k</ce:italic> values of 9 and 5 for alumina and GeO<ce:inf loc="post">2</ce:inf> respectively. For the sample cleaned at 600<ce:hsp sp="0.25"/>°C the thickness of GeO<ce:inf loc="post">2</ce:inf> was reduced to 1<ce:hsp sp="0.25"/>nm (EOT of 0.65<ce:hsp sp="0.25"/>nm).</ce:para><ce:para id="p0035" view="all">The CV plots of a sample with 10<ce:hsp sp="0.25"/>s Al MBE exposure and 30 ALD cycles of HfO<ce:inf loc="post">2</ce:inf> before and after FGA are shown in <ce:cross-ref refid="f0040" id="c0095">Fig. 8</ce:cross-ref><ce:float-anchor refid="f0040"/>, which shows a steeper slope and larger accumulation after FGA. The steeper slope is assumed to be due to a reduction of interface states by the FGA. In the presence of interface states, the CV plot is broadened and cannot saturate to the oxide thickness in the accumulation region in the swept voltage range. This can explain the difference in oxide capacitance before and after FGA, corresponding to reduction of EOT of the gate stack from 1.7<ce:hsp sp="0.25"/>nm to 1.3<ce:hsp sp="0.25"/>nm by FGA. The hysteresis was slightly improved on some samples with FGA but degraded slightly on others. This observation is under investigation.</ce:para><ce:para id="p0040" view="all">The CV plots shown in <ce:cross-ref refid="f0045" id="c0100">Fig. 9</ce:cross-ref><ce:float-anchor refid="f0045"/> are for samples with thermal clean at 500<ce:hsp sp="0.25"/>°C and 600<ce:hsp sp="0.25"/>°C with 130 cycles of HfO<ce:inf loc="post">2</ce:inf> at small frequency of 1<ce:hsp sp="0.25"/>kHz. The sample cleaned at 600<ce:hsp sp="0.25"/>°C shows about 30% higher oxide capacitance which gives the EOT value of 2.3<ce:hsp sp="0.25"/>nm, compared to the value of 3<ce:hsp sp="0.25"/>nm for the sample cleaned at 500<ce:hsp sp="0.25"/>°C. The reduction of EOT for the sample cleaned at higher temperature is an indication of lower thickness of GeO<ce:inf loc="post">2</ce:inf>.</ce:para></ce:section><ce:section id="s0020" view="all"><ce:label>4</ce:label><ce:section-title id="st020">Conclusions</ce:section-title><ce:para id="p0045" view="all">ALD hafnia high-<ce:italic>κ</ce:italic> dielectric gate stack was fabricated on Ge with alumina as the barrier level using combined MBE and ALD technique and have been characterised by physical and electrical techniques. The devices show low EOT down to 1.3<ce:hsp sp="0.25"/>nm, low leakage current of less than 10<ce:sup loc="post">−7</ce:sup><ce:hsp sp="0.25"/>Acm<ce:sup loc="post">−2</ce:sup> at ±1<ce:hsp sp="0.25"/>V, and CV hysteresis of ca. 10<ce:hsp sp="0.25"/>mV. The thicknesses of GeO<ce:inf loc="post">2</ce:inf> interfacial layer and alumina barrier layer were estimated by comparing samples with different high-<ce:italic>κ</ce:italic> thickness. The forming gas anneal indicates an improvement in the shape of CV plots due to reduction of interface states. Thermal cleaning at higher temperature reduces the thickness of GeO<ce:inf loc="post">2</ce:inf> resulting in an improved EOT.</ce:para></ce:section></ce:sections><ce:acknowledgment id="ak010" view="all"><ce:section-title id="st050">Acknowledgement</ce:section-title><ce:para id="p0080" view="all">This work was funded by EPSRC, project number EP/1012907/1.</ce:para></ce:acknowledgment></body><tail view="all"><ce:bibliography id="bi0005" view="all"><ce:section-title id="st045">References</ce:section-title><ce:bibliography-sec id="bs0005" view="all"><ce:bib-reference id="b0005"><ce:label>[1]</ce:label><sb:reference id="h0005"><sb:contribution langtype="en"><sb:authors><sb:author><ce:given-name>A.</ce:given-name><ce:surname>Dimoulas</ce:surname></sb:author><sb:et-al/></sb:authors></sb:contribution><sb:host><sb:issue><sb:series><sb:title><sb:maintitle>Thin Solid Films</sb:maintitle></sb:title><sb:volume-nr>515</sb:volume-nr></sb:series><sb:date>2007</sb:date></sb:issue><sb:pages><sb:first-page>6337</sb:first-page><sb:last-page>6343</sb:last-page></sb:pages></sb:host></sb:reference></ce:bib-reference><ce:bib-reference id="b0010"><ce:label>[2]</ce:label><sb:reference id="h0010"><sb:contribution langtype="en"><sb:authors><sb:author><ce:given-name>S.</ce:given-name><ce:surname>Wang</ce:surname></sb:author><sb:et-al/></sb:authors></sb:contribution><sb:host><sb:issue><sb:series><sb:title><sb:maintitle>J. Appl. Phys.</sb:maintitle></sb:title><sb:volume-nr>108</sb:volume-nr></sb:series><sb:date>2010</sb:date></sb:issue><sb:pages><sb:first-page>054104</sb:first-page></sb:pages></sb:host></sb:reference></ce:bib-reference><ce:bib-reference id="b0015"><ce:label>[3]</ce:label><sb:reference id="h0015"><sb:contribution langtype="en"><sb:authors><sb:author><ce:given-name>R.</ce:given-name><ce:surname>Zhang</ce:surname></sb:author><sb:et-al/></sb:authors></sb:contribution><sb:host><sb:issue><sb:series><sb:title><sb:maintitle>Appl. Phys. Lett.</sb:maintitle></sb:title><sb:volume-nr>98</sb:volume-nr></sb:series><sb:date>2011</sb:date></sb:issue><sb:pages><sb:first-page>112902</sb:first-page></sb:pages></sb:host></sb:reference></ce:bib-reference><ce:bib-reference id="b0020"><ce:label>[4]</ce:label><sb:reference id="h0020"><sb:contribution langtype="en"><sb:authors><sb:author><ce:given-name>H.</ce:given-name><ce:surname>Li</ce:surname></sb:author></sb:authors></sb:contribution><sb:host><sb:issue><sb:series><sb:title><sb:maintitle>Phys. Lett.</sb:maintitle></sb:title><sb:volume-nr>101</sb:volume-nr></sb:series><sb:date>2012</sb:date></sb:issue><sb:pages><sb:first-page>052903</sb:first-page></sb:pages></sb:host></sb:reference></ce:bib-reference><ce:bib-reference id="b0030"><ce:label>[5]</ce:label><sb:reference id="h0025"><sb:contribution langtype="en"><sb:authors><sb:author><ce:given-name>I.</ce:given-name><ce:surname>Hideshima</ce:surname></sb:author><sb:et-al/></sb:authors></sb:contribution><sb:host><sb:issue><sb:series><sb:title><sb:maintitle>Curr. Appl. Phys.</sb:maintitle></sb:title><sb:volume-nr>12</sb:volume-nr></sb:series><sb:date>2012</sb:date></sb:issue><sb:pages><sb:first-page>S75</sb:first-page><sb:last-page>S78</sb:last-page></sb:pages></sb:host></sb:reference></ce:bib-reference></ce:bibliography-sec></ce:bibliography></tail></article></xocs:serial-item></xocs:doc></originalText></full-text-retrieval-response>