<xocs:doc xsi:schemaLocation="http://www.elsevier.com/xml/xocs/dtd http://schema.elsevier.com/dtds/document/fulltext/xcr/xocs-article.xsd" xmlns:xocs="http://www.elsevier.com/xml/xocs/dtd" xmlns:xs="http://www.w3.org/2001/XMLSchema" xmlns:xsi="http://www.w3.org/2001/XMLSchema-instance" xmlns="http://www.elsevier.com/xml/ja/dtd" xmlns:ja="http://www.elsevier.com/xml/ja/dtd" xmlns:mml="http://www.w3.org/1998/Math/MathML" xmlns:tb="http://www.elsevier.com/xml/common/table/dtd" xmlns:sb="http://www.elsevier.com/xml/common/struct-bib/dtd" xmlns:ce="http://www.elsevier.com/xml/common/dtd" xmlns:xlink="http://www.w3.org/1999/xlink" xmlns:cals="http://www.elsevier.com/xml/common/cals/dtd"><xocs:meta><xocs:content-family>serial</xocs:content-family><xocs:content-type>JL</xocs:content-type><xocs:cid>271411</xocs:cid><xocs:ssids><xocs:ssid type="alllist">291210</xocs:ssid><xocs:ssid type="subj">291689</xocs:ssid><xocs:ssid type="subj">291719</xocs:ssid><xocs:ssid type="subj">291790</xocs:ssid><xocs:ssid type="subj">291865</xocs:ssid><xocs:ssid type="subj">291877</xocs:ssid><xocs:ssid type="content">31</xocs:ssid><xocs:ssid type="oa">90</xocs:ssid></xocs:ssids><xocs:srctitle>Solid State Ionics</xocs:srctitle><xocs:normalized-srctitle>SOLIDSTATEIONICS</xocs:normalized-srctitle><xocs:orig-load-date yyyymmdd="20111126">2011-11-26</xocs:orig-load-date><xocs:available-online-date yyyymmdd="20111126">2011-11-26</xocs:available-online-date><xocs:ew-transaction-id>2015-10-01T10:28:04</xocs:ew-transaction-id><xocs:eid>1-s2.0-S0167273811005091</xocs:eid><xocs:pii-formatted>S0167-2738(11)00509-1</xocs:pii-formatted><xocs:pii-unformatted>S0167273811005091</xocs:pii-unformatted><xocs:doi>10.1016/j.ssi.2011.10.015</xocs:doi><xocs:item-stage>S300</xocs:item-stage><xocs:item-version-number>S300.2</xocs:item-version-number><xocs:item-weight>FULL-TEXT</xocs:item-weight><xocs:hub-eid>1-s2.0-S0167273812X00092</xocs:hub-eid><xocs:timestamp yyyymmdd="20151003">2015-10-03T14:53:00.705401-04:00</xocs:timestamp><xocs:dco>0</xocs:dco><xocs:tomb>0</xocs:tomb><xocs:date-search-begin>20120528</xocs:date-search-begin><xocs:year-nav>2012</xocs:year-nav><xocs:indexeddate epoch="1322265600">2011-11-26T00:00:00Z</xocs:indexeddate><xocs:articleinfo>articleinfo articletitlenorm authfirstinitialnorm authfirstsurnamenorm cid cids confeditor contenttype copyright crossmark dateloaded dateloadedtxt datesearch datesort dateupdated dco docsubtype doctype doi eid ewtransactionid fundingbodyid hubeid indexeddate issn issnnorm itemstage itemtransactionid itemweight oauserlicense openaccess openarchive pg pgfirst pglast pii piinorm pubdatestart pubdatetxt pubyr sectiontitle sortorder sponsoredaccesstype srctitle srctitlenorm srctype ssids alllist content oa subj subheadings suppl tomb vol volfirst volissue volumelist webpdf webpdfpagecount yearnav figure body acknowledge affil articletitle auth authfirstini authfull authkeywords authlast grantsponsor primabst ref specialabst</xocs:articleinfo><xocs:issns><xocs:issn-primary-formatted>0167-2738</xocs:issn-primary-formatted><xocs:issn-primary-unformatted>01672738</xocs:issn-primary-unformatted></xocs:issns><xocs:sponsored-access-type>UNLIMITED</xocs:sponsored-access-type><xocs:funding-body-id>NONE</xocs:funding-body-id><xocs:crossmark is-crossmark="0">false</xocs:crossmark><xocs:vol-first>216</xocs:vol-first><xocs:volume-list><xocs:volume>216</xocs:volume></xocs:volume-list><xocs:suppl>C</xocs:suppl><xocs:vol-iss-suppl-text>Volume 216</xocs:vol-iss-suppl-text><xocs:sort-order>17</xocs:sort-order><xocs:first-fp>69</xocs:first-fp><xocs:last-lp>72</xocs:last-lp><xocs:pages><xocs:first-page>69</xocs:first-page><xocs:last-page>72</xocs:last-page></xocs:pages><xocs:cover-date-orig><xocs:start-date>20120528</xocs:start-date></xocs:cover-date-orig><xocs:cover-date-text>28 May 2012</xocs:cover-date-text><xocs:cover-date-start>2012-05-28</xocs:cover-date-start><xocs:cover-date-year>2012</xocs:cover-date-year><xocs:title-editors-groups><xocs:title-editors-group><ce:title>"Fuel Cells-Energy Conversion" Proceedings of Symposium X EMRS Spring Meeting 2011</ce:title><ce:subtitle>E-MRS / MRS BILATERAL CONFERENCE on ENERGY,"Held at the E-MRS 2011 SPRING MEETING IUMRS ICAM 2011</ce:subtitle><ce:editors><ce:author-group><ce:author><ce:given-name>J.A.</ce:given-name><ce:surname>Kilner</ce:surname></ce:author></ce:author-group><ce:author-group><ce:author><ce:given-name>R.</ce:given-name><ce:surname>O’Hayre</ce:surname></ce:author></ce:author-group><ce:author-group><ce:author><ce:given-name>S.</ce:given-name><ce:surname>Narayan</ce:surname></ce:author></ce:author-group></ce:editors></xocs:title-editors-group></xocs:title-editors-groups><xocs:hub-sec><xocs:hub-sec-title>Solid Oxide Fuel Cells (SOFC's)</xocs:hub-sec-title></xocs:hub-sec><xocs:document-type>article</xocs:document-type><xocs:document-subtype>fla</xocs:document-subtype><xocs:copyright-line>Copyright © 2011 Elsevier B.V.</xocs:copyright-line><xocs:normalized-article-title>EXPLORINGMICROSTRUCTURALCHANGESASSOCIATEDOXIDATIONINNIYSZSOFCELECTRODESUSINGHIGHRESOLUTIONXRAYCOMPUTEDTOMOGRAPHY</xocs:normalized-article-title><xocs:normalized-first-auth-surname>SHEARING</xocs:normalized-first-auth-surname><xocs:normalized-first-auth-initial>P</xocs:normalized-first-auth-initial><xocs:item-toc><xocs:item-toc-entry ref-elem="ce:sections"><xocs:item-toc-label>1</xocs:item-toc-label><xocs:item-toc-section-title>Introduction</xocs:item-toc-section-title></xocs:item-toc-entry><xocs:item-toc-entry ref-elem="ce:sections"><xocs:item-toc-label>2</xocs:item-toc-label><xocs:item-toc-section-title>Experimental</xocs:item-toc-section-title></xocs:item-toc-entry><xocs:item-toc-entry ref-elem="ce:sections"><xocs:item-toc-label>3</xocs:item-toc-label><xocs:item-toc-section-title>Results and discussion</xocs:item-toc-section-title></xocs:item-toc-entry><xocs:item-toc-entry ref-elem="ce:sections"><xocs:item-toc-label>4</xocs:item-toc-label><xocs:item-toc-section-title>Conclusions</xocs:item-toc-section-title></xocs:item-toc-entry><xocs:item-toc-entry ref-elem="ce:acknowledgment"><xocs:item-toc-section-title>Acknowledgements</xocs:item-toc-section-title></xocs:item-toc-entry><xocs:item-toc-entry ref-elem="ce:bibliography"><xocs:item-toc-section-title>References</xocs:item-toc-section-title></xocs:item-toc-entry></xocs:item-toc><xocs:references><xocs:ref-info refid="rf0005"><xocs:ref-normalized-surname>OFFER</xocs:ref-normalized-surname><xocs:ref-pub-year>2009</xocs:ref-pub-year><xocs:ref-first-fp>763</xocs:ref-first-fp><xocs:ref-last-lp>780</xocs:ref-last-lp><xocs:ref-normalized-initial>G</xocs:ref-normalized-initial></xocs:ref-info><xocs:ref-info refid="rf0010"><xocs:ref-normalized-surname>FAES</xocs:ref-normalized-surname><xocs:ref-pub-year>2009</xocs:ref-pub-year><xocs:ref-first-fp>841</xocs:ref-first-fp><xocs:ref-last-lp>851</xocs:ref-last-lp><xocs:ref-normalized-initial>A</xocs:ref-normalized-initial></xocs:ref-info><xocs:ref-info refid="rf0015"><xocs:ref-normalized-surname>SARANTARIDIS</xocs:ref-normalized-surname><xocs:ref-pub-year>2007</xocs:ref-pub-year><xocs:ref-first-fp>246</xocs:ref-first-fp><xocs:ref-last-lp>258</xocs:ref-last-lp><xocs:ref-normalized-initial>D</xocs:ref-normalized-initial></xocs:ref-info><xocs:ref-info refid="rf0020"><xocs:ref-normalized-surname>WALDBILLIG</xocs:ref-normalized-surname><xocs:ref-pub-year>2007</xocs:ref-pub-year><xocs:ref-first-fp>B133</xocs:ref-first-fp><xocs:ref-last-lp>B138</xocs:ref-last-lp><xocs:ref-normalized-initial>D</xocs:ref-normalized-initial></xocs:ref-info><xocs:ref-info refid="rf0080"><xocs:ref-normalized-surname>SHEARING</xocs:ref-normalized-surname><xocs:ref-pub-year>2010</xocs:ref-pub-year><xocs:ref-first-fp>347</xocs:ref-first-fp><xocs:ref-last-lp>363</xocs:ref-last-lp><xocs:ref-normalized-initial>P</xocs:ref-normalized-initial></xocs:ref-info><xocs:ref-info refid="rf0085"><xocs:ref-normalized-surname>CRONIN</xocs:ref-normalized-surname><xocs:ref-pub-year>2011</xocs:ref-pub-year><xocs:ref-first-fp>2640</xocs:ref-first-fp><xocs:ref-last-lp>2643</xocs:ref-last-lp><xocs:ref-normalized-initial>J</xocs:ref-normalized-initial></xocs:ref-info><xocs:ref-info refid="bb0035"/><xocs:ref-info refid="rf0035"><xocs:ref-normalized-surname>MUROYAMA</xocs:ref-normalized-surname><xocs:ref-pub-year>2011</xocs:ref-pub-year><xocs:ref-first-fp>1379</xocs:ref-first-fp><xocs:ref-last-lp>1387</xocs:ref-last-lp><xocs:ref-normalized-initial>H</xocs:ref-normalized-initial></xocs:ref-info><xocs:ref-info refid="rf0040"><xocs:ref-normalized-surname>GREW</xocs:ref-normalized-surname><xocs:ref-pub-year>2010</xocs:ref-pub-year><xocs:ref-first-fp>B783</xocs:ref-first-fp><xocs:ref-last-lp>B792</xocs:ref-last-lp><xocs:ref-normalized-initial>K</xocs:ref-normalized-initial></xocs:ref-info><xocs:ref-info refid="rf0090"><xocs:ref-normalized-surname>GUAN</xocs:ref-normalized-surname><xocs:ref-pub-year>2011</xocs:ref-pub-year><xocs:ref-first-fp>1915</xocs:ref-first-fp><xocs:ref-last-lp>1919</xocs:ref-last-lp><xocs:ref-normalized-initial>Y</xocs:ref-normalized-initial></xocs:ref-info><xocs:ref-info refid="rf0095"><xocs:ref-normalized-surname>SHEARING</xocs:ref-normalized-surname><xocs:ref-pub-year>2010</xocs:ref-pub-year><xocs:ref-first-fp>1021</xocs:ref-first-fp><xocs:ref-last-lp>1024</xocs:ref-last-lp><xocs:ref-normalized-initial>P</xocs:ref-normalized-initial></xocs:ref-info><xocs:ref-info refid="rf0055"><xocs:ref-normalized-surname>SHEARING</xocs:ref-normalized-surname><xocs:ref-pub-year>2010</xocs:ref-pub-year><xocs:ref-first-fp>1809</xocs:ref-first-fp><xocs:ref-last-lp>1814</xocs:ref-last-lp><xocs:ref-normalized-initial>P</xocs:ref-normalized-initial></xocs:ref-info><xocs:ref-info refid="rf0110"><xocs:ref-normalized-surname>RASBAND</xocs:ref-normalized-surname><xocs:ref-pub-year>1997</xocs:ref-pub-year><xocs:ref-normalized-initial>W</xocs:ref-normalized-initial><xocs:ref-normalized-srctitle>IMAGEJUSNATIONALINSTITUTESHEALTHBETHESDAMARYLANDUSA</xocs:ref-normalized-srctitle></xocs:ref-info><xocs:ref-info refid="rf0060"><xocs:ref-normalized-surname>UTIGARD</xocs:ref-normalized-surname><xocs:ref-pub-year>2005</xocs:ref-pub-year><xocs:ref-first-fp>2061</xocs:ref-first-fp><xocs:ref-last-lp>2068</xocs:ref-last-lp><xocs:ref-normalized-initial>T</xocs:ref-normalized-initial></xocs:ref-info><xocs:ref-info refid="rf0105"><xocs:ref-normalized-surname>IWAI</xocs:ref-normalized-surname><xocs:ref-pub-year>2010</xocs:ref-pub-year><xocs:ref-first-fp>955</xocs:ref-first-fp><xocs:ref-last-lp>961</xocs:ref-last-lp><xocs:ref-normalized-initial>H</xocs:ref-normalized-initial></xocs:ref-info><xocs:ref-info refid="rf0070"><xocs:ref-normalized-surname>SHEARING</xocs:ref-normalized-surname><xocs:ref-pub-year>2011</xocs:ref-pub-year><xocs:ref-first-fp>B117</xocs:ref-first-fp><xocs:ref-normalized-initial>P</xocs:ref-normalized-initial></xocs:ref-info><xocs:ref-info refid="rf0075"><xocs:ref-normalized-surname>NELSON</xocs:ref-normalized-surname><xocs:ref-pub-year>2011</xocs:ref-pub-year><xocs:ref-normalized-initial>G</xocs:ref-normalized-initial></xocs:ref-info></xocs:references><xocs:attachment-metadata-doc><xocs:attachment-set-type>item</xocs:attachment-set-type><xocs:pii-formatted>S0167-2738(11)00509-1</xocs:pii-formatted><xocs:pii-unformatted>S0167273811005091</xocs:pii-unformatted><xocs:eid>1-s2.0-S0167273811005091</xocs:eid><xocs:doi>10.1016/j.ssi.2011.10.015</xocs:doi><xocs:cid>271411</xocs:cid><xocs:timestamp>2015-10-03T14:53:00.705401-04:00</xocs:timestamp><xocs:path>/271411/1-s2.0-S0167273812X00092/1-s2.0-S0167273811005091/</xocs:path><xocs:cover-date-start>2012-05-28</xocs:cover-date-start><xocs:sponsored-access-type>UNLIMITED</xocs:sponsored-access-type><xocs:funding-body-id>NONE</xocs:funding-body-id><xocs:attachments><xocs:web-pdf><xocs:attachment-eid>1-s2.0-S0167273811005091-main.pdf</xocs:attachment-eid><xocs:filename>main.pdf</xocs:filename><xocs:extension>pdf</xocs:extension><xocs:pdf-optimized>true</xocs:pdf-optimized><xocs:filesize>544846</xocs:filesize><xocs:web-pdf-purpose>MAIN</xocs:web-pdf-purpose><xocs:web-pdf-page-count>4</xocs:web-pdf-page-count><xocs:web-pdf-images><xocs:web-pdf-image><xocs:attachment-eid>1-s2.0-S0167273811005091-main_1.png</xocs:attachment-eid><xocs:filename>main_1.png</xocs:filename><xocs:extension>png</xocs:extension><xocs:filesize>128599</xocs:filesize><xocs:pixel-height>849</xocs:pixel-height><xocs:pixel-width>656</xocs:pixel-width><xocs:attachment-type>IMAGE-WEB-PDF</xocs:attachment-type><xocs:pdf-page-num>1</xocs:pdf-page-num></xocs:web-pdf-image></xocs:web-pdf-images></xocs:web-pdf><xocs:attachment><xocs:attachment-eid>1-s2.0-S0167273811005091-gr5.jpg</xocs:attachment-eid><xocs:file-basename>gr5</xocs:file-basename><xocs:filename>gr5.jpg</xocs:filename><xocs:extension>jpg</xocs:extension><xocs:filesize>23078</xocs:filesize><xocs:pixel-height>117</xocs:pixel-height><xocs:pixel-width>389</xocs:pixel-width><xocs:attachment-type>IMAGE-DOWNSAMPLED</xocs:attachment-type></xocs:attachment><xocs:attachment><xocs:attachment-eid>1-s2.0-S0167273811005091-gr4.jpg</xocs:attachment-eid><xocs:file-basename>gr4</xocs:file-basename><xocs:filename>gr4.jpg</xocs:filename><xocs:extension>jpg</xocs:extension><xocs:filesize>28303</xocs:filesize><xocs:pixel-height>126</xocs:pixel-height><xocs:pixel-width>387</xocs:pixel-width><xocs:attachment-type>IMAGE-DOWNSAMPLED</xocs:attachment-type></xocs:attachment><xocs:attachment><xocs:attachment-eid>1-s2.0-S0167273811005091-gr3.jpg</xocs:attachment-eid><xocs:file-basename>gr3</xocs:file-basename><xocs:filename>gr3.jpg</xocs:filename><xocs:extension>jpg</xocs:extension><xocs:filesize>30657</xocs:filesize><xocs:pixel-height>256</xocs:pixel-height><xocs:pixel-width>377</xocs:pixel-width><xocs:attachment-type>IMAGE-DOWNSAMPLED</xocs:attachment-type></xocs:attachment><xocs:attachment><xocs:attachment-eid>1-s2.0-S0167273811005091-gr2.jpg</xocs:attachment-eid><xocs:file-basename>gr2</xocs:file-basename><xocs:filename>gr2.jpg</xocs:filename><xocs:extension>jpg</xocs:extension><xocs:filesize>34255</xocs:filesize><xocs:pixel-height>191</xocs:pixel-height><xocs:pixel-width>491</xocs:pixel-width><xocs:attachment-type>IMAGE-DOWNSAMPLED</xocs:attachment-type></xocs:attachment><xocs:attachment><xocs:attachment-eid>1-s2.0-S0167273811005091-gr1.jpg</xocs:attachment-eid><xocs:file-basename>gr1</xocs:file-basename><xocs:filename>gr1.jpg</xocs:filename><xocs:extension>jpg</xocs:extension><xocs:filesize>36476</xocs:filesize><xocs:pixel-height>476</xocs:pixel-height><xocs:pixel-width>389</xocs:pixel-width><xocs:attachment-type>IMAGE-DOWNSAMPLED</xocs:attachment-type></xocs:attachment><xocs:attachment><xocs:attachment-eid>1-s2.0-S0167273811005091-gr5.sml</xocs:attachment-eid><xocs:file-basename>gr5</xocs:file-basename><xocs:filename>gr5.sml</xocs:filename><xocs:extension>sml</xocs:extension><xocs:filesize>5106</xocs:filesize><xocs:pixel-height>66</xocs:pixel-height><xocs:pixel-width>219</xocs:pixel-width><xocs:attachment-type>IMAGE-THUMBNAIL</xocs:attachment-type></xocs:attachment><xocs:attachment><xocs:attachment-eid>1-s2.0-S0167273811005091-gr4.sml</xocs:attachment-eid><xocs:file-basename>gr4</xocs:file-basename><xocs:filename>gr4.sml</xocs:filename><xocs:extension>sml</xocs:extension><xocs:filesize>6524</xocs:filesize><xocs:pixel-height>72</xocs:pixel-height><xocs:pixel-width>219</xocs:pixel-width><xocs:attachment-type>IMAGE-THUMBNAIL</xocs:attachment-type></xocs:attachment><xocs:attachment><xocs:attachment-eid>1-s2.0-S0167273811005091-gr3.sml</xocs:attachment-eid><xocs:file-basename>gr3</xocs:file-basename><xocs:filename>gr3.sml</xocs:filename><xocs:extension>sml</xocs:extension><xocs:filesize>7704</xocs:filesize><xocs:pixel-height>149</xocs:pixel-height><xocs:pixel-width>219</xocs:pixel-width><xocs:attachment-type>IMAGE-THUMBNAIL</xocs:attachment-type></xocs:attachment><xocs:attachment><xocs:attachment-eid>1-s2.0-S0167273811005091-gr2.sml</xocs:attachment-eid><xocs:file-basename>gr2</xocs:file-basename><xocs:filename>gr2.sml</xocs:filename><xocs:extension>sml</xocs:extension><xocs:filesize>8978</xocs:filesize><xocs:pixel-height>85</xocs:pixel-height><xocs:pixel-width>219</xocs:pixel-width><xocs:attachment-type>IMAGE-THUMBNAIL</xocs:attachment-type></xocs:attachment><xocs:attachment><xocs:attachment-eid>1-s2.0-S0167273811005091-gr1.sml</xocs:attachment-eid><xocs:file-basename>gr1</xocs:file-basename><xocs:filename>gr1.sml</xocs:filename><xocs:extension>sml</xocs:extension><xocs:filesize>5215</xocs:filesize><xocs:pixel-height>164</xocs:pixel-height><xocs:pixel-width>134</xocs:pixel-width><xocs:attachment-type>IMAGE-THUMBNAIL</xocs:attachment-type></xocs:attachment></xocs:attachments></xocs:attachment-metadata-doc><xocs:refkeys><xocs:refkey3>SHEARINGX2012X69</xocs:refkey3><xocs:refkey4lp>SHEARINGX2012X69X72</xocs:refkey4lp><xocs:refkey4ai>SHEARINGX2012X69XP</xocs:refkey4ai><xocs:refkey5>SHEARINGX2012X69X72XP</xocs:refkey5></xocs:refkeys><xocs:open-access><xocs:oa-article-status is-open-access="1" is-open-archive="0">Full</xocs:oa-article-status><xocs:oa-access-effective-date>2013-07-16T20:15:21Z</xocs:oa-access-effective-date><xocs:oa-sponsor><xocs:oa-sponsor-type>Other</xocs:oa-sponsor-type></xocs:oa-sponsor><xocs:oa-user-license>http://creativecommons.org/licenses/by/3.0/</xocs:oa-user-license></xocs:open-access></xocs:meta><xocs:serial-item><article version="5.1" docsubtype="fla" xml:lang="en"><item-info><jid>SOSI</jid><aid>12370</aid><ce:pii>S0167-2738(11)00509-1</ce:pii><ce:doi>10.1016/j.ssi.2011.10.015</ce:doi><ce:copyright type="full-transfer" year="2011">Elsevier B.V.</ce:copyright></item-info><ce:floats><ce:figure id="f0005"><ce:label>Fig. 1</ce:label><ce:caption><ce:simple-para id="sp0015" view="all">a: Graph showing the ex-situ, in-air, heating profile used for step-wise oxidation of the Ni–YSZ composite b: A radiograph of a lift-out sample alongside a schematic illustrating the partial mechanical failure of the sample following a high temperature oxidation step.</ce:simple-para></ce:caption><ce:link locator="gr1"/></ce:figure><ce:figure id="f0010"><ce:label>Fig. 2</ce:label><ce:caption><ce:simple-para id="sp0020" view="all">Tomograms from 3D data sets collected at various points of the oxidation cycle, the Ni phase is shown in white, YSZ in gray with the surrounding pore phase in dark gray (Please note that owing to sample movement and resulting registration loss it is not possible to directly compare tomograms for scan E with lower temperature tomograms in this figure. The authors believe that small errors in image registration are responsible for the minor changes observed in tomograms for scans A–D).</ce:simple-para></ce:caption><ce:link locator="gr2"/></ce:figure><ce:figure id="f0015"><ce:label>Fig. 3</ce:label><ce:caption><ce:simple-para id="sp0025" view="all">A tomogram from scan E, conducted following high temperature oxidation, illustrating the phases present. The annotations show an un-reduced region in the center of a Ni particle and the growth of a NiO film following ex-situ oxidation.</ce:simple-para></ce:caption><ce:link locator="gr3"/></ce:figure><ce:figure id="f0020"><ce:label>Fig. 4</ce:label><ce:caption><ce:simple-para id="sp0030" view="all">a) Detail of rendering of the Ni phase from scan B following 200<ce:hsp sp="0.25"/>°C air exposure (dimensions 7.08<ce:hsp sp="0.12"/>×<ce:hsp sp="0.12"/>12.68<ce:hsp sp="0.12"/>×<ce:hsp sp="0.12"/>3.63<ce:hsp sp="0.25"/>μm). b) Detail of rendering of the Ni phase from scan E after 700<ce:hsp sp="0.25"/>°C exposure (dimensions — 7.63<ce:hsp sp="0.12"/>×<ce:hsp sp="0.12"/>14.75<ce:hsp sp="0.12"/>×<ce:hsp sp="0.12"/>7.5<ce:hsp sp="0.25"/>μm). NB — only the Ni phase is shown here, not NiO.</ce:simple-para></ce:caption><ce:link locator="gr4"/></ce:figure><ce:figure id="f0025"><ce:label>Fig. 5</ce:label><ce:caption><ce:simple-para id="sp0035" view="all">Volume rendering from detail of scan E. a) 3D rendering showing the growth of a NiO film (red) on a Ni particle (blue) b) In the same orientation, the isolated NiO film shows internal porosity c) The same particle rotated shows blocking of the Ni surface by NiO and a decrease in the Ni/pore interfacial area.</ce:simple-para></ce:caption><ce:link locator="gr5"/></ce:figure></ce:floats><head><ce:title>Exploring microstructural changes associated with oxidation in Ni–YSZ SOFC electrodes using high resolution X-ray computed tomography</ce:title><ce:author-group><ce:author><ce:given-name>P.R.</ce:given-name><ce:surname>Shearing</ce:surname><ce:cross-ref refid="af0005"><ce:sup loc="post">a</ce:sup></ce:cross-ref><ce:cross-ref refid="cr0005"><ce:sup loc="post">⁎</ce:sup></ce:cross-ref><ce:e-address type="email">p.shearing@ucl.ac.uk</ce:e-address></ce:author><ce:author><ce:given-name>R.S.</ce:given-name><ce:surname>Bradley</ce:surname><ce:cross-ref refid="af0015"><ce:sup loc="post">c</ce:sup></ce:cross-ref></ce:author><ce:author><ce:given-name>J.</ce:given-name><ce:surname>Gelb</ce:surname><ce:cross-ref refid="af0020"><ce:sup loc="post">d</ce:sup></ce:cross-ref></ce:author><ce:author><ce:given-name>F.</ce:given-name><ce:surname>Tariq</ce:surname><ce:cross-ref refid="af0010"><ce:sup loc="post">b</ce:sup></ce:cross-ref></ce:author><ce:author><ce:given-name>P.J.</ce:given-name><ce:surname>Withers</ce:surname><ce:cross-ref refid="af0015"><ce:sup loc="post">c</ce:sup></ce:cross-ref></ce:author><ce:author><ce:given-name>N.P.</ce:given-name><ce:surname>Brandon</ce:surname><ce:cross-ref refid="af0010"><ce:sup loc="post">b</ce:sup></ce:cross-ref></ce:author><ce:affiliation id="af0005"><ce:label>a</ce:label><ce:textfn>Dept. Chemical Engineering, University College London, WC1E 7JE, UK</ce:textfn></ce:affiliation><ce:affiliation id="af0010"><ce:label>b</ce:label><ce:textfn>Dept. Earth Science and Engineering, Imperial College London, SW7 2AZ, UK</ce:textfn></ce:affiliation><ce:affiliation id="af0015"><ce:label>c</ce:label><ce:textfn>Henry Moseley X-ray Imaging Facility, School of Materials, University of Manchester, M1 7HS, UK</ce:textfn></ce:affiliation><ce:affiliation id="af0020"><ce:label>d</ce:label><ce:textfn>Xradia Inc, Pleasanton, CA 94588, USA</ce:textfn></ce:affiliation><ce:correspondence id="cr0005"><ce:label>⁎</ce:label><ce:text>Corresponding author. Tel.: +<ce:hsp sp="0.10"/>44 207 679 3783.</ce:text></ce:correspondence></ce:author-group><ce:date-received day="1" month="7" year="2011"/><ce:date-revised day="29" month="9" year="2011"/><ce:date-accepted day="17" month="10" year="2011"/><ce:abstract class="author"><ce:section-title>Abstract</ce:section-title><ce:abstract-sec><ce:simple-para id="sp0005" view="all">State of the art solid oxide fuel cell (SOFC) anodes are typically Ni based, one of the primary drawbacks of these electrodes is their significant dimensional change upon oxidation. As commercial SOFCs may typically be expected to undergo numerous redox cycles in their operating lifetime, it is important to understand the associated microstructural degradation process. Here we present a methodology for the use of synchrotron based X-ray nano-computed tomography to explore the step-wise oxidation of the Ni phase in a Ni–YSZ composite material. This non-destructive technique demonstrates the potential to track microstructural evolution on a grain-by-grain basis in three dimensions.</ce:simple-para></ce:abstract-sec></ce:abstract><ce:abstract class="graphical"><ce:abstract-sec><ce:section-title>Highlights</ce:section-title><ce:simple-para id="sp1000" view="all">► X-ray nano-CT provides a technique for SOFC electrode microstructure characterisation. ► It is non-destructive enabling successful quantification of microstructural evolution. ► Here we demonstrate its application to explore the effects of oxidation on Ni-YSZ electrodes. ► We successfully characterise the growth of porous NiO film during step-wise oxidation. ► The method has wider implications for studies of microstructural change in a range of applications.</ce:simple-para></ce:abstract-sec></ce:abstract><ce:keywords class="keyword"><ce:section-title>Keywords</ce:section-title><ce:keyword><ce:text>SOFC microstructure</ce:text></ce:keyword><ce:keyword><ce:text>Redox cycling</ce:text></ce:keyword><ce:keyword><ce:text>X-ray nano-CT</ce:text></ce:keyword><ce:keyword><ce:text>4D tomography</ce:text></ce:keyword></ce:keywords></head><body view="all"><ce:sections><ce:section id="s0005" view="all"><ce:label>1</ce:label><ce:section-title>Introduction</ce:section-title><ce:para id="p0005" view="all">In state of the art solid oxide fuel cells (SOFCs) the reactions are supported by porous composite electrodes, providing intimate contact of an electronic, ionic and pore phase at triple phase boundary points distributed normal to the electrode–electrolyte interface. The length and distribution of these triple phase boundary points are widely thought to directly dictate the catalytic performance of the electrodes; however electrode microstructure has many roles affecting operation in ohmic and mass-transport dominated regimes. In electrode-supported designs, the anode may also be expected to fulfill an additional requirement as a structural support.</ce:para><ce:para id="p0010" view="all">Ni mixed with an ionic conducting phase (CGO or YSZ) is a common choice for anode material owing to its cost and excellent catalytic activity for hydrogen oxidation. However Ni based electrodes suffer from a number of drawbacks: when utilizing natural gas fuel feeds, the catalytic activity of Ni can be reduced by formation of carbon or sulphur species on the active surface <ce:cross-ref refid="bb0005">[1]</ce:cross-ref>. During long-term operation, agglomeration and microstructural change in the Ni phase is thought to drive performance degradation by reducing the active triple phase boundary available for reaction <ce:cross-ref refid="bb0010">[2]</ce:cross-ref>.</ce:para><ce:para id="p0015" view="all">Ni based anodes also undergo significant dimensional change associated with the reduction/oxidation of Ni: reduction of NiO to Ni causes a volume change of −<ce:hsp sp="0.10"/>40.9%, while the reverse oxidation is associated with a volume change of +<ce:hsp sp="0.10"/>69.2% <ce:cross-refs refid="bb0015 bb0020">[3,4]</ce:cross-refs>. These anode microstructures must be carefully engineered in order to accommodate such significant microstructural evolution. Sarantaridis et al. provide an excellent review of the topic <ce:cross-ref refid="bb0015">[3]</ce:cross-ref>.</ce:para><ce:para id="p0020" view="all">Because of the high temperature processing and sintering involved in electrode manufacture, Ni based electrodes are generally produced in NiO form with reduction to Ni occurring during first startup. During operation, the Ni phase will remain stable in a reducing environment, however re-oxidation can occur due to leakage or interruption to the fuel supply or due to increased pO<ce:inf loc="post">2</ce:inf> at high fuel utilizations <ce:cross-ref refid="bb0015">[3]</ce:cross-ref>.</ce:para><ce:para id="p0025" view="all">During operation, nickel oxidation may occur under conditions of high fuel utilization and/or current density, or the anode may undergo oxidation due to failure of the fuel delivery system, or air leakage. Under these conditions the dimensional changes associated with oxidation are not necessarily reversible. During the course of numerous redox cycles, this can impact on the mechanical integrity, performance and lifetime of the electrode.</ce:para><ce:para id="p0030" view="all">In recent years, the development of high-resolution tomography has provided a platform to explore SOFC electrode microstructures in three-dimensions and with unprecedented detail. Tomography techniques spanning a spectrum of spatial and temporal resolutions are now widely available to the materials engineer <ce:cross-ref refid="bb0025">[5]</ce:cross-ref>. At length scales of relevance for SOFC electrode characterization, X-ray techniques are uniquely flexible, allowing non-destructive imaging while accommodating a variety of thermal and gas environments.</ce:para><ce:para id="p0035" view="all">Microstructural evolution processes are known to drive performance degradation in SOFC, however these processes remain poorly understood. Tomography techniques provide a platform for exploring microstructural changes associated with processing, operation and aging [<ce:cross-refs refid="bb0030 bb0035 bb0040">6–8</ce:cross-refs>].</ce:para><ce:para id="p0040" view="all">Owing to widespread availability, the most extensively adopted tomography technique utilizes the milling power of a focused ion beam (FIB) in conjunction with the imaging capabilities of high resolution FE-SEM, to provide a sequence of 2D images that can be effectively re-combined in 3D space. However, because this technique is destructive, studies of microstructural evolution are influenced by inherent sample variability. Non-destructive X-ray nano-computed tomography (CT) <ce:cross-refs refid="bb0045 bb0050 bb0055">[9–11]</ce:cross-refs> provides a platform for exploring dynamic microstructural change in the absence of these possible complications and is compatible with both laboratory and synchrotron radiation. The authors have previously demonstrated a technique for preparation of optimal sample geometries for X-ray nano-CT <ce:cross-ref refid="bb0060">[12]</ce:cross-ref>, while this FIB sample preparation route will involve the selective removal of portions of the fuel cell electrode microstructure (and therefore <ce:italic>may</ce:italic> be destructive to the working fuel cell), the non-destructive X-ray characterization technique allows repeated, non-destructive characterization of the selected sample which facilitates the study of microstructural evolution processes in response to various environmental changes.</ce:para><ce:para id="p0045" view="all">Here we present the application of high resolution, synchrotron nano-CT to study the dynamics of thermal oxidation of the Ni phase in a porous Ni–YSZ composite electrode exposed to high pO<ce:inf loc="post">2</ce:inf> at elevated temperatures.</ce:para></ce:section><ce:section id="s0010" view="all"><ce:label>2</ce:label><ce:section-title>Experimental</ce:section-title><ce:para id="p0050" view="all">Fuel cell analogue microstructures have been manufactured to explore the effects of Ni oxidation on Ni–YSZ microstructures. NiO–YSZ powder (66<ce:hsp sp="0.25"/>wt.% NiO, 34<ce:hsp sp="0.25"/>wt.% YSZ) was purchased from Nextech Fuel Cell Materials, the powder was pressed into pellet form under 1000<ce:hsp sp="0.25"/>kg load before sintering at 1350<ce:hsp sp="0.25"/>°C for 12<ce:hsp sp="0.25"/>h. The resulting pellets were reduced in H<ce:inf loc="post">2</ce:inf> at 900<ce:hsp sp="0.25"/>°C for 4<ce:hsp sp="0.25"/>h. This process results in samples with relatively large sintered particle size which facilitates technique development for tracking particle-by-particle microstructural evolution in these complex porous microstructures.</ce:para><ce:para id="p0055" view="all">In order to provide an optimal geometry for fixed field of view (FOV) nano-CT, a focused ion beam (FIB) sample preparation technique has been used. The technique, which is described in more detail elsewhere <ce:cross-ref refid="bb0060">[12]</ce:cross-ref>, utilizes the nano-scale milling and manipulation capabilities of the FIB to prepare samples with a principal dimension matched to the microscope FOV, secured to a tungsten needle using a Pt micro-weld (see <ce:cross-ref refid="f0005">Fig. 1</ce:cross-ref>b<ce:float-anchor refid="f0005"/>).</ce:para><ce:para id="p0060" view="all">Tomography experiments have been conducted using the Xradia nanoXCT-S100 transmission X-ray microscope (TXM) at beam-line 32-ID at the Advanced Photon Source, Argonne National Lab, IL, USA. This system utilizes X-ray optics to focus the beam before and after transmission, routinely achieving ca. 30<ce:hsp sp="0.25"/>nm resolution in this facility. This can be coupled with the variable X-ray energy to perform multiple energy scans and X-ray absorption spectroscopy (XAS).</ce:para><ce:para id="p0065" view="all">In order to capture the dynamic change associated with Ni oxidation, the sample prepared using the FIB lift-out techniques was subjected to the heating profile detailed in <ce:cross-ref refid="f0005">Fig. 1</ce:cross-ref>a. The sample was heated at a rate of 40<ce:hsp sp="0.25"/>°C/min to the set point temperature and held for 10<ce:hsp sp="0.25"/>min. The heating process was conducted in air, in a conventional laboratory furnace ex-situ of the microscope stage.</ce:para><ce:para id="p0070" view="all">In total, 5 tomography sequences were collected at various stages during the oxidation process; scan A of the reduced sample as prepared, scans B to E following heating in air with hold temperature of 200, 300, 500 and 700<ce:hsp sp="0.25"/>°C respectively.</ce:para><ce:para id="p0075" view="all">In previous experiments using this system, the authors have demonstrated the ability to isolate triple phase contact in Ni–YSZ electrodes by conducting tomography above and below the characteristic Ni X-ray absorption edge <ce:cross-ref refid="bb0055">[11]</ce:cross-ref>. In this work, the authors have conducted imaging at a single energy (8400<ce:hsp sp="0.25"/>eV) just above the Ni edge, which provides sufficient contrast to identify each constituent phase (see <ce:cross-ref refid="f0010">Fig. 2</ce:cross-ref><ce:float-anchor refid="f0010"/>). An additional calibration tomography sequence was also collected at 8.3<ce:hsp sp="0.25"/>keV. For each tomography sequence (A–E), 360 images were collected at 0.5<ce:sup loc="post">°</ce:sup> increments across a 180<ce:sup loc="post">°</ce:sup> rotation with 8.4<ce:hsp sp="0.25"/>keV X-ray illumination resulting in a 25<ce:hsp sp="0.25"/>nm voxel size after reconstruction.</ce:para><ce:para id="p0080" view="all">The transmission data was aligned relative to a fiducial marker and reconstructed using the Xradia XMReconstructor software. The resulting image sequences were segmented using a combination of median filtering in ImageJ <ce:cross-ref refid="bb0065">[13]</ce:cross-ref> and an edge-preserving smoothing algorithm implemented in Avizo Fire (Visualization Sciences Group, Bordeaux, France).</ce:para><ce:para id="p0085" view="all">During the final heating step some mechanical failure of the sample was observed. <ce:cross-ref refid="f0005">Fig. 1</ce:cross-ref>b shows a sample radiograph alongside a schematic diagram illustrating the change in sample geometry following the 700<ce:hsp sp="0.25"/>°C heating step. The cause of this mechanical failure is not known and may be associated with manual handling, thermal shock, failure of the Pt micro-weld or as a result of the stresses generated during the high temperature oxidation. In other experiments the integrity of the Pt weld during rapid thermal cycling has been demonstrated <ce:cross-ref refid="bb0080">[16]</ce:cross-ref>, and the authors have found no chemical or morphological evidence suggesting diffusion of the Pt.</ce:para><ce:para id="p0090" view="all">In spite of this loss of image registration between scan D and E, the sample was maintained within the microscope FOV for collection of the final tomography sequence E. <ce:cross-ref refid="f0010">Fig. 2</ce:cross-ref> shows tomograms (2D virtual slices from 3D data sets) from scans A, C, D and E, showing the microstructural evolution processes associated with step-wise oxidation of the Ni phase.</ce:para></ce:section><ce:section id="s0015" view="all"><ce:label>3</ce:label><ce:section-title>Results and discussion</ce:section-title><ce:para id="p0095" view="all">Five tomography sequences were collected using the same imaging parameters following step-wise oxidation of the metallic Ni phase. <ce:cross-ref refid="f0010">Fig. 2</ce:cross-ref> shows tomograms from various points in the oxidation profile. These 2D virtual slices demonstrate limited microstructural evolution occurring between scans A to D, as a result of heating the Ni in air following the heating profile indicated previously. Following the highest temperature (700<ce:hsp sp="0.25"/>°C) oxidation step, significant evolution is observed as a result of Ni to NiO transition with observable densification and NiO film growth (<ce:cross-ref refid="f0015">Fig. 3</ce:cross-ref><ce:float-anchor refid="f0015"/>).</ce:para><ce:para id="p0100" view="all">This sequence of 2D dimensional tomograms reveals important information on the processing of the original Ni–YSZ microstructure – as illustrated in <ce:cross-refs refid="f0010 f0015">Figs. 2 and 3</ce:cross-refs>, there is evidence of a NiO core at the centre of large Ni grains, suggesting that in spite of the rigorous reduction conditions employed during processing, full reduction of the NiO phase was not achieved. The authors believe this is because of the high operating temperature employed during the reduction step of electrode processing: at low temperatures the rate of NiO oxidation is dictated by the kinetics of the reaction at the Ni/NiO interface <ce:cross-ref refid="bb0015">[3]</ce:cross-ref>; however at higher temperatures, this process becomes distorted by Ni sintering which can restrict the access/egress of gas to the Ni/NiO interface <ce:cross-ref refid="bb0070">[14]</ce:cross-ref>. The presence of an un-reduced NiO core in larger Ni grains (see <ce:cross-refs refid="f0010 f0015">Figs. 2 and 3</ce:cross-refs>) supports this high temperature mechanism.</ce:para><ce:para id="p0105" view="all">Because of the limited evolution observed between scans A and D, two 3D renderings are presented, one for scan B and another for scan E. <ce:cross-ref refid="f0020">Fig. 4</ce:cross-ref><ce:float-anchor refid="f0020"/> shows the changing morphology of the Ni phase during the partial oxidation process.</ce:para><ce:para id="p0110" view="all">The volumetric change associated with Ni oxidation is manifested as a loss of porosity; this densification is demonstrated in two dimensions in <ce:cross-refs refid="f0010 f0015">Figs. 2 and 3</ce:cross-refs>, and in three dimensions in <ce:cross-ref refid="f0020">Fig. 4</ce:cross-ref>. During this partial oxidation, the bulk porosity (measured for rendered sections of scans B and E) decreased from 23.1% to 15.5%.</ce:para><ce:para id="p0115" view="all">Owing to the partial sample failure (between scans D and E) outlined previously, the rendered sections in <ce:cross-ref refid="f0020">Fig. 4</ce:cross-ref>a and b are not registered. The entire sample volume was maintained within the microscope FOV for the duration of all scans and material statistics have been extracted from the largest possible analysis volume for each scan to ensure fair comparison can be drawn between the samples B and E. A significant morphological change in the Ni phase is observed (<ce:cross-ref refid="f0020">Fig. 4</ce:cross-ref>) demonstrating a distinct microstructural evolution process.</ce:para><ce:para id="p0120" view="all">In this experiment, the full FOV of the TXM was not utilized therefore providing analysis volumes between 325 and 844<ce:hsp sp="0.25"/>μm<ce:sup loc="post">3</ce:sup>. In common with all tomography techniques a balance of sample volume and resolution must be achieved, to ensure sufficient resolution to characterize the sample features in a sample volume statistically representative of the bulk electrode. In order to ensure the boundary conditions for redox cycling in the microscopic sample were accurately re-created, microstructural analysis was conducted on the central portion of the sample. No spatial variation in the oxidation phenomena as a result of grain location within the sample has been observed.</ce:para><ce:para id="p0125" view="all">The 3D reconstructions in <ce:cross-ref refid="f0025">Fig. 5</ce:cross-ref><ce:float-anchor refid="f0025"/> demonstrate the growth of a porous NiO film around the Ni particles, which effectively blocks the catalytically active surface and reduces the overall composite porosity. Coupled to the NiO film growth is a reduction in the Ni/pore interfacial area: the total Ni/pore interfacial area was reduced by 11.5 times upon oxidation, from 0.310 to 0.027<ce:hsp sp="0.25"/>μm<ce:sup loc="post">2</ce:sup>/μm<ce:sup loc="post">3</ce:sup> (normalized for the different volumes of scans B and E as shown in <ce:cross-ref refid="f0020">Fig. 4</ce:cross-ref>). While it is unlikely that the fuel cell would be operational in the partially oxidized state the “blocking” effect of the NiO preventing oxygen access to the Ni phase will affect the continuing oxidation kinetics and also demonstrates the significant geometrical change associated with this process.</ce:para><ce:para id="p0130" view="all">Upon oxidation, oxygen absorbing on the surface of a Ni particle will form a NiO film with a Ni core. Continued exposure to oxidizing conditions results in Ni transport from the particle core to the NiO/gas interface, which generates porosity in the NiO film (as shown in <ce:cross-ref refid="f0025">Fig. 5</ce:cross-ref>). Because of this porosity, the volume changes due to the Ni/NiO redox cycle are not reversible and can drive microstructural degradation.</ce:para><ce:para id="p0135" view="all">For the particle shown in <ce:cross-ref refid="f0025">Fig. 5</ce:cross-ref>, (following heating to 700<ce:hsp sp="0.25"/>°C) the average oxide layer thickness was found to be 502<ce:hsp sp="0.25"/>nm although this varied from 0<ce:hsp sp="0.25"/>nm (no layer) up to ca. ~<ce:hsp sp="0.10"/>1<ce:hsp sp="0.25"/>μm but with most thicknesses &lt;<ce:hsp sp="0.10"/>700<ce:hsp sp="0.25"/>nm. The oxide layer structure is not homogenous across the Ni particle and these thickness variations in the film layer may affect local electrochemical performance.</ce:para><ce:para id="p0140" view="all">In this experiment, limited microstructural change has been observed upon exposing the composite Ni–YSZ microstructure to temperatures up to 500<ce:hsp sp="0.25"/>°C in air. The rate of oxidation will also be dependent on the local pO<ce:inf loc="post">2</ce:inf> within the structure (and therefore a function of the effective transport parameters and geometry of the structure itself). The microstructure examined here is relatively dense (compare e.g. with Iwai et al <ce:cross-ref refid="bb0075">[15]</ce:cross-ref>) and therefore the transport limitation will be exacerbated: for these structures, however, short-term air exposure at 500<ce:hsp sp="0.25"/>°C does not drive significant microstructural degradation. This may have implications for SOFC operating management, although clearly further investigation of technologically relevant electrodes is necessary to explore this in detail.</ce:para></ce:section><ce:section id="s0020" view="all"><ce:label>4</ce:label><ce:section-title>Conclusions</ce:section-title><ce:para id="p0145" view="all">Volume changes associated with redox cycling of Ni based electrodes for SOFCs can drive significant microstructural degradation. This can result in degradation over time from nickel oxidation under conditions of high fuel utilization and/or current density or if the SOFC undergoes redox cycles during its lifetime from failure of the fuel delivery system, or due to air leakage.</ce:para><ce:para id="p0150" view="all">The use of X-ray nano-CT has been demonstrated as a method for exploring changes in functional material microstructure, its non-destructive nature enabling direct comparison of material microstructures before and after an environmental change. The technique has been used to explore the effects of step-wise oxidation of a Ni–YSZ composite anode, showing a change in Ni morphology, the overall densification of the composite microstructure and the growth of a porous NiO film in three dimensions.</ce:para><ce:para id="p0155" view="all">Recently, the development and implementation of a heating stage for operation in-situ of the TXM stage has been demonstrated <ce:cross-ref refid="bb0080">[16]</ce:cross-ref>, providing the potential to track microstructural evolution processes associated with Ni oxidation without removal of the sample to an external furnace. Furthermore, combined with techniques for 3D X-ray absorption near edge spectroscopy (XANES) <ce:cross-ref refid="bb0085">[17]</ce:cross-ref> there is significant potential to simultaneously monitor chemical and microstructural change in-situ using synchrotron nano-CT.</ce:para><ce:para id="p0160" view="all">The application of these techniques is not limited to fuel cell research and may find application in a range of fields where microstructural evolution processes affect device or material lifetime, for example batteries, catalysts and structural ceramics.</ce:para></ce:section></ce:sections><ce:acknowledgment><ce:section-title>Acknowledgements</ce:section-title><ce:para id="p0165" view="all">The authors acknowledge the financial support from the <ce:grant-sponsor id="gts0005" xlink:type="simple" xlink:role="http://www.elsevier.com/xml/linking-roles/grant-sponsor">EPSRC Supergen Fuel Cells programme</ce:grant-sponsor> and the <ce:grant-sponsor id="gts0010" xlink:type="simple" xlink:role="http://www.elsevier.com/xml/linking-roles/grant-sponsor">EPSRC and University of Manchester</ce:grant-sponsor> funding for the establishment of the Henry Moseley X-ray Imaging Facility at Manchester. The support and expertise of Xradia and Visualization Sciences Group is also acknowledged.</ce:para><ce:para id="p0170" view="all">The <ce:grant-sponsor id="gts0015" xlink:type="simple" xlink:role="http://www.elsevier.com/xml/linking-roles/grant-sponsor">U.S. Department of Energy, Office of Science and Office of Basic Energy Sciences</ce:grant-sponsor> supported the use of the Advanced Photon Source at Argonne National Laboratory, under Contract no. <ce:cross-ref refid="gts0015">DE-AC02-06CH11357</ce:cross-ref>. Data was collected at beam-line XOR 32-ID and the support of the instrument scientists is gratefully acknowledged.</ce:para><ce:para id="p0175" view="all">Finally, the authors thank Prof. Alan Atkinson for useful discussions and insights.</ce:para></ce:acknowledgment></body><tail view="all"><ce:bibliography id="bi0005" view="all"><ce:section-title>References</ce:section-title><ce:bibliography-sec id="bs0005"><ce:bib-reference id="bb0005"><ce:label>[1]</ce:label><sb:reference id="rf0005"><sb:contribution langtype="en"><sb:authors><sb:author><ce:given-name>G.J.</ce:given-name><ce:surname>Offer</ce:surname></sb:author><sb:author><ce:given-name>J.</ce:given-name><ce:surname>Mermelstein</ce:surname></sb:author><sb:author><ce:given-name>E.</ce:given-name><ce:surname>Brightman</ce:surname></sb:author><sb:author><ce:given-name>N.P.</ce:given-name><ce:surname>Brandon</ce:surname></sb:author></sb:authors></sb:contribution><sb:host><sb:issue><sb:series><sb:title><sb:maintitle>J. Am. Ceram. Soc.</sb:maintitle></sb:title><sb:volume-nr>92</sb:volume-nr></sb:series><sb:date>2009</sb:date></sb:issue><sb:pages><sb:first-page>763</sb:first-page><sb:last-page>780</sb:last-page></sb:pages></sb:host></sb:reference></ce:bib-reference><ce:bib-reference id="bb0010"><ce:label>[2]</ce:label><sb:reference id="rf0010"><sb:contribution langtype="en"><sb:authors><sb:author><ce:given-name>A.</ce:given-name><ce:surname>Faes</ce:surname></sb:author><sb:author><ce:given-name>A.</ce:given-name><ce:surname>Hessler-Wyser</ce:surname></sb:author><sb:author><ce:given-name>D.</ce:given-name><ce:surname>Presvytes</ce:surname></sb:author><sb:author><ce:given-name>C.G.</ce:given-name><ce:surname>Vayenas</ce:surname></sb:author><sb:author><ce:given-name>J.</ce:given-name><ce:surname>Van Herle</ce:surname></sb:author></sb:authors></sb:contribution><sb:host><sb:issue><sb:series><sb:title><sb:maintitle>Fuel Cells</sb:maintitle></sb:title><sb:volume-nr>9</sb:volume-nr></sb:series><sb:date>2009</sb:date></sb:issue><sb:pages><sb:first-page>841</sb:first-page><sb:last-page>851</sb:last-page></sb:pages></sb:host></sb:reference></ce:bib-reference><ce:bib-reference id="bb0015"><ce:label>[3]</ce:label><sb:reference id="rf0015"><sb:contribution langtype="en"><sb:authors><sb:author><ce:given-name>D.</ce:given-name><ce:surname>Sarantaridis</ce:surname></sb:author><sb:author><ce:given-name>A.</ce:given-name><ce:surname>Atkinson</ce:surname></sb:author></sb:authors></sb:contribution><sb:host><sb:issue><sb:series><sb:title><sb:maintitle>Fuel Cells</sb:maintitle></sb:title><sb:volume-nr>7</sb:volume-nr></sb:series><sb:date>2007</sb:date></sb:issue><sb:pages><sb:first-page>246</sb:first-page><sb:last-page>258</sb:last-page></sb:pages></sb:host></sb:reference></ce:bib-reference><ce:bib-reference id="bb0020"><ce:label>[4]</ce:label><sb:reference id="rf0020"><sb:contribution langtype="en"><sb:authors><sb:author><ce:given-name>D.</ce:given-name><ce:surname>Waldbillig</ce:surname></sb:author><sb:author><ce:given-name>A.</ce:given-name><ce:surname>Wood</ce:surname></sb:author><sb:author><ce:given-name>D.G.</ce:given-name><ce:surname>Ivey</ce:surname></sb:author></sb:authors></sb:contribution><sb:host><sb:issue><sb:series><sb:title><sb:maintitle>J. Electrochem. Soc.</sb:maintitle></sb:title><sb:volume-nr>154</sb:volume-nr></sb:series><sb:date>2007</sb:date></sb:issue><sb:pages><sb:first-page>B133</sb:first-page><sb:last-page>B138</sb:last-page></sb:pages></sb:host></sb:reference></ce:bib-reference><ce:bib-reference id="bb0025"><ce:label>[5]</ce:label><sb:reference id="rf0080"><sb:contribution langtype="en"><sb:authors><sb:author><ce:given-name>P.R.</ce:given-name><ce:surname>Shearing</ce:surname></sb:author><sb:author><ce:given-name>D.J.L.</ce:given-name><ce:surname>Brett</ce:surname></sb:author><sb:author><ce:given-name>N.P.</ce:given-name><ce:surname>Brandon</ce:surname></sb:author></sb:authors></sb:contribution><sb:host><sb:issue><sb:series><sb:title><sb:maintitle>Int. Mater. Rev.</sb:maintitle></sb:title><sb:volume-nr>55</sb:volume-nr></sb:series><sb:date>2010</sb:date></sb:issue><sb:pages><sb:first-page>347</sb:first-page><sb:last-page>363</sb:last-page></sb:pages></sb:host></sb:reference></ce:bib-reference><ce:bib-reference id="bb0030"><ce:label>[6]</ce:label><sb:reference id="rf0085"><sb:contribution langtype="en"><sb:authors><sb:author><ce:given-name>J.S.</ce:given-name><ce:surname>Cronin</ce:surname></sb:author><sb:author><ce:given-name>J.R.</ce:given-name><ce:surname>Wilson</ce:surname></sb:author><sb:author><ce:given-name>S.A.</ce:given-name><ce:surname>Barnett</ce:surname></sb:author></sb:authors></sb:contribution><sb:host><sb:issue><sb:series><sb:title><sb:maintitle>J. Power Sources</sb:maintitle></sb:title><sb:volume-nr>196</sb:volume-nr></sb:series><sb:date>2011</sb:date></sb:issue><sb:pages><sb:first-page>2640</sb:first-page><sb:last-page>2643</sb:last-page></sb:pages></sb:host></sb:reference></ce:bib-reference><ce:bib-reference id="bb0035"><ce:label>[7]</ce:label><ce:other-ref><ce:textref>P.R. Shearing, PhD Thesis, Earth Science and Engineering, Imperial College, London, 2009.</ce:textref></ce:other-ref></ce:bib-reference><ce:bib-reference id="bb0040"><ce:label>[8]</ce:label><sb:reference id="rf0035"><sb:contribution langtype="en"><sb:authors><sb:author><ce:given-name>H.</ce:given-name><ce:surname>Muroyama</ce:surname></sb:author><sb:author><ce:given-name>H.</ce:given-name><ce:surname>Sumi</ce:surname></sb:author><sb:author><ce:given-name>R.</ce:given-name><ce:surname>Kishida</ce:surname></sb:author><sb:author><ce:given-name>J.Y.</ce:given-name><ce:surname>Kim</ce:surname></sb:author><sb:author><ce:given-name>T.</ce:given-name><ce:surname>Matsui</ce:surname></sb:author><sb:author><ce:given-name>K.</ce:given-name><ce:surname>Eguchi</ce:surname></sb:author></sb:authors></sb:contribution><sb:host><sb:issue><sb:series><sb:title><sb:maintitle>ECS Trans.</sb:maintitle></sb:title><sb:volume-nr>35</sb:volume-nr></sb:series><sb:date>2011</sb:date></sb:issue><sb:pages><sb:first-page>1379</sb:first-page><sb:last-page>1387</sb:last-page></sb:pages></sb:host></sb:reference></ce:bib-reference><ce:bib-reference id="bb0045"><ce:label>[9]</ce:label><sb:reference id="rf0040"><sb:contribution langtype="en"><sb:authors><sb:author><ce:given-name>K.N.</ce:given-name><ce:surname>Grew</ce:surname></sb:author><sb:author><ce:given-name>Y.S.</ce:given-name><ce:surname>Chu</ce:surname></sb:author><sb:author><ce:given-name>J.</ce:given-name><ce:surname>Yi</ce:surname></sb:author><sb:author><ce:given-name>A.A.</ce:given-name><ce:surname>Peracchio</ce:surname></sb:author><sb:author><ce:given-name>J.R.</ce:given-name><ce:surname>Izzo</ce:surname></sb:author><sb:author><ce:given-name>Y.</ce:given-name><ce:surname>Hwu</ce:surname></sb:author><sb:author><ce:given-name>F.</ce:given-name><ce:surname>De Carlo</ce:surname></sb:author><sb:author><ce:given-name>W.K.S.</ce:given-name><ce:surname>Chiu</ce:surname></sb:author></sb:authors></sb:contribution><sb:host><sb:issue><sb:series><sb:title><sb:maintitle>J. Electrochem. Soc.</sb:maintitle></sb:title><sb:volume-nr>157</sb:volume-nr></sb:series><sb:date>2010</sb:date></sb:issue><sb:pages><sb:first-page>B783</sb:first-page><sb:last-page>B792</sb:last-page></sb:pages></sb:host></sb:reference></ce:bib-reference><ce:bib-reference id="bb0050"><ce:label>[10]</ce:label><sb:reference id="rf0090"><sb:contribution langtype="en"><sb:authors><sb:author><ce:given-name>Y.</ce:given-name><ce:surname>Guan</ce:surname></sb:author><sb:author><ce:given-name>W.</ce:given-name><ce:surname>Li</ce:surname></sb:author><sb:author><ce:given-name>Y.</ce:given-name><ce:surname>Gong</ce:surname></sb:author><sb:author><ce:given-name>G.</ce:given-name><ce:surname>Liu</ce:surname></sb:author><sb:author><ce:given-name>X.</ce:given-name><ce:surname>Zhang</ce:surname></sb:author><sb:author><ce:given-name>J.</ce:given-name><ce:surname>Chen</ce:surname></sb:author><sb:author><ce:given-name>J.</ce:given-name><ce:surname>Gelb</ce:surname></sb:author><sb:author><ce:given-name>W.</ce:given-name><ce:surname>Yun</ce:surname></sb:author><sb:author><ce:given-name>Y.</ce:given-name><ce:surname>Xiong</ce:surname></sb:author><sb:author><ce:given-name>Y.</ce:given-name><ce:surname>Tian</ce:surname></sb:author><sb:author><ce:given-name>H.</ce:given-name><ce:surname>Wang</ce:surname></sb:author></sb:authors></sb:contribution><sb:host><sb:issue><sb:series><sb:title><sb:maintitle>J. Power Sources</sb:maintitle></sb:title><sb:volume-nr>196</sb:volume-nr></sb:series><sb:date>2011</sb:date></sb:issue><sb:pages><sb:first-page>1915</sb:first-page><sb:last-page>1919</sb:last-page></sb:pages></sb:host></sb:reference></ce:bib-reference><ce:bib-reference id="bb0055"><ce:label>[11]</ce:label><sb:reference id="rf0095"><sb:contribution langtype="en"><sb:authors><sb:author><ce:given-name>P.R.</ce:given-name><ce:surname>Shearing</ce:surname></sb:author><sb:author><ce:given-name>J.</ce:given-name><ce:surname>Gelb</ce:surname></sb:author><sb:author><ce:given-name>J.</ce:given-name><ce:surname>Yi</ce:surname></sb:author><sb:author><ce:given-name>W.K.</ce:given-name><ce:surname>Lee</ce:surname></sb:author><sb:author><ce:given-name>M.</ce:given-name><ce:surname>Drakopolous</ce:surname></sb:author><sb:author><ce:given-name>N.P.</ce:given-name><ce:surname>Brandon</ce:surname></sb:author></sb:authors></sb:contribution><sb:host><sb:issue><sb:series><sb:title><sb:maintitle>Electrochem. Commun.</sb:maintitle></sb:title><sb:volume-nr>12</sb:volume-nr></sb:series><sb:date>2010</sb:date></sb:issue><sb:pages><sb:first-page>1021</sb:first-page><sb:last-page>1024</sb:last-page></sb:pages></sb:host></sb:reference></ce:bib-reference><ce:bib-reference id="bb0060"><ce:label>[12]</ce:label><sb:reference id="rf0055"><sb:contribution langtype="en"><sb:authors><sb:author><ce:given-name>P.R.</ce:given-name><ce:surname>Shearing</ce:surname></sb:author><sb:author><ce:given-name>J.</ce:given-name><ce:surname>Gelb</ce:surname></sb:author><sb:author><ce:given-name>N.P.</ce:given-name><ce:surname>Brandon</ce:surname></sb:author></sb:authors></sb:contribution><sb:host><sb:issue><sb:series><sb:title><sb:maintitle>J. Eur. Ceram. Soc.</sb:maintitle></sb:title><sb:volume-nr>30</sb:volume-nr></sb:series><sb:date>2010</sb:date></sb:issue><sb:pages><sb:first-page>1809</sb:first-page><sb:last-page>1814</sb:last-page></sb:pages></sb:host></sb:reference></ce:bib-reference><ce:bib-reference id="bb0065"><ce:label>[13]</ce:label><sb:reference id="rf0110"><sb:contribution langtype="en"><sb:authors><sb:author><ce:given-name>W.S.</ce:given-name><ce:surname>Rasband</ce:surname></sb:author></sb:authors><sb:title><sb:maintitle>ImageJ, U. S. National Institutes of Health, Bethesda, Maryland, USA</sb:maintitle></sb:title></sb:contribution><sb:host><sb:book><sb:date>1997–2011</sb:date></sb:book></sb:host></sb:reference></ce:bib-reference><ce:bib-reference id="bb0070"><ce:label>[14]</ce:label><sb:reference id="rf0060"><sb:contribution langtype="en"><sb:authors><sb:author><ce:given-name>T.A.</ce:given-name><ce:surname>Utigard</ce:surname></sb:author><sb:author><ce:given-name>M.</ce:given-name><ce:surname>Wu</ce:surname></sb:author><sb:author><ce:given-name>G.</ce:given-name><ce:surname>Plascencia</ce:surname></sb:author><sb:author><ce:given-name>T.</ce:given-name><ce:surname>Marin</ce:surname></sb:author></sb:authors></sb:contribution><sb:host><sb:issue><sb:series><sb:title><sb:maintitle>Chem. Eng. Sci.</sb:maintitle></sb:title><sb:volume-nr>60</sb:volume-nr></sb:series><sb:date>2005</sb:date></sb:issue><sb:pages><sb:first-page>2061</sb:first-page><sb:last-page>2068</sb:last-page></sb:pages></sb:host></sb:reference></ce:bib-reference><ce:bib-reference id="bb0075"><ce:label>[15]</ce:label><sb:reference id="rf0105"><sb:contribution langtype="en"><sb:authors><sb:author><ce:given-name>H.</ce:given-name><ce:surname>Iwai</ce:surname></sb:author><sb:author><ce:given-name>N.</ce:given-name><ce:surname>Shikazono</ce:surname></sb:author><sb:author><ce:given-name>T.</ce:given-name><ce:surname>Matsui</ce:surname></sb:author><sb:author><ce:given-name>H.</ce:given-name><ce:surname>Teshima</ce:surname></sb:author><sb:author><ce:given-name>M.</ce:given-name><ce:surname>Kishimoto</ce:surname></sb:author><sb:author><ce:given-name>R.</ce:given-name><ce:surname>Kishida</ce:surname></sb:author><sb:author><ce:given-name>D.</ce:given-name><ce:surname>Hayashi</ce:surname></sb:author><sb:author><ce:given-name>K.</ce:given-name><ce:surname>Matsuzaki</ce:surname></sb:author><sb:author><ce:given-name>D.</ce:given-name><ce:surname>Kanno</ce:surname></sb:author><sb:author><ce:given-name>M.</ce:given-name><ce:surname>Saito</ce:surname></sb:author><sb:author><ce:given-name>H.</ce:given-name><ce:surname>Muroyama</ce:surname></sb:author><sb:author><ce:given-name>K.</ce:given-name><ce:surname>Eguchi</ce:surname></sb:author><sb:author><ce:given-name>N.</ce:given-name><ce:surname>Kasagi</ce:surname></sb:author><sb:author><ce:given-name>H.</ce:given-name><ce:surname>Yoshida</ce:surname></sb:author></sb:authors></sb:contribution><sb:host><sb:issue><sb:series><sb:title><sb:maintitle>J. Power Sources</sb:maintitle></sb:title><sb:volume-nr>195</sb:volume-nr></sb:series><sb:date>2010</sb:date></sb:issue><sb:pages><sb:first-page>955</sb:first-page><sb:last-page>961</sb:last-page></sb:pages></sb:host></sb:reference></ce:bib-reference><ce:bib-reference id="bb0080"><ce:label>[16]</ce:label><sb:reference id="rf0070"><sb:contribution langtype="en"><sb:authors><sb:author><ce:given-name>P.R.</ce:given-name><ce:surname>Shearing</ce:surname></sb:author><sb:author><ce:given-name>R.</ce:given-name><ce:surname>Bradley</ce:surname></sb:author><sb:author><ce:given-name>J.</ce:given-name><ce:surname>Gelb</ce:surname></sb:author><sb:author><ce:given-name>S.N.</ce:given-name><ce:surname>Lee</ce:surname></sb:author><sb:author><ce:given-name>A.</ce:given-name><ce:surname>Atkinson</ce:surname></sb:author><sb:author><ce:given-name>P.J.</ce:given-name><ce:surname>Withers</ce:surname></sb:author><sb:author><ce:given-name>N.P.</ce:given-name><ce:surname>Brandon</ce:surname></sb:author></sb:authors></sb:contribution><sb:host><sb:issue><sb:series><sb:title><sb:maintitle>Electrochem. Solid-State Lett.</sb:maintitle></sb:title><sb:volume-nr>14</sb:volume-nr></sb:series><sb:date>2011</sb:date></sb:issue><sb:pages><sb:first-page>B117</sb:first-page></sb:pages></sb:host></sb:reference></ce:bib-reference><ce:bib-reference id="bb0085"><ce:label>[17]</ce:label><sb:reference id="rf0075"><sb:contribution langtype="en"><sb:authors><sb:author><ce:given-name>G.J.</ce:given-name><ce:surname>Nelson</ce:surname></sb:author><sb:author><ce:given-name>W.M.</ce:given-name><ce:surname>Harris</ce:surname></sb:author><sb:author><ce:given-name>J.R.</ce:given-name><ce:surname>Izzo</ce:surname></sb:author><sb:author><ce:given-name>K.N.</ce:given-name><ce:surname>Grew</ce:surname></sb:author><sb:author><ce:given-name>W.K.S.</ce:given-name><ce:surname>Chiu</ce:surname></sb:author><sb:author><ce:given-name>Y.S.</ce:given-name><ce:surname>Chu</ce:surname></sb:author><sb:author><ce:given-name>J.</ce:given-name><ce:surname>Yi</ce:surname></sb:author><sb:author><ce:given-name>J.C.</ce:given-name><ce:surname>Andrews</ce:surname></sb:author><sb:author><ce:given-name>Y.J.</ce:given-name><ce:surname>Liu</ce:surname></sb:author><sb:author><ce:given-name>P.</ce:given-name><ce:surname>Pianetta</ce:surname></sb:author></sb:authors></sb:contribution><sb:host><sb:issue><sb:series><sb:title><sb:maintitle>Appl. Phys. Lett.</sb:maintitle></sb:title><sb:volume-nr>98</sb:volume-nr></sb:series><sb:date>2011</sb:date></sb:issue></sb:host></sb:reference></ce:bib-reference></ce:bibliography-sec></ce:bibliography></tail></article></xocs:serial-item></xocs:doc>