<xocs:doc xsi:schemaLocation="http://www.elsevier.com/xml/xocs/dtd http://schema.elsevier.com/dtds/document/fulltext/xcr/xocs-article.xsd" xmlns:xocs="http://www.elsevier.com/xml/xocs/dtd" xmlns:xs="http://www.w3.org/2001/XMLSchema" xmlns:xsi="http://www.w3.org/2001/XMLSchema-instance" xmlns="http://www.elsevier.com/xml/ja/dtd" xmlns:ja="http://www.elsevier.com/xml/ja/dtd" xmlns:mml="http://www.w3.org/1998/Math/MathML" xmlns:tb="http://www.elsevier.com/xml/common/table/dtd" xmlns:sb="http://www.elsevier.com/xml/common/struct-bib/dtd" xmlns:ce="http://www.elsevier.com/xml/common/dtd" xmlns:xlink="http://www.w3.org/1999/xlink" xmlns:cals="http://www.elsevier.com/xml/common/cals/dtd"><xocs:meta><xocs:content-family>serial</xocs:content-family><xocs:content-type>JL</xocs:content-type><xocs:cid>271411</xocs:cid><xocs:ssids><xocs:ssid type="alllist">291210</xocs:ssid><xocs:ssid type="subj">291689</xocs:ssid><xocs:ssid type="subj">291719</xocs:ssid><xocs:ssid type="subj">291790</xocs:ssid><xocs:ssid type="subj">291865</xocs:ssid><xocs:ssid type="subj">291877</xocs:ssid><xocs:ssid type="content">31</xocs:ssid><xocs:ssid type="oa">90</xocs:ssid></xocs:ssids><xocs:srctitle>Solid State Ionics</xocs:srctitle><xocs:normalized-srctitle>SOLIDSTATEIONICS</xocs:normalized-srctitle><xocs:orig-load-date yyyymmdd="20151128">2015-11-28</xocs:orig-load-date><xocs:available-online-date yyyymmdd="20151128">2015-11-28</xocs:available-online-date><xocs:ew-transaction-id>2015-11-28T04:09:21</xocs:ew-transaction-id><xocs:eid>1-s2.0-S0167273815004130</xocs:eid><xocs:pii-formatted>S0167-2738(15)00413-0</xocs:pii-formatted><xocs:pii-unformatted>S0167273815004130</xocs:pii-unformatted><xocs:doi>10.1016/j.ssi.2015.11.007</xocs:doi><xocs:item-stage>S200</xocs:item-stage><xocs:item-version-number>S200.1</xocs:item-version-number><xocs:item-weight>FULL-TEXT</xocs:item-weight><xocs:timestamp yyyymmdd="20160421">2016-04-21T09:45:10.710124-04:00</xocs:timestamp><xocs:dco>0</xocs:dco><xocs:tomb>0</xocs:tomb><xocs:date-search-begin>20151128</xocs:date-search-begin><xocs:year-nav>2015</xocs:year-nav><xocs:indexeddate epoch="1448693387">2015-11-28T06:49:47.637298Z</xocs:indexeddate><xocs:articleinfo>aiptxt articleinfo articletitlenorm authfirstinitialnorm authfirstsurnamenorm cid cids contenttype copyright crossmark dateloaded dateloadedtxt datesearch datesort dateupdated dco docsubtype doctype doi eid ewtransactionid fundingbodyid indexeddate issn issnnorm itemstage itemtransactionid itemweight oauserlicense openaccess openarchive pii piinorm pubdatestart pubdatetxt pubyr sortorder sponsoredaccesstype srctitle srctitlenorm srctype ssids alllist content oa subj subheadings tomb webpdf webpdfpagecount yearnav figure table body mmlmath acknowledge affil articletitle auth authfirstini authfull authkeywords authlast grantnumber grantsponsor grantsponsorid highlightsabst primabst ref</xocs:articleinfo><xocs:issns><xocs:issn-primary-formatted>0167-2738</xocs:issn-primary-formatted><xocs:issn-primary-unformatted>01672738</xocs:issn-primary-unformatted></xocs:issns><xocs:sponsored-access-type>UNLIMITED</xocs:sponsored-access-type><xocs:funding-body-id>EPSRC</xocs:funding-body-id><xocs:crossmark is-crossmark="0"/><xocs:aip-text>In Press, Corrected Proof</xocs:aip-text><xocs:sort-order>0</xocs:sort-order><xocs:cover-date-text>Available online 28 November 2015</xocs:cover-date-text><xocs:cover-date-start>2015-11-28</xocs:cover-date-start><xocs:cover-date-year>2015</xocs:cover-date-year><xocs:document-type>article</xocs:document-type><xocs:document-subtype>fla</xocs:document-subtype><xocs:copyright-line>© 2015 The Authors. Published by Elsevier B.V.</xocs:copyright-line><xocs:normalized-article-title>NICKELNANOCATALYSTEXSOLUTIONLASRCRMNIO3MMNFEPEROVSKITESFORFUELOXIDATIONLAYEROXYGENTRANSPORTMEMBRANES</xocs:normalized-article-title><xocs:normalized-first-auth-surname>PAPARGYRIOU</xocs:normalized-first-auth-surname><xocs:normalized-first-auth-initial>D</xocs:normalized-first-auth-initial><xocs:item-toc><xocs:item-toc-entry ref-elem="ce:sections"><xocs:item-toc-label>1</xocs:item-toc-label><xocs:item-toc-section-title>Introduction</xocs:item-toc-section-title></xocs:item-toc-entry><xocs:item-toc-entry ref-elem="ce:sections"><xocs:item-toc-label>2</xocs:item-toc-label><xocs:item-toc-section-title>Experimental section</xocs:item-toc-section-title><xocs:item-toc-entry ref-elem="ce:sections"><xocs:item-toc-label>2.1</xocs:item-toc-label><xocs:item-toc-section-title>Synthesis</xocs:item-toc-section-title></xocs:item-toc-entry><xocs:item-toc-entry ref-elem="ce:sections"><xocs:item-toc-label>2.2</xocs:item-toc-label><xocs:item-toc-section-title>Characterisation techniques</xocs:item-toc-section-title></xocs:item-toc-entry></xocs:item-toc-entry><xocs:item-toc-entry ref-elem="ce:sections"><xocs:item-toc-label>3</xocs:item-toc-label><xocs:item-toc-section-title>Results–discussion</xocs:item-toc-section-title><xocs:item-toc-entry ref-elem="ce:sections"><xocs:item-toc-label>3.1</xocs:item-toc-label><xocs:item-toc-section-title>Structure</xocs:item-toc-section-title></xocs:item-toc-entry><xocs:item-toc-entry ref-elem="ce:sections"><xocs:item-toc-label>3.2</xocs:item-toc-label><xocs:item-toc-section-title>Thermal analysis</xocs:item-toc-section-title></xocs:item-toc-entry><xocs:item-toc-entry ref-elem="ce:sections"><xocs:item-toc-label>3.3</xocs:item-toc-label><xocs:item-toc-section-title>Nickel exsolution</xocs:item-toc-section-title></xocs:item-toc-entry><xocs:item-toc-entry ref-elem="ce:sections"><xocs:item-toc-label>3.4</xocs:item-toc-label><xocs:item-toc-section-title>DC conductivity</xocs:item-toc-section-title></xocs:item-toc-entry></xocs:item-toc-entry><xocs:item-toc-entry ref-elem="ce:sections"><xocs:item-toc-label>4</xocs:item-toc-label><xocs:item-toc-section-title>Conclusions</xocs:item-toc-section-title></xocs:item-toc-entry><xocs:item-toc-entry ref-elem="ce:acknowledgment"><xocs:item-toc-section-title>Acknowledgements</xocs:item-toc-section-title></xocs:item-toc-entry><xocs:item-toc-entry ref-elem="ce:bibliography"><xocs:item-toc-section-title>References</xocs:item-toc-section-title></xocs:item-toc-entry></xocs:item-toc><xocs:references><xocs:ref-info refid="rf0005"><xocs:ref-normalized-surname>ROSEN</xocs:ref-normalized-surname><xocs:ref-pub-year>2011</xocs:ref-pub-year><xocs:ref-first-fp>750</xocs:ref-first-fp><xocs:ref-last-lp>755</xocs:ref-last-lp><xocs:ref-normalized-initial>L</xocs:ref-normalized-initial></xocs:ref-info><xocs:ref-info refid="rf0010"><xocs:ref-normalized-surname>NEAGU</xocs:ref-normalized-surname><xocs:ref-pub-year>2013</xocs:ref-pub-year><xocs:ref-first-fp>916</xocs:ref-first-fp><xocs:ref-last-lp>923</xocs:ref-last-lp><xocs:ref-normalized-initial>D</xocs:ref-normalized-initial></xocs:ref-info><xocs:ref-info refid="rf0015"><xocs:ref-normalized-surname>SCREEN</xocs:ref-normalized-surname><xocs:ref-pub-year>2007</xocs:ref-pub-year><xocs:ref-first-fp>87</xocs:ref-first-fp><xocs:ref-last-lp>92</xocs:ref-last-lp><xocs:ref-normalized-initial>T</xocs:ref-normalized-initial></xocs:ref-info><xocs:ref-info refid="rf0020"><xocs:ref-normalized-surname>TAO</xocs:ref-normalized-surname><xocs:ref-pub-year>2006</xocs:ref-pub-year><xocs:ref-first-fp>21771</xocs:ref-first-fp><xocs:ref-last-lp>21776</xocs:ref-last-lp><xocs:ref-normalized-initial>S</xocs:ref-normalized-initial></xocs:ref-info><xocs:ref-info refid="rf0025"><xocs:ref-normalized-surname>JARDIEL</xocs:ref-normalized-surname><xocs:ref-pub-year>2010</xocs:ref-pub-year><xocs:ref-first-fp>894</xocs:ref-first-fp><xocs:ref-last-lp>901</xocs:ref-last-lp><xocs:ref-normalized-initial>T</xocs:ref-normalized-initial></xocs:ref-info><xocs:ref-info refid="rf0030"><xocs:ref-normalized-surname>BOULFRAD</xocs:ref-normalized-surname><xocs:ref-pub-year>2013</xocs:ref-pub-year><xocs:ref-first-fp>9519</xocs:ref-first-fp><xocs:ref-last-lp>9524</xocs:ref-last-lp><xocs:ref-normalized-initial>S</xocs:ref-normalized-initial></xocs:ref-info><xocs:ref-info refid="rf0035"><xocs:ref-normalized-surname>MONTEIRO</xocs:ref-normalized-surname><xocs:ref-pub-year>2012</xocs:ref-pub-year><xocs:ref-first-fp>9816</xocs:ref-first-fp><xocs:ref-last-lp>9829</xocs:ref-last-lp><xocs:ref-normalized-initial>N</xocs:ref-normalized-initial></xocs:ref-info><xocs:ref-info refid="rf0040"><xocs:ref-normalized-surname>TAO</xocs:ref-normalized-surname><xocs:ref-pub-year>2004</xocs:ref-pub-year><xocs:ref-first-fp>4116</xocs:ref-first-fp><xocs:ref-last-lp>4121</xocs:ref-last-lp><xocs:ref-normalized-initial>S</xocs:ref-normalized-initial></xocs:ref-info><xocs:ref-info refid="rf0050"><xocs:ref-normalized-surname>WAN</xocs:ref-normalized-surname><xocs:ref-pub-year>2005</xocs:ref-pub-year><xocs:ref-first-fp>429</xocs:ref-first-fp><xocs:ref-last-lp>434</xocs:ref-last-lp><xocs:ref-normalized-initial>J</xocs:ref-normalized-initial></xocs:ref-info><xocs:ref-info refid="rf0045"><xocs:ref-normalized-surname>TAO</xocs:ref-normalized-surname><xocs:ref-pub-year>2004</xocs:ref-pub-year><xocs:ref-first-fp>A252</xocs:ref-first-fp><xocs:ref-normalized-initial>S</xocs:ref-normalized-initial></xocs:ref-info></xocs:references><xocs:attachment-metadata-doc><xocs:attachment-set-type>item</xocs:attachment-set-type><xocs:pii-formatted>S0167-2738(15)00413-0</xocs:pii-formatted><xocs:pii-unformatted>S0167273815004130</xocs:pii-unformatted><xocs:eid>1-s2.0-S0167273815004130</xocs:eid><xocs:doi>10.1016/j.ssi.2015.11.007</xocs:doi><xocs:cid>271411</xocs:cid><xocs:timestamp>2015-11-28T00:49:47.637298-05:00</xocs:timestamp><xocs:path>/271411/AIP/1-s2.0-S0167273815004130/</xocs:path><xocs:cover-date-start>2015-11-28</xocs:cover-date-start><xocs:sponsored-access-type>UNLIMITED</xocs:sponsored-access-type><xocs:funding-body-id>EPSRC</xocs:funding-body-id><xocs:attachments><xocs:web-pdf><xocs:attachment-eid>1-s2.0-S0167273815004130-main.pdf</xocs:attachment-eid><xocs:ucs-locator>https://s3-eu-west-1.amazonaws.com/prod-ucs-content-store-eu-west/content/pii:S0167273815004130/MAIN/application/pdf/8edbdd72ef5b84978f5e7049b9bb2e2d/main.pdf</xocs:ucs-locator><xocs:ucs-locator>https://s3.amazonaws.com/prod-ucs-content-store-us-east/content/pii:S0167273815004130/MAIN/application/pdf/8edbdd72ef5b84978f5e7049b9bb2e2d/main.pdf</xocs:ucs-locator><xocs:filename>main.pdf</xocs:filename><xocs:extension>pdf</xocs:extension><xocs:pdf-optimized>true</xocs:pdf-optimized><xocs:filesize>1561672</xocs:filesize><xocs:web-pdf-purpose>MAIN</xocs:web-pdf-purpose><xocs:web-pdf-page-count>4</xocs:web-pdf-page-count><xocs:web-pdf-images><xocs:web-pdf-image><xocs:attachment-eid>1-s2.0-S0167273815004130-main_1.png</xocs:attachment-eid><xocs:ucs-locator>https://s3-eu-west-1.amazonaws.com/prod-ucs-content-store-eu-west/content/pii:S0167273815004130/PREVIEW/image/png/6c90486fd8a436175eac1d841e24303f/main_1.png</xocs:ucs-locator><xocs:ucs-locator>https://s3.amazonaws.com/prod-ucs-content-store-us-east/content/pii:S0167273815004130/PREVIEW/image/png/6c90486fd8a436175eac1d841e24303f/main_1.png</xocs:ucs-locator><xocs:filename>main_1.png</xocs:filename><xocs:extension>png</xocs:extension><xocs:filesize>61869</xocs:filesize><xocs:pixel-height>849</xocs:pixel-height><xocs:pixel-width>656</xocs:pixel-width><xocs:attachment-type>IMAGE-WEB-PDF</xocs:attachment-type><xocs:pdf-page-num>1</xocs:pdf-page-num></xocs:web-pdf-image></xocs:web-pdf-images></xocs:web-pdf><xocs:attachment><xocs:attachment-eid>1-s2.0-S0167273815004130-gr9.jpg</xocs:attachment-eid><xocs:ucs-locator>https://s3-eu-west-1.amazonaws.com/prod-ucs-content-store-eu-west/content/pii:S0167273815004130/gr9/DOWNSAMPLED/image/jpeg/1bf73d4a7e5875f5ba98f77c70ac166f/gr9.jpg</xocs:ucs-locator><xocs:ucs-locator>https://s3.amazonaws.com/prod-ucs-content-store-us-east/content/pii:S0167273815004130/gr9/DOWNSAMPLED/image/jpeg/1bf73d4a7e5875f5ba98f77c70ac166f/gr9.jpg</xocs:ucs-locator><xocs:file-basename>gr9</xocs:file-basename><xocs:filename>gr9.jpg</xocs:filename><xocs:extension>jpg</xocs:extension><xocs:filesize>41930</xocs:filesize><xocs:pixel-height>311</xocs:pixel-height><xocs:pixel-width>390</xocs:pixel-width><xocs:attachment-type>IMAGE-DOWNSAMPLED</xocs:attachment-type></xocs:attachment><xocs:attachment><xocs:attachment-eid>1-s2.0-S0167273815004130-gr8.jpg</xocs:attachment-eid><xocs:ucs-locator>https://s3-eu-west-1.amazonaws.com/prod-ucs-content-store-eu-west/content/pii:S0167273815004130/gr8/DOWNSAMPLED/image/jpeg/ea7419710a9d315192fd784bcb1542fc/gr8.jpg</xocs:ucs-locator><xocs:ucs-locator>https://s3.amazonaws.com/prod-ucs-content-store-us-east/content/pii:S0167273815004130/gr8/DOWNSAMPLED/image/jpeg/ea7419710a9d315192fd784bcb1542fc/gr8.jpg</xocs:ucs-locator><xocs:file-basename>gr8</xocs:file-basename><xocs:filename>gr8.jpg</xocs:filename><xocs:extension>jpg</xocs:extension><xocs:filesize>30039</xocs:filesize><xocs:pixel-height>309</xocs:pixel-height><xocs:pixel-width>380</xocs:pixel-width><xocs:attachment-type>IMAGE-DOWNSAMPLED</xocs:attachment-type></xocs:attachment><xocs:attachment><xocs:attachment-eid>1-s2.0-S0167273815004130-gr7.jpg</xocs:attachment-eid><xocs:ucs-locator>https://s3-eu-west-1.amazonaws.com/prod-ucs-content-store-eu-west/content/pii:S0167273815004130/gr7/DOWNSAMPLED/image/jpeg/1de592f3d26fe4af5feddc0adf5671c6/gr7.jpg</xocs:ucs-locator><xocs:ucs-locator>https://s3.amazonaws.com/prod-ucs-content-store-us-east/content/pii:S0167273815004130/gr7/DOWNSAMPLED/image/jpeg/1de592f3d26fe4af5feddc0adf5671c6/gr7.jpg</xocs:ucs-locator><xocs:file-basename>gr7</xocs:file-basename><xocs:filename>gr7.jpg</xocs:filename><xocs:extension>jpg</xocs:extension><xocs:filesize>31965</xocs:filesize><xocs:pixel-height>311</xocs:pixel-height><xocs:pixel-width>380</xocs:pixel-width><xocs:attachment-type>IMAGE-DOWNSAMPLED</xocs:attachment-type></xocs:attachment><xocs:attachment><xocs:attachment-eid>1-s2.0-S0167273815004130-gr6.jpg</xocs:attachment-eid><xocs:ucs-locator>https://s3-eu-west-1.amazonaws.com/prod-ucs-content-store-eu-west/content/pii:S0167273815004130/gr6/DOWNSAMPLED/image/jpeg/d8bd3715c33f4a9e6ea7174f894d141c/gr6.jpg</xocs:ucs-locator><xocs:ucs-locator>https://s3.amazonaws.com/prod-ucs-content-store-us-east/content/pii:S0167273815004130/gr6/DOWNSAMPLED/image/jpeg/d8bd3715c33f4a9e6ea7174f894d141c/gr6.jpg</xocs:ucs-locator><xocs:file-basename>gr6</xocs:file-basename><xocs:filename>gr6.jpg</xocs:filename><xocs:extension>jpg</xocs:extension><xocs:filesize>32798</xocs:filesize><xocs:pixel-height>313</xocs:pixel-height><xocs:pixel-width>390</xocs:pixel-width><xocs:attachment-type>IMAGE-DOWNSAMPLED</xocs:attachment-type></xocs:attachment><xocs:attachment><xocs:attachment-eid>1-s2.0-S0167273815004130-gr5.jpg</xocs:attachment-eid><xocs:ucs-locator>https://s3-eu-west-1.amazonaws.com/prod-ucs-content-store-eu-west/content/pii:S0167273815004130/gr5/DOWNSAMPLED/image/jpeg/7cfa39b6b332ea909ba6d912bcedc0fc/gr5.jpg</xocs:ucs-locator><xocs:ucs-locator>https://s3.amazonaws.com/prod-ucs-content-store-us-east/content/pii:S0167273815004130/gr5/DOWNSAMPLED/image/jpeg/7cfa39b6b332ea909ba6d912bcedc0fc/gr5.jpg</xocs:ucs-locator><xocs:file-basename>gr5</xocs:file-basename><xocs:filename>gr5.jpg</xocs:filename><xocs:extension>jpg</xocs:extension><xocs:filesize>45034</xocs:filesize><xocs:pixel-height>314</xocs:pixel-height><xocs:pixel-width>390</xocs:pixel-width><xocs:attachment-type>IMAGE-DOWNSAMPLED</xocs:attachment-type></xocs:attachment><xocs:attachment><xocs:attachment-eid>1-s2.0-S0167273815004130-gr4.jpg</xocs:attachment-eid><xocs:ucs-locator>https://s3-eu-west-1.amazonaws.com/prod-ucs-content-store-eu-west/content/pii:S0167273815004130/gr4/DOWNSAMPLED/image/jpeg/3855210905889032d57055bdd063219e/gr4.jpg</xocs:ucs-locator><xocs:ucs-locator>https://s3.amazonaws.com/prod-ucs-content-store-us-east/content/pii:S0167273815004130/gr4/DOWNSAMPLED/image/jpeg/3855210905889032d57055bdd063219e/gr4.jpg</xocs:ucs-locator><xocs:file-basename>gr4</xocs:file-basename><xocs:filename>gr4.jpg</xocs:filename><xocs:extension>jpg</xocs:extension><xocs:filesize>27605</xocs:filesize><xocs:pixel-height>294</xocs:pixel-height><xocs:pixel-width>380</xocs:pixel-width><xocs:attachment-type>IMAGE-DOWNSAMPLED</xocs:attachment-type></xocs:attachment><xocs:attachment><xocs:attachment-eid>1-s2.0-S0167273815004130-gr3.jpg</xocs:attachment-eid><xocs:ucs-locator>https://s3-eu-west-1.amazonaws.com/prod-ucs-content-store-eu-west/content/pii:S0167273815004130/gr3/DOWNSAMPLED/image/jpeg/91de393ffaa52bb62dfa3dfc8578da44/gr3.jpg</xocs:ucs-locator><xocs:ucs-locator>https://s3.amazonaws.com/prod-ucs-content-store-us-east/content/pii:S0167273815004130/gr3/DOWNSAMPLED/image/jpeg/91de393ffaa52bb62dfa3dfc8578da44/gr3.jpg</xocs:ucs-locator><xocs:file-basename>gr3</xocs:file-basename><xocs:filename>gr3.jpg</xocs:filename><xocs:extension>jpg</xocs:extension><xocs:filesize>27547</xocs:filesize><xocs:pixel-height>294</xocs:pixel-height><xocs:pixel-width>380</xocs:pixel-width><xocs:attachment-type>IMAGE-DOWNSAMPLED</xocs:attachment-type></xocs:attachment><xocs:attachment><xocs:attachment-eid>1-s2.0-S0167273815004130-gr2.jpg</xocs:attachment-eid><xocs:ucs-locator>https://s3-eu-west-1.amazonaws.com/prod-ucs-content-store-eu-west/content/pii:S0167273815004130/gr2/DOWNSAMPLED/image/jpeg/b2ed96a41209503aadc20681a716f61d/gr2.jpg</xocs:ucs-locator><xocs:ucs-locator>https://s3.amazonaws.com/prod-ucs-content-store-us-east/content/pii:S0167273815004130/gr2/DOWNSAMPLED/image/jpeg/b2ed96a41209503aadc20681a716f61d/gr2.jpg</xocs:ucs-locator><xocs:file-basename>gr2</xocs:file-basename><xocs:filename>gr2.jpg</xocs:filename><xocs:extension>jpg</xocs:extension><xocs:filesize>19315</xocs:filesize><xocs:pixel-height>249</xocs:pixel-height><xocs:pixel-width>367</xocs:pixel-width><xocs:attachment-type>IMAGE-DOWNSAMPLED</xocs:attachment-type></xocs:attachment><xocs:attachment><xocs:attachment-eid>1-s2.0-S0167273815004130-gr10.jpg</xocs:attachment-eid><xocs:ucs-locator>https://s3-eu-west-1.amazonaws.com/prod-ucs-content-store-eu-west/content/pii:S0167273815004130/gr10/DOWNSAMPLED/image/jpeg/42e38bc6c76d32e0de1a2cd88a1945cd/gr10.jpg</xocs:ucs-locator><xocs:ucs-locator>https://s3.amazonaws.com/prod-ucs-content-store-us-east/content/pii:S0167273815004130/gr10/DOWNSAMPLED/image/jpeg/42e38bc6c76d32e0de1a2cd88a1945cd/gr10.jpg</xocs:ucs-locator><xocs:file-basename>gr10</xocs:file-basename><xocs:filename>gr10.jpg</xocs:filename><xocs:extension>jpg</xocs:extension><xocs:filesize>40242</xocs:filesize><xocs:pixel-height>313</xocs:pixel-height><xocs:pixel-width>390</xocs:pixel-width><xocs:attachment-type>IMAGE-DOWNSAMPLED</xocs:attachment-type></xocs:attachment><xocs:attachment><xocs:attachment-eid>1-s2.0-S0167273815004130-gr1.jpg</xocs:attachment-eid><xocs:ucs-locator>https://s3-eu-west-1.amazonaws.com/prod-ucs-content-store-eu-west/content/pii:S0167273815004130/gr1/DOWNSAMPLED/image/jpeg/c21410a9be904a2235cba9702ee1005a/gr1.jpg</xocs:ucs-locator><xocs:ucs-locator>https://s3.amazonaws.com/prod-ucs-content-store-us-east/content/pii:S0167273815004130/gr1/DOWNSAMPLED/image/jpeg/c21410a9be904a2235cba9702ee1005a/gr1.jpg</xocs:ucs-locator><xocs:file-basename>gr1</xocs:file-basename><xocs:filename>gr1.jpg</xocs:filename><xocs:extension>jpg</xocs:extension><xocs:filesize>19264</xocs:filesize><xocs:pixel-height>252</xocs:pixel-height><xocs:pixel-width>370</xocs:pixel-width><xocs:attachment-type>IMAGE-DOWNSAMPLED</xocs:attachment-type></xocs:attachment><xocs:attachment><xocs:attachment-eid>1-s2.0-S0167273815004130-gr9.sml</xocs:attachment-eid><xocs:ucs-locator>https://s3-eu-west-1.amazonaws.com/prod-ucs-content-store-eu-west/content/pii:S0167273815004130/gr9/THUMBNAIL/image/gif/68dec9eb202b463270eb0795c865f715/gr9.sml</xocs:ucs-locator><xocs:ucs-locator>https://s3.amazonaws.com/prod-ucs-content-store-us-east/content/pii:S0167273815004130/gr9/THUMBNAIL/image/gif/68dec9eb202b463270eb0795c865f715/gr9.sml</xocs:ucs-locator><xocs:file-basename>gr9</xocs:file-basename><xocs:filename>gr9.sml</xocs:filename><xocs:extension>sml</xocs:extension><xocs:filesize>28099</xocs:filesize><xocs:pixel-height>164</xocs:pixel-height><xocs:pixel-width>205</xocs:pixel-width><xocs:attachment-type>IMAGE-THUMBNAIL</xocs:attachment-type></xocs:attachment><xocs:attachment><xocs:attachment-eid>1-s2.0-S0167273815004130-gr8.sml</xocs:attachment-eid><xocs:ucs-locator>https://s3-eu-west-1.amazonaws.com/prod-ucs-content-store-eu-west/content/pii:S0167273815004130/gr8/THUMBNAIL/image/gif/88cfd309c9e668c0c544fa4f71d4e46d/gr8.sml</xocs:ucs-locator><xocs:ucs-locator>https://s3.amazonaws.com/prod-ucs-content-store-us-east/content/pii:S0167273815004130/gr8/THUMBNAIL/image/gif/88cfd309c9e668c0c544fa4f71d4e46d/gr8.sml</xocs:ucs-locator><xocs:file-basename>gr8</xocs:file-basename><xocs:filename>gr8.sml</xocs:filename><xocs:extension>sml</xocs:extension><xocs:filesize>14534</xocs:filesize><xocs:pixel-height>164</xocs:pixel-height><xocs:pixel-width>202</xocs:pixel-width><xocs:attachment-type>IMAGE-THUMBNAIL</xocs:attachment-type></xocs:attachment><xocs:attachment><xocs:attachment-eid>1-s2.0-S0167273815004130-gr7.sml</xocs:attachment-eid><xocs:ucs-locator>https://s3-eu-west-1.amazonaws.com/prod-ucs-content-store-eu-west/content/pii:S0167273815004130/gr7/THUMBNAIL/image/gif/b6d1d6fc91a9e61ced85013521f88df4/gr7.sml</xocs:ucs-locator><xocs:ucs-locator>https://s3.amazonaws.com/prod-ucs-content-store-us-east/content/pii:S0167273815004130/gr7/THUMBNAIL/image/gif/b6d1d6fc91a9e61ced85013521f88df4/gr7.sml</xocs:ucs-locator><xocs:file-basename>gr7</xocs:file-basename><xocs:filename>gr7.sml</xocs:filename><xocs:extension>sml</xocs:extension><xocs:filesize>15293</xocs:filesize><xocs:pixel-height>164</xocs:pixel-height><xocs:pixel-width>200</xocs:pixel-width><xocs:attachment-type>IMAGE-THUMBNAIL</xocs:attachment-type></xocs:attachment><xocs:attachment><xocs:attachment-eid>1-s2.0-S0167273815004130-gr6.sml</xocs:attachment-eid><xocs:ucs-locator>https://s3-eu-west-1.amazonaws.com/prod-ucs-content-store-eu-west/content/pii:S0167273815004130/gr6/THUMBNAIL/image/gif/62acdcc47cc8e0f0b552d1af64676fe0/gr6.sml</xocs:ucs-locator><xocs:ucs-locator>https://s3.amazonaws.com/prod-ucs-content-store-us-east/content/pii:S0167273815004130/gr6/THUMBNAIL/image/gif/62acdcc47cc8e0f0b552d1af64676fe0/gr6.sml</xocs:ucs-locator><xocs:file-basename>gr6</xocs:file-basename><xocs:filename>gr6.sml</xocs:filename><xocs:extension>sml</xocs:extension><xocs:filesize>21347</xocs:filesize><xocs:pixel-height>164</xocs:pixel-height><xocs:pixel-width>204</xocs:pixel-width><xocs:attachment-type>IMAGE-THUMBNAIL</xocs:attachment-type></xocs:attachment><xocs:attachment><xocs:attachment-eid>1-s2.0-S0167273815004130-gr5.sml</xocs:attachment-eid><xocs:ucs-locator>https://s3-eu-west-1.amazonaws.com/prod-ucs-content-store-eu-west/content/pii:S0167273815004130/gr5/THUMBNAIL/image/gif/d4260409c6856ddfa7a1dce2c8120c73/gr5.sml</xocs:ucs-locator><xocs:ucs-locator>https://s3.amazonaws.com/prod-ucs-content-store-us-east/content/pii:S0167273815004130/gr5/THUMBNAIL/image/gif/d4260409c6856ddfa7a1dce2c8120c73/gr5.sml</xocs:ucs-locator><xocs:file-basename>gr5</xocs:file-basename><xocs:filename>gr5.sml</xocs:filename><xocs:extension>sml</xocs:extension><xocs:filesize>29442</xocs:filesize><xocs:pixel-height>164</xocs:pixel-height><xocs:pixel-width>204</xocs:pixel-width><xocs:attachment-type>IMAGE-THUMBNAIL</xocs:attachment-type></xocs:attachment><xocs:attachment><xocs:attachment-eid>1-s2.0-S0167273815004130-gr4.sml</xocs:attachment-eid><xocs:ucs-locator>https://s3-eu-west-1.amazonaws.com/prod-ucs-content-store-eu-west/content/pii:S0167273815004130/gr4/THUMBNAIL/image/gif/0ac88382e00d52f1a7b268893ccfe90b/gr4.sml</xocs:ucs-locator><xocs:ucs-locator>https://s3.amazonaws.com/prod-ucs-content-store-us-east/content/pii:S0167273815004130/gr4/THUMBNAIL/image/gif/0ac88382e00d52f1a7b268893ccfe90b/gr4.sml</xocs:ucs-locator><xocs:file-basename>gr4</xocs:file-basename><xocs:filename>gr4.sml</xocs:filename><xocs:extension>sml</xocs:extension><xocs:filesize>13766</xocs:filesize><xocs:pixel-height>164</xocs:pixel-height><xocs:pixel-width>212</xocs:pixel-width><xocs:attachment-type>IMAGE-THUMBNAIL</xocs:attachment-type></xocs:attachment><xocs:attachment><xocs:attachment-eid>1-s2.0-S0167273815004130-gr3.sml</xocs:attachment-eid><xocs:ucs-locator>https://s3-eu-west-1.amazonaws.com/prod-ucs-content-store-eu-west/content/pii:S0167273815004130/gr3/THUMBNAIL/image/gif/f1b4a8d264c7dafa1b8224d84f6f2155/gr3.sml</xocs:ucs-locator><xocs:ucs-locator>https://s3.amazonaws.com/prod-ucs-content-store-us-east/content/pii:S0167273815004130/gr3/THUMBNAIL/image/gif/f1b4a8d264c7dafa1b8224d84f6f2155/gr3.sml</xocs:ucs-locator><xocs:file-basename>gr3</xocs:file-basename><xocs:filename>gr3.sml</xocs:filename><xocs:extension>sml</xocs:extension><xocs:filesize>13613</xocs:filesize><xocs:pixel-height>164</xocs:pixel-height><xocs:pixel-width>212</xocs:pixel-width><xocs:attachment-type>IMAGE-THUMBNAIL</xocs:attachment-type></xocs:attachment><xocs:attachment><xocs:attachment-eid>1-s2.0-S0167273815004130-gr2.sml</xocs:attachment-eid><xocs:ucs-locator>https://s3-eu-west-1.amazonaws.com/prod-ucs-content-store-eu-west/content/pii:S0167273815004130/gr2/THUMBNAIL/image/gif/12868da26fbb110e75bfea05fe2ecc41/gr2.sml</xocs:ucs-locator><xocs:ucs-locator>https://s3.amazonaws.com/prod-ucs-content-store-us-east/content/pii:S0167273815004130/gr2/THUMBNAIL/image/gif/12868da26fbb110e75bfea05fe2ecc41/gr2.sml</xocs:ucs-locator><xocs:file-basename>gr2</xocs:file-basename><xocs:filename>gr2.sml</xocs:filename><xocs:extension>sml</xocs:extension><xocs:filesize>7483</xocs:filesize><xocs:pixel-height>149</xocs:pixel-height><xocs:pixel-width>219</xocs:pixel-width><xocs:attachment-type>IMAGE-THUMBNAIL</xocs:attachment-type></xocs:attachment><xocs:attachment><xocs:attachment-eid>1-s2.0-S0167273815004130-gr10.sml</xocs:attachment-eid><xocs:ucs-locator>https://s3-eu-west-1.amazonaws.com/prod-ucs-content-store-eu-west/content/pii:S0167273815004130/gr10/THUMBNAIL/image/gif/5f9658efdce06ffa9bae681707099b90/gr10.sml</xocs:ucs-locator><xocs:ucs-locator>https://s3.amazonaws.com/prod-ucs-content-store-us-east/content/pii:S0167273815004130/gr10/THUMBNAIL/image/gif/5f9658efdce06ffa9bae681707099b90/gr10.sml</xocs:ucs-locator><xocs:file-basename>gr10</xocs:file-basename><xocs:filename>gr10.sml</xocs:filename><xocs:extension>sml</xocs:extension><xocs:filesize>28451</xocs:filesize><xocs:pixel-height>164</xocs:pixel-height><xocs:pixel-width>204</xocs:pixel-width><xocs:attachment-type>IMAGE-THUMBNAIL</xocs:attachment-type></xocs:attachment><xocs:attachment><xocs:attachment-eid>1-s2.0-S0167273815004130-gr1.sml</xocs:attachment-eid><xocs:ucs-locator>https://s3-eu-west-1.amazonaws.com/prod-ucs-content-store-eu-west/content/pii:S0167273815004130/gr1/THUMBNAIL/image/gif/672ffe45930d648ba72e02ad87629f2e/gr1.sml</xocs:ucs-locator><xocs:ucs-locator>https://s3.amazonaws.com/prod-ucs-content-store-us-east/content/pii:S0167273815004130/gr1/THUMBNAIL/image/gif/672ffe45930d648ba72e02ad87629f2e/gr1.sml</xocs:ucs-locator><xocs:file-basename>gr1</xocs:file-basename><xocs:filename>gr1.sml</xocs:filename><xocs:extension>sml</xocs:extension><xocs:filesize>8060</xocs:filesize><xocs:pixel-height>149</xocs:pixel-height><xocs:pixel-width>219</xocs:pixel-width><xocs:attachment-type>IMAGE-THUMBNAIL</xocs:attachment-type></xocs:attachment><xocs:attachment><xocs:attachment-eid>1-s2.0-S0167273815004130-si1.gif</xocs:attachment-eid><xocs:ucs-locator>https://s3-eu-west-1.amazonaws.com/prod-ucs-content-store-eu-west/content/pii:S0167273815004130/STRIPIN/image/gif/34d4773d0ca8748875acfa789412f308/si1.gif</xocs:ucs-locator><xocs:ucs-locator>https://s3.amazonaws.com/prod-ucs-content-store-us-east/content/pii:S0167273815004130/STRIPIN/image/gif/34d4773d0ca8748875acfa789412f308/si1.gif</xocs:ucs-locator><xocs:file-basename>si1</xocs:file-basename><xocs:filename>si1.gif</xocs:filename><xocs:extension>gif</xocs:extension><xocs:filesize>951</xocs:filesize><xocs:pixel-height>11</xocs:pixel-height><xocs:pixel-width>20</xocs:pixel-width><xocs:attachment-type>ALTIMG</xocs:attachment-type></xocs:attachment></xocs:attachments></xocs:attachment-metadata-doc><xocs:refkeys/><xocs:open-access><xocs:oa-article-status is-open-access="1" is-open-archive="0">Full</xocs:oa-article-status><xocs:oa-access-effective-date>2015-11-18T12:03:26Z</xocs:oa-access-effective-date><xocs:oa-sponsor><xocs:oa-sponsor-type>FundingBody</xocs:oa-sponsor-type><xocs:oa-sponsor-name>Engineering and Physical Sciences Research Council</xocs:oa-sponsor-name></xocs:oa-sponsor><xocs:oa-user-license>http://creativecommons.org/licenses/by/4.0/</xocs:oa-user-license></xocs:open-access><xocs:copyright-info><xocs:cp-license-lines><xocs:cp-license-line lang="en">This is an open access article under the CC BY license.</xocs:cp-license-line></xocs:cp-license-lines><xocs:cp-notices><xocs:cp-notice lang="en">© 2015 The Authors. Published by Elsevier B.V.</xocs:cp-notice></xocs:cp-notices></xocs:copyright-info></xocs:meta><xocs:serial-item><article version="5.4" docsubtype="fla" xml:lang="en" xmlns:sa="http://www.elsevier.com/xml/common/struct-aff/dtd"><item-info><jid>SOSI</jid><aid>13809</aid><ce:pii>S0167-2738(15)00413-0</ce:pii><ce:doi>10.1016/j.ssi.2015.11.007</ce:doi><ce:copyright type="other" year="2015">The Authors</ce:copyright></item-info><ce:floats><ce:figure id="f0005"><ce:label>Fig. 1</ce:label><ce:caption id="ca0005"><ce:simple-para id="sp0010" view="all">XRD pattern of LSCM and LSCMNi.</ce:simple-para></ce:caption><ce:link locator="gr1" id="lk0005"/></ce:figure><ce:figure id="f0010"><ce:label>Fig. 2</ce:label><ce:caption id="ca0010"><ce:simple-para id="sp0015" view="all">XRD pattern of LSCF and LSCFNi.</ce:simple-para></ce:caption><ce:link locator="gr2" id="lk0010"/></ce:figure><ce:figure id="f0015"><ce:label>Fig. 3</ce:label><ce:caption id="ca0015"><ce:simple-para id="sp0020" view="all">TGA of LSCM and LSCMNi under 5% H<ce:inf loc="post">2</ce:inf>/Ar.</ce:simple-para></ce:caption><ce:link locator="gr3" id="lk0015"/></ce:figure><ce:figure id="f0020"><ce:label>Fig. 4</ce:label><ce:caption id="ca0020"><ce:simple-para id="sp0025" view="all">TGA of LSCF and LSCFNi under 5% H<ce:inf loc="post">2</ce:inf>/Ar.</ce:simple-para></ce:caption><ce:link locator="gr4" id="lk0020"/></ce:figure><ce:figure id="f0025"><ce:label>Fig. 5</ce:label><ce:caption id="ca0025"><ce:simple-para id="sp0030" view="all">SEM micrograph of LSCMNi after reduction at 900<ce:hsp sp="0.25"/>°C for 20<ce:hsp sp="0.25"/>h.</ce:simple-para></ce:caption><ce:link locator="gr5" id="lk0025"/></ce:figure><ce:figure id="f0030"><ce:label>Fig. 6</ce:label><ce:caption id="ca0030"><ce:simple-para id="sp0035" view="all">SEM micrograph of LSCFNi after reduction at 900<ce:hsp sp="0.25"/>°C for 20<ce:hsp sp="0.25"/>h.</ce:simple-para></ce:caption><ce:link locator="gr6" id="lk0030"/></ce:figure><ce:figure id="f0035"><ce:label>Fig. 7</ce:label><ce:caption id="ca0035"><ce:simple-para id="sp0040" view="all">DC conductivity of LSCM(Ni) and LSCF(Ni) at 900<ce:hsp sp="0.25"/>°C during reduction (5% H<ce:inf loc="post">2</ce:inf>/Ar).</ce:simple-para></ce:caption><ce:link locator="gr7" id="lk0035"/></ce:figure><ce:figure id="f0040"><ce:label>Fig. 8</ce:label><ce:caption id="ca0040"><ce:simple-para id="sp0045" view="all">DC conductivity of LSCM(Ni) and LSCF(Ni) at 900<ce:hsp sp="0.25"/>°C during re-oxidation (air).</ce:simple-para></ce:caption><ce:link locator="gr8" id="lk0040"/></ce:figure><ce:figure id="f0045"><ce:label>Fig. 9</ce:label><ce:caption id="ca0045"><ce:simple-para id="sp0050" view="all">SEM micrograph of LSCMNi reduced at 900<ce:hsp sp="0.25"/>°C for 20<ce:hsp sp="0.25"/>h after the redox cycle.</ce:simple-para></ce:caption><ce:link locator="gr9" id="lk0045"/></ce:figure><ce:figure id="f0050"><ce:label>Fig. 10</ce:label><ce:caption id="ca0050"><ce:simple-para id="sp0055" view="all">SEM micrograph of LSCFNi reduced at 900<ce:hsp sp="0.25"/>°C for 20<ce:hsp sp="0.25"/>h after the redox cycle.</ce:simple-para></ce:caption><ce:link locator="gr10" id="lk0050"/></ce:figure><ce:table id="t0005" frame="topbot" colsep="0" rowsep="0" xmlns="http://www.elsevier.com/xml/common/cals/dtd"><ce:label>Table 1</ce:label><ce:caption id="ca0055"><ce:simple-para id="sp0060" view="all">Unit cell parameters for LSCM, LSCMNi, LSCF and LSCFNi.</ce:simple-para></ce:caption><tgroup cols="5"><colspec colname="col1"/><colspec colname="col2"/><colspec colname="col3"/><colspec colname="col4"/><colspec colname="col5"/><thead><row valign="top" rowsep="1"><entry colname="col1" align="left" xmlns="http://www.elsevier.com/xml/common/dtd"/><entry colname="col2" align="left" xmlns="http://www.elsevier.com/xml/common/dtd">LSCM</entry><entry colname="col3" align="left" xmlns="http://www.elsevier.com/xml/common/dtd">LSCMNi</entry><entry colname="col4" align="left" xmlns="http://www.elsevier.com/xml/common/dtd">LSCF</entry><entry colname="col5" align="left" xmlns="http://www.elsevier.com/xml/common/dtd">LSCFNi</entry></row><row valign="top" rowsep="1"><entry colname="col1" align="left" xmlns="http://www.elsevier.com/xml/common/dtd">Space Group</entry><entry colname="col2" align="left" xmlns="http://www.elsevier.com/xml/common/dtd"><mml:math altimg="si1.gif" overflow="scroll"><mml:mi>R</mml:mi><mml:mover accent="true"><mml:mn>3</mml:mn><mml:mo stretchy="true">¯</mml:mo></mml:mover><mml:mi>c</mml:mi></mml:math></entry><entry colname="col3" align="left" xmlns="http://www.elsevier.com/xml/common/dtd"><mml:math altimg="si1.gif" overflow="scroll"><mml:mi>R</mml:mi><mml:mover accent="true"><mml:mn>3</mml:mn><mml:mo stretchy="true">¯</mml:mo></mml:mover><mml:mi>c</mml:mi></mml:math></entry><entry colname="col4" align="left" xmlns="http://www.elsevier.com/xml/common/dtd">Pnma</entry><entry colname="col5" align="left" xmlns="http://www.elsevier.com/xml/common/dtd">Pnma</entry></row></thead><tbody><row valign="top"><entry colname="col1" align="left" role="rowhead" xmlns="http://www.elsevier.com/xml/common/dtd">a (Å)</entry><entry colname="col2" align="left" xmlns="http://www.elsevier.com/xml/common/dtd">5.4962 (10)</entry><entry colname="col3" align="left" xmlns="http://www.elsevier.com/xml/common/dtd">5.49242 (14)</entry><entry colname="col4" align="char" char="(" xmlns="http://www.elsevier.com/xml/common/dtd">5.4925 (4)</entry><entry colname="col5" align="char" char="(" xmlns="http://www.elsevier.com/xml/common/dtd">5.4868 (13)</entry></row><row valign="top"><entry colname="col1" align="left" role="rowhead" xmlns="http://www.elsevier.com/xml/common/dtd">b (Å)</entry><entry colname="col2" align="left" xmlns="http://www.elsevier.com/xml/common/dtd">–</entry><entry colname="col3" align="left" xmlns="http://www.elsevier.com/xml/common/dtd">–</entry><entry colname="col4" align="char" char="(" xmlns="http://www.elsevier.com/xml/common/dtd">5.5326 (3)</entry><entry colname="col5" align="char" char="(" xmlns="http://www.elsevier.com/xml/common/dtd">5.5299 (6)</entry></row><row valign="top"><entry colname="col1" align="left" role="rowhead" xmlns="http://www.elsevier.com/xml/common/dtd">c (Å)</entry><entry colname="col2" align="left" xmlns="http://www.elsevier.com/xml/common/dtd">13.3196 (14)</entry><entry colname="col3" align="left" xmlns="http://www.elsevier.com/xml/common/dtd">13.3036 (4)</entry><entry colname="col4" align="char" char="(" xmlns="http://www.elsevier.com/xml/common/dtd">7.7645 (6)</entry><entry colname="col5" align="char" char="(" xmlns="http://www.elsevier.com/xml/common/dtd">7.7628 (14)</entry></row><row valign="top"><entry colname="col1" align="left" role="rowhead" xmlns="http://www.elsevier.com/xml/common/dtd">Volume (Å<sup loc="post">3</sup>)</entry><entry colname="col2" align="left" xmlns="http://www.elsevier.com/xml/common/dtd">348.46 (8)</entry><entry colname="col3" align="left" xmlns="http://www.elsevier.com/xml/common/dtd">347.557 (13)</entry><entry colname="col4" align="char" char="(" xmlns="http://www.elsevier.com/xml/common/dtd">235.947 (20)</entry><entry colname="col5" align="char" char="(" xmlns="http://www.elsevier.com/xml/common/dtd">235.54 (5)</entry></row></tbody></tgroup></ce:table></ce:floats><head><ce:title id="ti0005">Nickel nanocatalyst exsolution from (La,Sr) (Cr,M,Ni)O<ce:inf loc="post">3</ce:inf> (M<ce:glyph name="dbnd"/>Mn,Fe) perovskites for the fuel oxidation layer of Oxygen Transport Membranes</ce:title><ce:author-group id="ag0005"><ce:author id="au0005"><ce:given-name>D.</ce:given-name><ce:surname>Papargyriou</ce:surname></ce:author><ce:author id="au0010"><ce:given-name>J.T.S.</ce:given-name><ce:surname>Irvine</ce:surname></ce:author><ce:affiliation id="af0005"><ce:textfn id="tn0005">School of Chemistry, University of St Andrews, North Haugh, St Andrews, Fife KY16 9ST, UK</ce:textfn><sa:affiliation><sa:organization>School of Chemistry</sa:organization><sa:organization>University of St Andrews</sa:organization><sa:address-line>North Haugh</sa:address-line><sa:address-line>St Andrews</sa:address-line><sa:city>Fife</sa:city><sa:postal-code>KY16 9ST</sa:postal-code><sa:country>UK</sa:country></sa:affiliation></ce:affiliation></ce:author-group><ce:date-received day="28" month="7" year="2015"/><ce:date-revised day="13" month="10" year="2015"/><ce:date-accepted day="5" month="11" year="2015"/><ce:abstract id="ab0005" view="all" class="author"><ce:section-title id="st0005">Abstract</ce:section-title><ce:abstract-sec id="as0005" view="all"><ce:simple-para id="sp0005" view="all">La<ce:inf loc="post">0.75</ce:inf>Sr<ce:inf loc="post">0.25</ce:inf>Cr<ce:inf loc="post">0.5</ce:inf>Mn<ce:inf loc="post">0.5</ce:inf>O<ce:inf loc="post">3</ce:inf> (LSCM) and La<ce:inf loc="post">0.75</ce:inf>Sr<ce:inf loc="post">0.25</ce:inf>Cr<ce:inf loc="post">0.5</ce:inf>Fe<ce:inf loc="post">0.5</ce:inf>O<ce:inf loc="post">3</ce:inf> (LSCF) perovskites with partial substitution of the B-site by 5<ce:hsp sp="0.25"/>mol% of Ni were synthesised and characterised for the fuel oxidation layer of Oxygen Transport Membranes (OTMs). X-ray diffraction showed that single phase compounds were obtained at 1300<ce:hsp sp="0.25"/>°C. LSCM exhibits a rhombohedral structure and LSCF an orthorhombic structure. Both materials retain their structures, after doping the B site with Ni, with small changes on the unit cell parameters. Thermal analysis under reducing conditions was used to investigate the reducibility of these perovskites up to 900<ce:hsp sp="0.25"/>°C, which appears to be enhanced by doping with Ni. The formation of Ni nanoparticles (30–50<ce:hsp sp="0.25"/>nm) on the LSCMNi and LSCFNi grains was observed by scanning electron microscopy, after reducing the samples in 5% H<ce:inf loc="post">2</ce:inf>/Ar at 900<ce:hsp sp="0.25"/>°C, indicating possible enhanced catalytic activity and potential benefits for the development of the OTMs. DC conductivity measurements conducted under a redox cycle, indicate that LSCFNi presents a better redox stability than LSCMNi.</ce:simple-para></ce:abstract-sec></ce:abstract><ce:abstract class="author-highlights" id="ab0010" view="all"><ce:section-title id="st0010">Highlights</ce:section-title><ce:abstract-sec id="as0010" view="all"><ce:simple-para id="sp0065" view="all"><ce:list id="l0005"><ce:list-item id="u0005"><ce:label>•</ce:label><ce:para id="p0100" view="all">La<ce:inf loc="post">0.75</ce:inf>Sr<ce:inf loc="post">0.25</ce:inf>Cr<ce:inf loc="post">0.5</ce:inf>Mn<ce:inf loc="post">0.5</ce:inf>O<ce:inf loc="post">3</ce:inf> and La<ce:inf loc="post">0.75</ce:inf>Sr<ce:inf loc="post">0.25</ce:inf>Cr<ce:inf loc="post">0.5</ce:inf>Fe<ce:inf loc="post">0.5</ce:inf>O<ce:inf loc="post">3</ce:inf> perovskites were synthesized.</ce:para></ce:list-item><ce:list-item id="u0010"><ce:label>•</ce:label><ce:para id="p0105" view="all">The perovskites retain their structure after doping the B-site with 5<ce:hsp sp="0.25"/>mol% of Ni.</ce:para></ce:list-item><ce:list-item id="u0015"><ce:label>•</ce:label><ce:para id="p0110" view="all">TGA analysis showed that the Ni increases the reducibility of the perovskites.</ce:para></ce:list-item><ce:list-item id="u0020"><ce:label>•</ce:label><ce:para id="p0115" view="all">Ni nanoparticles between 30 and 50<ce:hsp sp="0.25"/>nm were exsolved on the surface of the perovskites.</ce:para></ce:list-item><ce:list-item id="u0025"><ce:label>•</ce:label><ce:para id="p0120" view="all">Conductivity measurements were conducted under a redox cycle.</ce:para></ce:list-item></ce:list></ce:simple-para></ce:abstract-sec></ce:abstract><ce:keywords id="ks0005" view="all" class="keyword"><ce:section-title id="st0015">Keywords</ce:section-title><ce:keyword id="kw0025"><ce:text id="tx0005">Perovskites</ce:text></ce:keyword><ce:keyword id="kw0030"><ce:text id="tx0010">Exsolution</ce:text></ce:keyword><ce:keyword id="kw0035"><ce:text id="tx0015">Catalyst</ce:text></ce:keyword><ce:keyword id="kw0040"><ce:text id="tx0020">Fuel oxidation layer</ce:text></ce:keyword></ce:keywords></head><body view="all"><ce:sections><ce:section id="s0005" view="all"><ce:label>1</ce:label><ce:section-title id="st0020">Introduction</ce:section-title><ce:para id="p0005" view="all">Oxygen Transport Membranes (OTMs) offer a promising technology for directly supplying oxygen to a fuel gas for the purpose of generating syngas or heat <ce:cross-ref refid="bb0005" id="cf0005">[1]</ce:cross-ref>. In this project, the OTM is based upon an inactive support that sequentially has a fuel oxidation layer, a dense layer and a reduction layer, which are a combination of perovskites and fluorites. In order to improve the fuel oxidation layer's performance, the incorporation of a catalyst in the perovskite lattice is necessary. As the fuel oxidation layer is deeply buried in the structure the traditional method of direct impregnation of a solution containing desired cations would be difficult, not to mention wasteful, costly and time consuming. The in situ nanocatalyst exsolution appears to be the best approach to solve this problem. Redox exsolution tends to grow pinned metal nanoparticles on the reduced oxide surface <ce:cross-ref refid="bb0010" id="cf0010">[2]</ce:cross-ref> offering excellent possible catalytic properties and the possibility to regenerate the nanostructure via a redox cycle <ce:cross-ref refid="bb0015" id="cf0015">[3]</ce:cross-ref>.</ce:para><ce:para id="p0010" view="all">La<ce:inf loc="post">0.75</ce:inf>Sr<ce:inf loc="post">0.25</ce:inf>Cr<ce:inf loc="post">0.5</ce:inf>Mn<ce:inf loc="post">0.5</ce:inf>O<ce:inf loc="post">3</ce:inf> appears to be a good candidate material, as it has been reported as a good catalyst for the full oxidation of CH<ce:inf loc="post">4</ce:inf> <ce:cross-ref refid="bb0020" id="cf0020">[4]</ce:cross-ref> and it can exsolve Ni <ce:cross-refs refid="bb0025 bb0030" id="cf0025">[5,6]</ce:cross-refs> or Ru <ce:cross-ref refid="bb0035" id="cf0030">[7]</ce:cross-ref> nanoparticles on the surface.</ce:para><ce:para id="p0015" view="all">Another material that has been reported as a good catalyst for the partial oxidation of CH<ce:inf loc="post">4</ce:inf> and reforming at temperatures above 850<ce:hsp sp="0.25"/>°C is La<ce:inf loc="post">0.75</ce:inf>Sr<ce:inf loc="post">0.25</ce:inf>Cr<ce:inf loc="post">0.5</ce:inf>Fe<ce:inf loc="post">0.5</ce:inf>Ο<ce:inf loc="post">3</ce:inf> <ce:cross-ref refid="bb0040" id="cf0035">[8]</ce:cross-ref> and the Ni exsolution will be investigated for this material.</ce:para></ce:section><ce:section id="s0010" view="all"><ce:label>2</ce:label><ce:section-title id="st0025">Experimental section</ce:section-title><ce:section id="s0025" view="all"><ce:label>2.1</ce:label><ce:section-title id="st0050">Synthesis</ce:section-title><ce:para id="p0020" view="all">Powders of La<ce:inf loc="post">0.75</ce:inf>Sr<ce:inf loc="post">0.25</ce:inf>Cr<ce:inf loc="post">0.5</ce:inf>Mn<ce:inf loc="post">0.5</ce:inf>O<ce:inf loc="post">3</ce:inf> (LSCM), La<ce:inf loc="post">0.75</ce:inf>Sr<ce:inf loc="post">0.25</ce:inf>Cr<ce:inf loc="post">0.475</ce:inf>Mn<ce:inf loc="post">0.475</ce:inf>Ni<ce:inf loc="post">0.05</ce:inf>O<ce:inf loc="post">3</ce:inf> (LSCMNi), La<ce:inf loc="post">0.75</ce:inf>Sr<ce:inf loc="post">0.25</ce:inf>Cr<ce:inf loc="post">0.5</ce:inf>Fe<ce:inf loc="post">0.5</ce:inf>O<ce:inf loc="post">3</ce:inf> (LSCF) and La<ce:inf loc="post">0.75</ce:inf>Sr<ce:inf loc="post">0.25</ce:inf>Cr<ce:inf loc="post">0.475</ce:inf>Fe<ce:inf loc="post">0.475</ce:inf>Ni<ce:inf loc="post">0.05</ce:inf>O<ce:inf loc="post">3</ce:inf> (LSCFNi) were synthesized by a modified sol–gel synthesis <ce:cross-ref refid="bb0035" id="cf0040">[7]</ce:cross-ref>. The starting metallic salts used were lanthanum nitrate hexahydrate (99.99%) (Alfa Aesar), strontium nitrate (&gt;<ce:hsp sp="0.10"/>99%) (Sigma Aldrich), chromium nitrate nonahydrate (99%) (Sigma Aldrich), manganese acetate tetrahydrate (&gt;<ce:hsp sp="0.10"/>99%) (Alfa Aesar), iron nitrate nonahydrate (Sigma Aldrich) and nickel nitrate hexahydrate (Acros Organics). The proper stoichiometric ratio of citric acid and ethylene glycol was diluted in distilled water under magnetic stirring. When the solution became clear, all the precursors were added slowly and the temperature was increased at ~<ce:hsp sp="0.10"/>80<ce:hsp sp="0.25"/>°C. After one hour under stirring and when complete dissolution of the salts was achieved, the temperature was increased at 100–120<ce:hsp sp="0.25"/>°C and the solution was kept under heating and stirring until it evaporated, resulting a gel. Finally, the temperature was gradually increased at 300<ce:hsp sp="0.25"/>°C, until the gel was combusted to a black powder. The obtained powders were treated in air at 1300<ce:hsp sp="0.25"/>°C for 4<ce:hsp sp="0.25"/>h, in order to get a pure phase material.</ce:para><ce:para id="p0025" view="all">The reduction of the powder samples was carried out in a tube furnace, at 900<ce:hsp sp="0.25"/>°C for 20<ce:hsp sp="0.25"/>h, in a controlled-atmosphere furnace supplied with 5% H<ce:inf loc="post">2</ce:inf>/Ar, in order to exsolve the catalyst nanoparticles on the surface of the perovskite.</ce:para></ce:section><ce:section id="s0030" view="all"><ce:label>2.2</ce:label><ce:section-title id="st0055">Characterisation techniques</ce:section-title><ce:para id="p0095" view="all">Room temperature powder X-ray diffraction (XRD) was performed on a PANalytical Empyrean diffractometer. The obtained XRD patterns were analysed with STOE Win XPOW software in order to determine phase purity, the crystal structure and the cell parameters of the samples. Thermogravimetric analysis (TGA) was performed using a Netzsch STA 449C instrument equipped with Proteus thermal analysis software. The TGA studies were carried out under reducing conditions (5% H<ce:inf loc="post">2</ce:inf>/Ar) from room temperature to 900<ce:hsp sp="0.25"/>°C, in order to determine the weight change of the perovskite during the reduction. The microstructure of the samples' surface was analysed using a JEOL JSM-6700 field emission 74 scanning electron microscope (FEG-SEM). The total conductivity of the samples was measured using a conventional four-terminal method. Bar samples were prepared by calcination at 1300<ce:hsp sp="0.25"/>°C for 1<ce:hsp sp="0.25"/>h. Gold wire contacts were attached to the bars, which then were cured at 850<ce:hsp sp="0.25"/>°C for 1<ce:hsp sp="0.25"/>h. The conductivity of the samples was measured under a redox cycle at 900<ce:hsp sp="0.25"/>°C. Low oxygen partial pressure was achieved by using a continuous flow of 5% H<ce:inf loc="post">2</ce:inf>/Ar.</ce:para></ce:section></ce:section><ce:section id="s0015" view="all"><ce:label>3</ce:label><ce:section-title id="st0030">Results–discussion</ce:section-title><ce:section id="s0035" view="all"><ce:label>3.1</ce:label><ce:section-title id="st0060">Structure</ce:section-title><ce:para id="p0040" view="all">The structure of the different samples was analysed by XRD after calcination at 1300<ce:hsp sp="0.25"/>°C for 4<ce:hsp sp="0.25"/>h. <ce:cross-ref refid="f0005" id="cf0045">Fig. 1</ce:cross-ref><ce:float-anchor refid="f0005"/> shows the XRD patterns of LSCM and LSCMNi. LSCM presents a rhombohedral structure and after doping the B-site with 5<ce:hsp sp="0.25"/>mol% Ni it retains this structure with a small decrease of the unit cell parameters, as presented in <ce:cross-ref refid="t0005" id="cf0050">table 1</ce:cross-ref><ce:float-anchor refid="t0005"/>. This decrease of the cell parameters after doping LSCM with Ni has been also reported by Jardiel et al. <ce:cross-ref refid="bb0025" id="cf0055">[5]</ce:cross-ref> More specifically, it was observed that the more Ni is added on the B-site of LSCM the more the cell volume is decreasing. This behaviour was explained by the fact that when Ni is doped on the B-site, Mn<ce:sup loc="post">3<ce:hsp sp="0.10"/>+</ce:sup>, with an ionic radius 0.65<ce:hsp sp="0.25"/>Å, tends to change to Mn<ce:sup loc="post">4<ce:hsp sp="0.10"/>+</ce:sup>, with an ionic radius 0.53<ce:hsp sp="0.25"/>Å, leading to a decrease of the unit cell parameters. <ce:cross-ref refid="f0010" id="cf0060">Fig. 2</ce:cross-ref><ce:float-anchor refid="f0010"/> presents the XRD patterns of LSCF and LSCFNi. LSCF shows an orthorhombic structure and after doping the B-site with 5<ce:hsp sp="0.25"/>mol% Ni it retains this structure with a small decrease of the cell parameters (<ce:cross-ref refid="t0005" id="cf0065">Table 1</ce:cross-ref>), presenting a similar behaviour with the LSCM based materials.</ce:para></ce:section><ce:section id="s0040" view="all"><ce:label>3.2</ce:label><ce:section-title id="st0065">Thermal analysis</ce:section-title><ce:para id="p0045" view="all">The weight change under reducing conditions (5% H<ce:inf loc="post">2</ce:inf>/Ar) was investigated for the Ni doped and undoped samples up to 900<ce:hsp sp="0.25"/>°C. As presented in <ce:cross-refs refid="f0015 f0020" id="cf0070">Figs. 3 and 4</ce:cross-refs><ce:float-anchor refid="f0015"/><ce:float-anchor refid="f0020"/>, the weight for all the samples is decreasing and this loss is taking place in one step, which corresponds to the oxygen loss from the perovskite lattice due to the reduction. When doping LSCM and LSCF with Ni, it appears that, even if the samples present the same trend, the reduction is happening at slightly lower temperatures for the Ni doped samples and is leading to a larger weight loss. That indicates that the presence of Ni in the perovskite lattice is increasing its reducibility, which is consistent with prior reports <ce:cross-ref refid="bb0025" id="cf0075">[5]</ce:cross-ref>.</ce:para><ce:para id="p0050" view="all">More specifically, for the LSCM-based materials the main extent of the reduction is taking place between 400 and 600<ce:hsp sp="0.25"/>°C and corresponds to a weight loss of 0.95% for LSCM and 1.23% for LSCMNi, which is 0.135 and 0.175 oxygen per formula unit, respectively. Comparable behaviour has been reported for LSCM under reducing conditions (10% H<ce:inf loc="post">2</ce:inf>/90% Ar) up to 970<ce:hsp sp="0.25"/>°C by Jen-Hau Wan et al. <ce:cross-ref refid="bb0045" id="cf0080">[9]</ce:cross-ref></ce:para><ce:para id="p0055" view="all"><ce:cross-ref refid="f0020" id="cf0085">Fig. 4</ce:cross-ref> shows the weight change of LSCF with and without Ni doping under reducing conditions. The main weight loss is occurring between 300 and 550<ce:hsp sp="0.25"/>°C for the LSCF-based materials and corresponds to a weight loss of 0.97% for LSCF and 1.11% for LSCFNi, which is 0.139 and 0.159 oxygen per formula unit, respectively.</ce:para></ce:section><ce:section id="s0045" view="all"><ce:label>3.3</ce:label><ce:section-title id="st0070">Nickel exsolution</ce:section-title><ce:para id="p0060" view="all">The LSCMNi and LSCFNi samples were reduced at 900<ce:hsp sp="0.25"/>°C for 20<ce:hsp sp="0.25"/>h, under 5% H<ce:inf loc="post">2</ce:inf>/Ar in order to exsolve the Ni catalyst on the perovskite surface. The SEM images in <ce:cross-refs refid="f0025 f0030" id="cf0090">Figs. 5 and 6</ce:cross-refs><ce:float-anchor refid="f0025"/><ce:float-anchor refid="f0030"/> present the exsolution of Ni nanoparticles, with diameter between 30 and 50<ce:hsp sp="0.25"/>nm, on the surface of LSCMNi and LSCFNi. This behaviour is consistent with previous reports by Jardiel et al. <ce:cross-ref refid="bb0025" id="cf0095">[5]</ce:cross-ref></ce:para></ce:section><ce:section id="s0050" view="all"><ce:label>3.4</ce:label><ce:section-title id="st0075">DC conductivity</ce:section-title><ce:para id="p0065" view="all">The total conductivity of LSCM, LSCMNi, LSCF and LSCFNi porous bar samples was measured during a redox cycle at 900<ce:hsp sp="0.25"/>°C. The samples were heated up to 900<ce:hsp sp="0.25"/>°C in air and when the conductivity values were stabilised, 5% H<ce:inf loc="post">2</ce:inf>/Ar was introduced and the perovskites were reduced overnight. After that, the samples were re-oxidised by introducing air until the conductivity value reached a plateau.</ce:para><ce:para id="p0070" view="all"><ce:cross-ref refid="f0035" id="cf0100">Fig. 7</ce:cross-ref><ce:float-anchor refid="f0035"/> presents how the conductivity changes under reducing conditions at 900<ce:hsp sp="0.25"/>°C. When 5% H<ce:inf loc="post">2</ce:inf>/Ar is introduced the conductivity values drop fast by around two orders of magnitude. The decrease of the conductivity value on reduction is consistent with p-type conduction and is occurring due to the oxygen loss from the perovskite lattice <ce:cross-ref refid="bb0050" id="cf0105">[10]</ce:cross-ref>. However, the conductivity value for LSCM is decreasing less than the other materials. This could be an indication that the presence of Fe or Ni enhances the p-type conductivity.</ce:para><ce:para id="p0075" view="all"><ce:cross-ref refid="f0040" id="cf0110">Fig. 8</ce:cross-ref><ce:float-anchor refid="f0040"/> presents the re-oxidation of the samples and how the conductivity changes at 900<ce:hsp sp="0.25"/>°C. This procedure appears to be slower than reduction and after a few hours the conductivity values increase close to the initial values. However, LSCMNi does not reach the initial conductivity value after the redox cycle, indicating possible degradation of the material.</ce:para><ce:para id="p0080" view="all">After the redox cycle, the Ni doped samples were re-reduced at 900<ce:hsp sp="0.25"/>°C for 20<ce:hsp sp="0.25"/>h in order to investigate how the formation of the nanoparticles is affected by this treatment. <ce:cross-ref refid="f0045" id="cf0115">Fig. 9</ce:cross-ref><ce:float-anchor refid="f0045"/> shows that LSCMNi exsolves different shape particles and most of them appear to be merged. This could also explain the drop in the conductivity value after the redox cycle and could be an indication of sample degradation. LSCFNi appears to exsolve Ni nanoparticles nicely on the perovskite surface after this treatment (<ce:cross-ref refid="f0050" id="cf0120">Fig. 10</ce:cross-ref><ce:float-anchor refid="f0050"/>), indicating better redox stability.</ce:para></ce:section></ce:section><ce:section id="s0020" view="all"><ce:label>4</ce:label><ce:section-title id="st0035">Conclusions</ce:section-title><ce:para id="p0085" view="all">LSCMNi and LSCFNi were synthesised and characterised for the fuel oxidation layer of the OTMs. Ni nanoparticles of 30–50<ce:hsp sp="0.25"/>nm were exsolved on the surface of these perovskites, indicating possible improvement of the catalytic properties of these materials and benefits for the development of the OTMs. The redox cycle performed, indicates that LSCFNi presents better redox stability than LSCMNi and possibly will be a more stable material for the fuel oxidation layer of OTMs.</ce:para></ce:section></ce:sections><ce:acknowledgment id="ac0005" view="all"><ce:section-title id="st0040">Acknowledgements</ce:section-title><ce:para id="p0090" view="all">The authors would like to thank Praxair for funding and Jonathan Lane for helpful discussions, we also acknowledge support from <ce:grant-sponsor id="gts0005" sponsor-id="http://dx.doi.org/10.13039/501100000266" xlink:type="simple" xlink:role="http://www.elsevier.com/xml/linking-roles/grant-sponsor">EPSRC</ce:grant-sponsor> for Platform Grant <ce:grant-number id="gtn0005" refid="gts0005">EP/K015540/1</ce:grant-number> and the <ce:grant-sponsor id="gts0010" sponsor-id="http://dx.doi.org/10.13039/501100000188" xlink:type="simple" xlink:role="http://www.elsevier.com/xml/linking-roles/grant-sponsor">Royal Society</ce:grant-sponsor> for Wolfson Merit Award <ce:grant-number id="gtn0010" refid="gts0010">WRMA 2012/R2</ce:grant-number>.</ce:para><ce:para id="p1000" view="all">The research data supporting this publication can be accessed at <ce:inter-ref id="ir1000" xlink:href="http://dx.doi.org/10.17630/e9ae1cc8-9e47-4caa-9d06-cc8a6adcd8d6" xlink:type="simple">http://dx.doi.org/10.17630/e9ae1cc8-9e47-4caa-9d06-cc8a6adcd8d6</ce:inter-ref>.</ce:para></ce:acknowledgment></body><tail view="all"><ce:bibliography id="bi0005" view="all"><ce:section-title id="st0045">References</ce:section-title><ce:bibliography-sec id="bs0005" view="all"><ce:bib-reference id="bb0005"><ce:label>[1]</ce:label><sb:reference id="rf0005"><sb:contribution langtype="en"><sb:authors><sb:author><ce:given-name>L.</ce:given-name><ce:surname>Rosen</ce:surname></sb:author><sb:et-al/></sb:authors></sb:contribution><sb:host><sb:issue><sb:series><sb:title><sb:maintitle>Energy Procedia</sb:maintitle></sb:title><sb:volume-nr>4</sb:volume-nr></sb:series><sb:date>2011</sb:date></sb:issue><sb:pages><sb:first-page>750</sb:first-page><sb:last-page>755</sb:last-page></sb:pages></sb:host></sb:reference></ce:bib-reference><ce:bib-reference id="bb0010"><ce:label>[2]</ce:label><sb:reference id="rf0010"><sb:contribution langtype="en"><sb:authors><sb:author><ce:given-name>D.</ce:given-name><ce:surname>Neagu</ce:surname></sb:author><sb:author><ce:given-name>G.</ce:given-name><ce:surname>Tsekouras</ce:surname></sb:author><sb:author><ce:given-name>D.N.</ce:given-name><ce:surname>Miller</ce:surname></sb:author><sb:author><ce:given-name>H.</ce:given-name><ce:surname>Ménard</ce:surname></sb:author><sb:author><ce:given-name>J.T.S.</ce:given-name><ce:surname>Irvine</ce:surname></sb:author></sb:authors></sb:contribution><sb:host><sb:issue><sb:series><sb:title><sb:maintitle>Nat. Chem.</sb:maintitle></sb:title><sb:volume-nr>5</sb:volume-nr></sb:series><sb:date>2013</sb:date></sb:issue><sb:pages><sb:first-page>916</sb:first-page><sb:last-page>923</sb:last-page></sb:pages></sb:host></sb:reference></ce:bib-reference><ce:bib-reference id="bb0015"><ce:label>[3]</ce:label><sb:reference id="rf0015"><sb:contribution langtype="en"><sb:authors><sb:author><ce:given-name>T.</ce:given-name><ce:surname>Screen</ce:surname></sb:author></sb:authors></sb:contribution><sb:host><sb:issue><sb:series><sb:title><sb:maintitle>Platin. Met. Rev.</sb:maintitle></sb:title><sb:volume-nr>51</sb:volume-nr></sb:series><sb:date>2007</sb:date></sb:issue><sb:pages><sb:first-page>87</sb:first-page><sb:last-page>92</sb:last-page></sb:pages></sb:host></sb:reference></ce:bib-reference><ce:bib-reference id="bb0020"><ce:label>[4]</ce:label><sb:reference id="rf0020"><sb:contribution langtype="en"><sb:authors><sb:author><ce:given-name>S.</ce:given-name><ce:surname>Tao</ce:surname></sb:author><sb:author><ce:given-name>J.T.S.</ce:given-name><ce:surname>Irvine</ce:surname></sb:author><sb:author><ce:given-name>S.M.</ce:given-name><ce:surname>Plint</ce:surname></sb:author></sb:authors></sb:contribution><sb:host><sb:issue><sb:series><sb:title><sb:maintitle>J. Phys. Chem.</sb:maintitle></sb:title><sb:volume-nr>110</sb:volume-nr></sb:series><sb:date>2006</sb:date></sb:issue><sb:pages><sb:first-page>21771</sb:first-page><sb:last-page>21776</sb:last-page></sb:pages></sb:host></sb:reference></ce:bib-reference><ce:bib-reference id="bb0025"><ce:label>[5]</ce:label><sb:reference id="rf0025"><sb:contribution langtype="en"><sb:authors><sb:author><ce:given-name>T.</ce:given-name><ce:surname>Jardiel</ce:surname></sb:author><sb:et-al/></sb:authors></sb:contribution><sb:host><sb:issue><sb:series><sb:title><sb:maintitle>Solid State Ionics</sb:maintitle></sb:title><sb:volume-nr>181</sb:volume-nr></sb:series><sb:date>2010</sb:date></sb:issue><sb:pages><sb:first-page>894</sb:first-page><sb:last-page>901</sb:last-page></sb:pages></sb:host></sb:reference></ce:bib-reference><ce:bib-reference id="bb0030"><ce:label>[6]</ce:label><sb:reference id="rf0030"><sb:contribution langtype="en"><sb:authors><sb:author><ce:given-name>S.</ce:given-name><ce:surname>Boulfrad</ce:surname></sb:author><sb:author><ce:given-name>M.</ce:given-name><ce:surname>Cassidy</ce:surname></sb:author><sb:author><ce:given-name>E.</ce:given-name><ce:surname>Djurado</ce:surname></sb:author><sb:author><ce:given-name>J.T.S.</ce:given-name><ce:surname>Irvine</ce:surname></sb:author><sb:author><ce:given-name>G.</ce:given-name><ce:surname>Jabbour</ce:surname></sb:author></sb:authors></sb:contribution><sb:host><sb:issue><sb:series><sb:title><sb:maintitle>Int. J. Hydrog. Energy</sb:maintitle></sb:title><sb:volume-nr>38</sb:volume-nr></sb:series><sb:date>2013</sb:date></sb:issue><sb:pages><sb:first-page>9519</sb:first-page><sb:last-page>9524</sb:last-page></sb:pages></sb:host></sb:reference></ce:bib-reference><ce:bib-reference id="bb0035"><ce:label>[7]</ce:label><sb:reference id="rf0035"><sb:contribution langtype="en"><sb:authors><sb:author><ce:given-name>N.K.</ce:given-name><ce:surname>Monteiro</ce:surname></sb:author><sb:author><ce:given-name>F.B.</ce:given-name><ce:surname>Noronha</ce:surname></sb:author><sb:author><ce:given-name>L.O.O.</ce:given-name><ce:surname>da Costa</ce:surname></sb:author><sb:author><ce:given-name>M.</ce:given-name><ce:surname>Linardi</ce:surname></sb:author><sb:author><ce:given-name>F.C.</ce:given-name><ce:surname>Fonseca</ce:surname></sb:author></sb:authors></sb:contribution><sb:host><sb:issue><sb:series><sb:title><sb:maintitle>Int. J. Hydrog. Energy</sb:maintitle></sb:title><sb:volume-nr>37</sb:volume-nr></sb:series><sb:date>2012</sb:date></sb:issue><sb:pages><sb:first-page>9816</sb:first-page><sb:last-page>9829</sb:last-page></sb:pages></sb:host></sb:reference></ce:bib-reference><ce:bib-reference id="bb0040"><ce:label>[8]</ce:label><sb:reference id="rf0040"><sb:contribution langtype="en"><sb:authors><sb:author><ce:given-name>S.</ce:given-name><ce:surname>Tao</ce:surname></sb:author><sb:author><ce:given-name>J.T.S.</ce:given-name><ce:surname>Irvine</ce:surname></sb:author></sb:authors></sb:contribution><sb:host><sb:issue><sb:series><sb:title><sb:maintitle>Chem. Mater.</sb:maintitle></sb:title><sb:volume-nr>16</sb:volume-nr></sb:series><sb:date>2004</sb:date></sb:issue><sb:pages><sb:first-page>4116</sb:first-page><sb:last-page>4121</sb:last-page></sb:pages></sb:host></sb:reference></ce:bib-reference><ce:bib-reference id="bb0045"><ce:label>[9]</ce:label><sb:reference id="rf0050"><sb:contribution langtype="en"><sb:authors><sb:author><ce:given-name>Jen Hau</ce:given-name><ce:surname>Wan</ce:surname></sb:author><sb:author><ce:given-name>J.H.</ce:given-name><ce:surname>Zhou</ce:surname></sb:author><sb:author><ce:given-name>J.B.</ce:given-name><ce:surname>Goodenough</ce:surname></sb:author></sb:authors></sb:contribution><sb:host><sb:issue><sb:series><sb:title><sb:maintitle>Electrochem. Soc. Proc.</sb:maintitle></sb:title></sb:series><sb:date>2005</sb:date></sb:issue><sb:pages><sb:first-page>429</sb:first-page><sb:last-page>434</sb:last-page></sb:pages></sb:host></sb:reference></ce:bib-reference><ce:bib-reference id="bb0050"><ce:label>[10]</ce:label><sb:reference id="rf0045"><sb:contribution langtype="en"><sb:authors><sb:author><ce:given-name>S.</ce:given-name><ce:surname>Tao</ce:surname></sb:author><sb:author><ce:given-name>J.T.S.</ce:given-name><ce:surname>Irvine</ce:surname></sb:author></sb:authors></sb:contribution><sb:host><sb:issue><sb:series><sb:title><sb:maintitle>J. Electrochem. Soc.</sb:maintitle></sb:title><sb:volume-nr>151</sb:volume-nr></sb:series><sb:date>2004</sb:date></sb:issue><sb:pages><sb:first-page>A252</sb:first-page></sb:pages></sb:host></sb:reference></ce:bib-reference></ce:bibliography-sec></ce:bibliography></tail></article></xocs:serial-item></xocs:doc>