<full-text-retrieval-response xmlns="http://www.elsevier.com/xml/svapi/article/dtd" xmlns:xsi="http://www.w3.org/2001/XMLSchema-instance" xmlns:prism="http://prismstandard.org/namespaces/basic/2.0/" xmlns:dcterms="http://purl.org/dc/terms/" xmlns:dc="http://purl.org/dc/elements/1.1/" xmlns:xocs="http://www.elsevier.com/xml/xocs/dtd" xmlns:xlink="http://www.w3.org/1999/xlink" xmlns:tb="http://www.elsevier.com/xml/common/table/dtd" xmlns:sb="http://www.elsevier.com/xml/common/struct-bib/dtd" xmlns:sa="http://www.elsevier.com/xml/common/struct-aff/dtd" xmlns:mml="http://www.w3.org/1998/Math/MathML" xmlns:ja="http://www.elsevier.com/xml/ja/dtd" xmlns:ce="http://www.elsevier.com/xml/common/dtd" xmlns:cals="http://www.elsevier.com/xml/common/cals/dtd" xmlns:bk="http://www.elsevier.com/xml/bk/dtd"><coredata><prism:url>http://api.elsevier.com/content/article/pii/S0167931714000203</prism:url><dc:identifier>doi:10.1016/j.mee.2014.01.017</dc:identifier><eid>1-s2.0-S0167931714000203</eid><prism:doi>10.1016/j.mee.2014.01.017</prism:doi><pii>S0167-9317(14)00020-3</pii><dc:title>Growth assay of individual pollen tubes arrayed by microchannel device </dc:title><prism:publicationName>Microelectronic Engineering</prism:publicationName><prism:aggregationType>Journal</prism:aggregationType><pubType>Accelerated Publication</pubType><prism:issn>01679317</prism:issn><prism:volume>118</prism:volume><prism:startingPage>25</prism:startingPage><prism:endingPage>28</prism:endingPage><prism:pageRange>25-28</prism:pageRange><dc:format>text/xml</dc:format><prism:coverDate>2014-04-25</prism:coverDate><prism:coverDisplayDate>25 April 2014</prism:coverDisplayDate><prism:copyright>Copyright © 2014 The Authors. Published by Elsevier B.V.</prism:copyright><prism:publisher>The Authors. Published by Elsevier B.V.</prism:publisher><dc:creator>Horade, Mitsuhiro</dc:creator><dc:creator>Yanagisawa, Naoki</dc:creator><dc:creator>Mizuta, Yoko</dc:creator><dc:creator>Higashiyama, Tetsuya</dc:creator><dc:creator>Arata, Hideyuki</dc:creator><dc:description>AbstractTo restrict pollen tube growth to a single focal plane is an important subject to enable their accurate growth analysis under microscopic observation. In the conventional method to assay pollen tube growth, the pollen tubes grow in a disorderly manner on solid medium, rendering it impossible to observe their growth in detail. Here, we present a new method to assay pollen tube growth using poly-dimethylsiloxane microchannel device to isolate individual pollen tubes. The growth of the pollen tube is confined to the microchannel and to the same focal plane, allowing accurate microscopic observations. This methodology has the potential for analyses of pollen tube growth in microfluidic environments in response to chemical products and signaling molecules, which paves the way for various experiments on plant reproduction.</dc:description><openaccess>1</openaccess><openaccessArticle>true</openaccessArticle><openaccessType>Full</openaccessType><openArchiveArticle>false</openArchiveArticle><openaccessSponsorName/><openaccessSponsorType>Author</openaccessSponsorType><openaccessUserLicense>http://creativecommons.org/licenses/by/3.0/</openaccessUserLicense><dcterms:subject>Plant reproduction</dcterms:subject><dcterms:subject>Pollen tube</dcterms:subject><dcterms:subject>Torenia fournieri</dcterms:subject><dcterms:subject>PDMS</dcterms:subject><dcterms:subject>Microchip</dcterms:subject><dcterms:subject>Microchannel</dcterms:subject><link rel="self" href="http://api.elsevier.com/content/article/pii/S0167931714000203"/><link rel="scidir" href="http://www.sciencedirect.com/science/article/pii/S0167931714000203"/></coredata><objects><object ref="mmc3" category="thumbnail" type="IMAGE-MMC-THUMBNAIL" multimediatype="GIF image file" mimetype="image/gif" width="217" height="164" size="10980">http://api.elsevier.com/content/object/eid/1-s2.0-S0167931714000203-mmc3.sml?httpAccept=%2A%2F%2A</object><object ref="mmc2" category="thumbnail" type="IMAGE-MMC-THUMBNAIL" multimediatype="GIF image file" mimetype="image/gif" width="218" height="164" size="7877">http://api.elsevier.com/content/object/eid/1-s2.0-S0167931714000203-mmc2.sml?httpAccept=%2A%2F%2A</object><object ref="mmc3" category="standard" type="IMAGE-MMC-DOWNSAMPLED" multimediatype="JPEG image file" mimetype="image/jpeg" width="267" height="202" size="10810">http://api.elsevier.com/content/object/eid/1-s2.0-S0167931714000203-mmc3.jpg?httpAccept=%2A%2F%2A</object><object ref="mmc2" category="standard" type="IMAGE-MMC-DOWNSAMPLED" multimediatype="JPEG image file" mimetype="image/jpeg" width="267" height="201" size="18029">http://api.elsevier.com/content/object/eid/1-s2.0-S0167931714000203-mmc2.jpg?httpAccept=%2A%2F%2A</object><object ref="mmc3" category="standard" type="VIDEO" multimediatype="MPEG-4 movie" mimetype="video/mp4" size="1292319">http://api.elsevier.com/content/object/eid/1-s2.0-S0167931714000203-mmc3.mp4?httpAccept=%2A%2F%2A</object><object ref="mmc2" category="standard" type="VIDEO" multimediatype="MPEG-4 movie" mimetype="video/mp4" size="1754765">http://api.elsevier.com/content/object/eid/1-s2.0-S0167931714000203-mmc2.mp4?httpAccept=%2A%2F%2A</object><object ref="mmc3" category="standard" type="VIDEO-FLASH" multimediatype="Flash Video file" mimetype="video/x-flv" width="" height="" size="558020">http://api.elsevier.com/content/object/eid/1-s2.0-S0167931714000203-mmc3.flv?httpAccept=%2A%2F%2A</object><object ref="mmc2" category="standard" type="VIDEO-FLASH" multimediatype="Flash Video file" mimetype="video/x-flv" width="" height="" size="919843">http://api.elsevier.com/content/object/eid/1-s2.0-S0167931714000203-mmc2.flv?httpAccept=%2A%2F%2A</object><object ref="gr3" category="standard" type="IMAGE-DOWNSAMPLED" multimediatype="JPEG image file" mimetype="image/jpeg" width="333" height="486" size="24983">http://api.elsevier.com/content/object/eid/1-s2.0-S0167931714000203-gr3.jpg?httpAccept=%2A%2F%2A</object><object ref="gr2" category="standard" type="IMAGE-DOWNSAMPLED" multimediatype="JPEG image file" mimetype="image/jpeg" width="352" height="355" size="25836">http://api.elsevier.com/content/object/eid/1-s2.0-S0167931714000203-gr2.jpg?httpAccept=%2A%2F%2A</object><object ref="gr1" category="standard" type="IMAGE-DOWNSAMPLED" multimediatype="JPEG image file" mimetype="image/jpeg" width="270" height="492" size="32801">http://api.elsevier.com/content/object/eid/1-s2.0-S0167931714000203-gr1.jpg?httpAccept=%2A%2F%2A</object><object ref="fx1" category="standard" type="IMAGE-DOWNSAMPLED" multimediatype="JPEG image file" mimetype="image/jpeg" width="500" height="159" size="29018">http://api.elsevier.com/content/object/eid/1-s2.0-S0167931714000203-fx1.jpg?httpAccept=%2A%2F%2A</object><object ref="gr3" category="thumbnail" type="IMAGE-THUMBNAIL" multimediatype="GIF image file" mimetype="image/gif" width="112" height="163" size="3036">http://api.elsevier.com/content/object/eid/1-s2.0-S0167931714000203-gr3.sml?httpAccept=%2A%2F%2A</object><object ref="gr2" category="thumbnail" type="IMAGE-THUMBNAIL" multimediatype="GIF image file" mimetype="image/gif" width="162" height="163" size="9047">http://api.elsevier.com/content/object/eid/1-s2.0-S0167931714000203-gr2.sml?httpAccept=%2A%2F%2A</object><object ref="gr1" category="thumbnail" type="IMAGE-THUMBNAIL" multimediatype="GIF image file" mimetype="image/gif" width="90" height="164" size="5286">http://api.elsevier.com/content/object/eid/1-s2.0-S0167931714000203-gr1.sml?httpAccept=%2A%2F%2A</object><object ref="fx1" category="thumbnail" type="IMAGE-THUMBNAIL" multimediatype="GIF image file" mimetype="image/gif" width="219" height="70" size="4723">http://api.elsevier.com/content/object/eid/1-s2.0-S0167931714000203-fx1.sml?httpAccept=%2A%2F%2A</object><object ref="mmc1" category="standard" type="APPLICATION" multimediatype="Acrobat PDF file" mimetype="application/pdf" size="535903">http://api.elsevier.com/content/object/eid/1-s2.0-S0167931714000203-mmc1.pdf?httpAccept=%2A%2F%2A</object></objects><scopus-id>84894448889</scopus-id><scopus-eid>2-s2.0-84894448889</scopus-eid><link rel="abstract" href="http://api.elsevier.com/content/abstract/scopus_id/84894448889"/><originalText><xocs:doc xmlns:xoe="http://www.elsevier.com/xml/xoe/dtd" xsi:schemaLocation="http://www.elsevier.com/xml/xocs/dtd http://be-prod3a/schema/dtds/document/fulltext/xcr/xocs-article.xsd"><xocs:meta><xocs:content-family>serial</xocs:content-family><xocs:content-type>JL</xocs:content-type><xocs:cid>271975</xocs:cid><xocs:ssids><xocs:ssid type="alllist">291210</xocs:ssid><xocs:ssid type="subj">291716</xocs:ssid><xocs:ssid type="subj">291718</xocs:ssid><xocs:ssid type="subj">291821</xocs:ssid><xocs:ssid type="subj">291892</xocs:ssid><xocs:ssid type="subj">291893</xocs:ssid><xocs:ssid type="content">31</xocs:ssid><xocs:ssid type="oa">90</xocs:ssid></xocs:ssids><xocs:srctitle>Microelectronic Engineering</xocs:srctitle><xocs:normalized-srctitle>MICROELECTRONICENGINEERING</xocs:normalized-srctitle><xocs:orig-load-date yyyymmdd="20140131">2014-01-31</xocs:orig-load-date><xocs:available-online-date yyyymmdd="20140131">2014-01-31</xocs:available-online-date><xocs:ew-transaction-id>2014-10-01T13:13:26</xocs:ew-transaction-id><xocs:eid>1-s2.0-S0167931714000203</xocs:eid><xocs:pii-formatted>S0167-9317(14)00020-3</xocs:pii-formatted><xocs:pii-unformatted>S0167931714000203</xocs:pii-unformatted><xocs:doi>10.1016/j.mee.2014.01.017</xocs:doi><xocs:item-stage>S300</xocs:item-stage><xocs:item-version-number>S300.3</xocs:item-version-number><xocs:item-weight>FULL-TEXT</xocs:item-weight><xocs:hub-eid>1-s2.0-S0167931714X0002X</xocs:hub-eid><xocs:timestamp yyyymmdd="20150514">2015-05-14T05:12:31.22227-04:00</xocs:timestamp><xocs:dco>0</xocs:dco><xocs:tomb>0</xocs:tomb><xocs:date-search-begin>20140425</xocs:date-search-begin><xocs:year-nav>2014</xocs:year-nav><xocs:indexeddate epoch="1391126400">2014-01-31T00:00:00Z</xocs:indexeddate><xocs:articleinfo>absattachment articleinfo articletitlenorm authfirstinitialnorm authfirstsurnamenorm cid cids contenttype copyright crossmark dateloaded dateloadedtxt datesearch datesort dateupdated dco docsubtype doctype doi eid ewtransactionid fundingbodyid hubeid indexeddate issn issnnorm itemstage itemtransactionid itemweight oauserlicense openaccess openarchive pg pgfirst pglast pii piinorm pubdatestart pubdatetxt pubyr sectiontitle sortorder sponsoredaccesstype srctitle srctitlenorm srctype ssids alllist content oa subj subheadings suppl tomb volfirst volissue volumelist webpdf webpdfpagecount yearnav figure e-component body acknowledge affil appendices articletitle auth authfirstini authfull authkeywords authlast grantnumber grantsponsor highlightsabst primabst pubtype ref specialabst</xocs:articleinfo><xocs:issns><xocs:issn-primary-formatted>0167-9317</xocs:issn-primary-formatted><xocs:issn-primary-unformatted>01679317</xocs:issn-primary-unformatted></xocs:issns><xocs:sponsored-access-type>UNLIMITED</xocs:sponsored-access-type><xocs:funding-body-id>NONE</xocs:funding-body-id><xocs:crossmark is-crossmark="1">true</xocs:crossmark><xocs:vol-first>118</xocs:vol-first><xocs:volume-list><xocs:volume>118</xocs:volume></xocs:volume-list><xocs:suppl>C</xocs:suppl><xocs:vol-iss-suppl-text>Volume 118</xocs:vol-iss-suppl-text><xocs:sort-order>2</xocs:sort-order><xocs:first-fp>25</xocs:first-fp><xocs:last-lp>28</xocs:last-lp><xocs:pages><xocs:first-page>25</xocs:first-page><xocs:last-page>28</xocs:last-page></xocs:pages><xocs:cover-date-orig><xocs:start-date>20140425</xocs:start-date></xocs:cover-date-orig><xocs:cover-date-text>25 April 2014</xocs:cover-date-text><xocs:cover-date-start>2014-04-25</xocs:cover-date-start><xocs:cover-date-year>2014</xocs:cover-date-year><xocs:hub-sec><xocs:hub-sec-title>Accelerated Publication</xocs:hub-sec-title></xocs:hub-sec><xocs:document-type>article</xocs:document-type><xocs:document-subtype>fla</xocs:document-subtype><xocs:copyright-line>Copyright © 2014 The Authors. Published by Elsevier B.V.</xocs:copyright-line><xocs:normalized-article-title>GROWTHASSAYINDIVIDUALPOLLENTUBESARRAYEDBYMICROCHANNELDEVICE</xocs:normalized-article-title><xocs:normalized-first-auth-surname>HORADE</xocs:normalized-first-auth-surname><xocs:normalized-first-auth-initial>M</xocs:normalized-first-auth-initial><xocs:item-toc><xocs:item-toc-entry ref-elem="ce:acknowledgment"><xocs:item-toc-section-title>Acknowledgements</xocs:item-toc-section-title></xocs:item-toc-entry><xocs:item-toc-entry ref-elem="ce:appendices"><xocs:item-toc-label>Appendix A</xocs:item-toc-label><xocs:item-toc-section-title>Supplementary data</xocs:item-toc-section-title></xocs:item-toc-entry><xocs:item-toc-entry ref-elem="ce:bibliography"><xocs:item-toc-section-title>References</xocs:item-toc-section-title></xocs:item-toc-entry></xocs:item-toc><xocs:references><xocs:ref-info refid="h0005"><xocs:ref-normalized-surname>SCHOPFER</xocs:ref-normalized-surname><xocs:ref-pub-year>2006</xocs:ref-pub-year><xocs:ref-first-fp>1415</xocs:ref-first-fp><xocs:ref-last-lp>1425</xocs:ref-last-lp><xocs:ref-normalized-initial>P</xocs:ref-normalized-initial></xocs:ref-info><xocs:ref-info refid="h0010"><xocs:ref-normalized-surname>HIGASHIYAMA</xocs:ref-normalized-surname><xocs:ref-pub-year>2010</xocs:ref-pub-year><xocs:ref-first-fp>177</xocs:ref-first-fp><xocs:ref-last-lp>189</xocs:ref-last-lp><xocs:ref-normalized-initial>T</xocs:ref-normalized-initial></xocs:ref-info><xocs:ref-info refid="h0015"><xocs:ref-normalized-surname>OKUDA</xocs:ref-normalized-surname><xocs:ref-pub-year>2009</xocs:ref-pub-year><xocs:ref-first-fp>357</xocs:ref-first-fp><xocs:ref-last-lp>361</xocs:ref-last-lp><xocs:ref-normalized-initial>S</xocs:ref-normalized-initial></xocs:ref-info><xocs:ref-info refid="h0020"><xocs:ref-normalized-surname>HIGASHIYAMA</xocs:ref-normalized-surname><xocs:ref-pub-year>2001</xocs:ref-pub-year><xocs:ref-first-fp>1480</xocs:ref-first-fp><xocs:ref-last-lp>1483</xocs:ref-last-lp><xocs:ref-normalized-initial>T</xocs:ref-normalized-initial></xocs:ref-info><xocs:ref-info refid="h0025"><xocs:ref-normalized-surname>ZHANG</xocs:ref-normalized-surname><xocs:ref-pub-year>1998</xocs:ref-pub-year><xocs:ref-first-fp>407</xocs:ref-first-fp><xocs:ref-last-lp>409</xocs:ref-last-lp><xocs:ref-normalized-initial>H</xocs:ref-normalized-initial></xocs:ref-info><xocs:ref-info refid="h0030"><xocs:ref-normalized-surname>SVISTOONOFF</xocs:ref-normalized-surname><xocs:ref-pub-year>2007</xocs:ref-pub-year><xocs:ref-first-fp>792</xocs:ref-first-fp><xocs:ref-last-lp>796</xocs:ref-last-lp><xocs:ref-normalized-initial>S</xocs:ref-normalized-initial></xocs:ref-info><xocs:ref-info refid="h0035"><xocs:ref-normalized-surname>JUDY</xocs:ref-normalized-surname><xocs:ref-pub-year>2001</xocs:ref-pub-year><xocs:ref-first-fp>1115</xocs:ref-first-fp><xocs:ref-last-lp>1134</xocs:ref-last-lp><xocs:ref-normalized-initial>J</xocs:ref-normalized-initial></xocs:ref-info><xocs:ref-info refid="h0040"><xocs:ref-normalized-surname>ELALI</xocs:ref-normalized-surname><xocs:ref-pub-year>2006</xocs:ref-pub-year><xocs:ref-first-fp>403</xocs:ref-first-fp><xocs:ref-last-lp>411</xocs:ref-last-lp><xocs:ref-normalized-initial>J</xocs:ref-normalized-initial></xocs:ref-info><xocs:ref-info refid="h0045"><xocs:ref-normalized-surname>BALAGADDE</xocs:ref-normalized-surname><xocs:ref-pub-year>2005</xocs:ref-pub-year><xocs:ref-first-fp>137</xocs:ref-first-fp><xocs:ref-last-lp>140</xocs:ref-last-lp><xocs:ref-normalized-initial>F</xocs:ref-normalized-initial></xocs:ref-info><xocs:ref-info refid="h0050"><xocs:ref-normalized-surname>CRAIGHEAD</xocs:ref-normalized-surname><xocs:ref-pub-year>2006</xocs:ref-pub-year><xocs:ref-first-fp>387</xocs:ref-first-fp><xocs:ref-last-lp>393</xocs:ref-last-lp><xocs:ref-normalized-initial>H</xocs:ref-normalized-initial></xocs:ref-info><xocs:ref-info refid="h0055"><xocs:ref-normalized-surname>ARATA</xocs:ref-normalized-surname><xocs:ref-pub-year>2009</xocs:ref-pub-year><xocs:ref-first-fp>363</xocs:ref-first-fp><xocs:ref-last-lp>370</xocs:ref-last-lp><xocs:ref-normalized-initial>H</xocs:ref-normalized-initial></xocs:ref-info><xocs:ref-info refid="h0060"><xocs:ref-normalized-surname>YETISEN</xocs:ref-normalized-surname><xocs:ref-pub-year>2011</xocs:ref-pub-year><xocs:ref-first-fp>054018</xocs:ref-first-fp><xocs:ref-normalized-initial>A</xocs:ref-normalized-initial></xocs:ref-info><xocs:ref-info refid="h0065"><xocs:ref-normalized-surname>AGUDELO</xocs:ref-normalized-surname><xocs:ref-pub-year>2012</xocs:ref-pub-year><xocs:ref-first-fp>115009</xocs:ref-first-fp><xocs:ref-normalized-initial>C</xocs:ref-normalized-initial></xocs:ref-info><xocs:ref-info refid="h0070"><xocs:ref-normalized-surname>AGUDELO</xocs:ref-normalized-surname><xocs:ref-pub-year>2013</xocs:ref-pub-year><xocs:ref-first-fp>73</xocs:ref-first-fp><xocs:ref-normalized-initial>C</xocs:ref-normalized-initial></xocs:ref-info><xocs:ref-info refid="h0075"><xocs:ref-normalized-surname>ARATA</xocs:ref-normalized-surname><xocs:ref-pub-year>2012</xocs:ref-pub-year><xocs:ref-first-fp>e48329</xocs:ref-first-fp><xocs:ref-normalized-initial>H</xocs:ref-normalized-initial></xocs:ref-info><xocs:ref-info refid="h0080"><xocs:ref-normalized-surname>HIGASHIYAMA</xocs:ref-normalized-surname><xocs:ref-pub-year>2006</xocs:ref-pub-year><xocs:ref-first-fp>481</xocs:ref-first-fp><xocs:ref-last-lp>491</xocs:ref-last-lp><xocs:ref-normalized-initial>T</xocs:ref-normalized-initial></xocs:ref-info><xocs:ref-info refid="h0085"><xocs:ref-normalized-surname>SANATINEZHADA</xocs:ref-normalized-surname><xocs:ref-pub-year>2013</xocs:ref-pub-year><xocs:ref-first-fp>8093</xocs:ref-first-fp><xocs:ref-last-lp>8098</xocs:ref-last-lp><xocs:ref-normalized-initial>A</xocs:ref-normalized-initial></xocs:ref-info><xocs:ref-info refid="h0090"/><xocs:ref-info refid="h0095"><xocs:ref-normalized-surname>HIGASHIYAMA</xocs:ref-normalized-surname><xocs:ref-pub-year>1997</xocs:ref-pub-year><xocs:ref-first-fp>101</xocs:ref-first-fp><xocs:ref-last-lp>110</xocs:ref-last-lp><xocs:ref-normalized-initial>T</xocs:ref-normalized-initial></xocs:ref-info><xocs:ref-info refid="h0100"><xocs:ref-normalized-surname>SANATINEZHAD</xocs:ref-normalized-surname><xocs:ref-pub-year>2013</xocs:ref-pub-year><xocs:ref-first-fp>3182</xocs:ref-first-fp><xocs:ref-last-lp>3193</xocs:ref-last-lp><xocs:ref-normalized-initial>A</xocs:ref-normalized-initial></xocs:ref-info><xocs:ref-info refid="h0105"><xocs:ref-normalized-surname>ARATA</xocs:ref-normalized-surname><xocs:ref-pub-year>2009</xocs:ref-pub-year><xocs:ref-first-fp>19239</xocs:ref-first-fp><xocs:ref-last-lp>19244</xocs:ref-last-lp><xocs:ref-normalized-initial>H</xocs:ref-normalized-initial></xocs:ref-info><xocs:ref-info refid="h0110"><xocs:ref-normalized-surname>ROY</xocs:ref-normalized-surname><xocs:ref-pub-year>2008</xocs:ref-pub-year><xocs:ref-first-fp>507</xocs:ref-first-fp><xocs:ref-last-lp>516</xocs:ref-last-lp><xocs:ref-normalized-initial>R</xocs:ref-normalized-initial></xocs:ref-info></xocs:references><xocs:refkeys><xocs:refkey3>HORADEX2014X25</xocs:refkey3><xocs:refkey4lp>HORADEX2014X25X28</xocs:refkey4lp><xocs:refkey4ai>HORADEX2014X25XM</xocs:refkey4ai><xocs:refkey5>HORADEX2014X25X28XM</xocs:refkey5></xocs:refkeys><xocs:open-access><xocs:oa-article-status is-open-access="1" is-open-archive="0">Full</xocs:oa-article-status><xocs:oa-access-effective-date>2014-01-25T09:49:45Z</xocs:oa-access-effective-date><xocs:oa-sponsor><xocs:oa-sponsor-type>Author</xocs:oa-sponsor-type></xocs:oa-sponsor><xocs:oa-user-license>http://creativecommons.org/licenses/by/3.0/</xocs:oa-user-license></xocs:open-access><xocs:attachment-metadata-doc><xocs:attachment-set-type>item</xocs:attachment-set-type><xocs:pii-formatted>S0167-9317(14)00020-3</xocs:pii-formatted><xocs:pii-unformatted>S0167931714000203</xocs:pii-unformatted><xocs:eid>1-s2.0-S0167931714000203</xocs:eid><xocs:doi>10.1016/j.mee.2014.01.017</xocs:doi><xocs:cid>271975</xocs:cid><xocs:timestamp>2014-10-02T16:22:37.286513-04:00</xocs:timestamp><xocs:cover-date-start>2014-04-25</xocs:cover-date-start><xocs:sponsored-access-type>UNLIMITED</xocs:sponsored-access-type><xocs:funding-body-id>NONE</xocs:funding-body-id><xocs:attachments><xocs:web-pdf><xocs:attachment-eid>1-s2.0-S0167931714000203-main.pdf</xocs:attachment-eid><xocs:ucs-locator>https://s3.amazonaws.com/prod-ucs-content-store-us-east/content/pii:S0167931714000203/MAIN/application/pdf/6f9e4b6433f2cb6ead9b2a675eae3c2a/main.pdf</xocs:ucs-locator><xocs:ucs-locator>https://s3-eu-west-1.amazonaws.com/prod-ucs-content-store-eu-west/content/pii:S0167931714000203/MAIN/application/pdf/6f9e4b6433f2cb6ead9b2a675eae3c2a/main.pdf</xocs:ucs-locator><xocs:filename>main.pdf</xocs:filename><xocs:extension>pdf</xocs:extension><xocs:pdf-optimized>true</xocs:pdf-optimized><xocs:filesize>600088</xocs:filesize><xocs:web-pdf-purpose>MAIN</xocs:web-pdf-purpose><xocs:web-pdf-page-count>4</xocs:web-pdf-page-count><xocs:web-pdf-images><xocs:web-pdf-image><xocs:attachment-eid>1-s2.0-S0167931714000203-main_1.png</xocs:attachment-eid><xocs:ucs-locator>https://s3-eu-west-1.amazonaws.com/prod-ucs-content-store-eu-west/content/pii:S0167931714000203/PREVIEW/image/png/bf02d158d9c9694d956daf58fcf1a828/main_1.png</xocs:ucs-locator><xocs:ucs-locator>https://s3.amazonaws.com/prod-ucs-content-store-us-east/content/pii:S0167931714000203/PREVIEW/image/png/bf02d158d9c9694d956daf58fcf1a828/main_1.png</xocs:ucs-locator><xocs:filename>main_1.png</xocs:filename><xocs:extension>png</xocs:extension><xocs:filesize>61860</xocs:filesize><xocs:pixel-height>849</xocs:pixel-height><xocs:pixel-width>656</xocs:pixel-width><xocs:attachment-type>IMAGE-WEB-PDF</xocs:attachment-type><xocs:pdf-page-num>1</xocs:pdf-page-num></xocs:web-pdf-image></xocs:web-pdf-images></xocs:web-pdf><xocs:attachment><xocs:attachment-eid>1-s2.0-S0167931714000203-mmc3.sml</xocs:attachment-eid><xocs:ucs-locator>https://s3.amazonaws.com/prod-ucs-content-store-us-east/content/pii:S0167931714000203/mmc3/THUMBNAIL/image/gif/b9f95be546a675eb053c40760ea8205d/mmc3.sml</xocs:ucs-locator><xocs:ucs-locator>https://s3-eu-west-1.amazonaws.com/prod-ucs-content-store-eu-west/content/pii:S0167931714000203/mmc3/THUMBNAIL/image/gif/b9f95be546a675eb053c40760ea8205d/mmc3.sml</xocs:ucs-locator><xocs:file-basename>mmc3</xocs:file-basename><xocs:filename>mmc3.sml</xocs:filename><xocs:extension>sml</xocs:extension><xocs:filesize>10980</xocs:filesize><xocs:pixel-height>164</xocs:pixel-height><xocs:pixel-width>217</xocs:pixel-width><xocs:attachment-type>IMAGE-MMC-THUMBNAIL</xocs:attachment-type></xocs:attachment><xocs:attachment><xocs:attachment-eid>1-s2.0-S0167931714000203-mmc2.sml</xocs:attachment-eid><xocs:ucs-locator>https://s3.amazonaws.com/prod-ucs-content-store-us-east/content/pii:S0167931714000203/mmc2/THUMBNAIL/image/gif/109f5710d3aa6b3fa6345343a52f57ff/mmc2.sml</xocs:ucs-locator><xocs:ucs-locator>https://s3-eu-west-1.amazonaws.com/prod-ucs-content-store-eu-west/content/pii:S0167931714000203/mmc2/THUMBNAIL/image/gif/109f5710d3aa6b3fa6345343a52f57ff/mmc2.sml</xocs:ucs-locator><xocs:file-basename>mmc2</xocs:file-basename><xocs:filename>mmc2.sml</xocs:filename><xocs:extension>sml</xocs:extension><xocs:filesize>7877</xocs:filesize><xocs:pixel-height>164</xocs:pixel-height><xocs:pixel-width>218</xocs:pixel-width><xocs:attachment-type>IMAGE-MMC-THUMBNAIL</xocs:attachment-type></xocs:attachment><xocs:attachment><xocs:attachment-eid>1-s2.0-S0167931714000203-mmc3.jpg</xocs:attachment-eid><xocs:ucs-locator>https://s3.amazonaws.com/prod-ucs-content-store-us-east/content/pii:S0167931714000203/mmc3/DOWNSAMPLED/image/jpeg/0bfad8e199ed759e3d429e770f2f8531/mmc3.jpg</xocs:ucs-locator><xocs:ucs-locator>https://s3-eu-west-1.amazonaws.com/prod-ucs-content-store-eu-west/content/pii:S0167931714000203/mmc3/DOWNSAMPLED/image/jpeg/0bfad8e199ed759e3d429e770f2f8531/mmc3.jpg</xocs:ucs-locator><xocs:file-basename>mmc3</xocs:file-basename><xocs:filename>mmc3.jpg</xocs:filename><xocs:extension>jpg</xocs:extension><xocs:filesize>10810</xocs:filesize><xocs:pixel-height>202</xocs:pixel-height><xocs:pixel-width>267</xocs:pixel-width><xocs:attachment-type>IMAGE-MMC-DOWNSAMPLED</xocs:attachment-type></xocs:attachment><xocs:attachment><xocs:attachment-eid>1-s2.0-S0167931714000203-mmc2.jpg</xocs:attachment-eid><xocs:ucs-locator>https://s3.amazonaws.com/prod-ucs-content-store-us-east/content/pii:S0167931714000203/mmc2/DOWNSAMPLED/image/jpeg/2f22af7a23575d3e46be513dbe75c237/mmc2.jpg</xocs:ucs-locator><xocs:ucs-locator>https://s3-eu-west-1.amazonaws.com/prod-ucs-content-store-eu-west/content/pii:S0167931714000203/mmc2/DOWNSAMPLED/image/jpeg/2f22af7a23575d3e46be513dbe75c237/mmc2.jpg</xocs:ucs-locator><xocs:file-basename>mmc2</xocs:file-basename><xocs:filename>mmc2.jpg</xocs:filename><xocs:extension>jpg</xocs:extension><xocs:filesize>18029</xocs:filesize><xocs:pixel-height>201</xocs:pixel-height><xocs:pixel-width>267</xocs:pixel-width><xocs:attachment-type>IMAGE-MMC-DOWNSAMPLED</xocs:attachment-type></xocs:attachment><xocs:attachment><xocs:attachment-eid>1-s2.0-S0167931714000203-mmc3.mp4</xocs:attachment-eid><xocs:ucs-locator>https://s3.amazonaws.com/prod-ucs-content-store-us-east/content/pii:S0167931714000203/mmc3/MAIN/video/mp4/111c1677cf57c311e3ce099c9885fa41/mmc3.mp4</xocs:ucs-locator><xocs:ucs-locator>https://s3-eu-west-1.amazonaws.com/prod-ucs-content-store-eu-west/content/pii:S0167931714000203/mmc3/MAIN/video/mp4/111c1677cf57c311e3ce099c9885fa41/mmc3.mp4</xocs:ucs-locator><xocs:file-basename>mmc3</xocs:file-basename><xocs:filename>mmc3.mp4</xocs:filename><xocs:extension>mp4</xocs:extension><xocs:filesize>1292319</xocs:filesize><xocs:attachment-type>VIDEO</xocs:attachment-type></xocs:attachment><xocs:attachment><xocs:attachment-eid>1-s2.0-S0167931714000203-mmc2.mp4</xocs:attachment-eid><xocs:ucs-locator>https://s3.amazonaws.com/prod-ucs-content-store-us-east/content/pii:S0167931714000203/mmc2/MAIN/video/mp4/6d116daa1ee7e8f00b02774054e052e9/mmc2.mp4</xocs:ucs-locator><xocs:ucs-locator>https://s3-eu-west-1.amazonaws.com/prod-ucs-content-store-eu-west/content/pii:S0167931714000203/mmc2/MAIN/video/mp4/6d116daa1ee7e8f00b02774054e052e9/mmc2.mp4</xocs:ucs-locator><xocs:file-basename>mmc2</xocs:file-basename><xocs:filename>mmc2.mp4</xocs:filename><xocs:extension>mp4</xocs:extension><xocs:filesize>1754765</xocs:filesize><xocs:attachment-type>VIDEO</xocs:attachment-type></xocs:attachment><xocs:attachment><xocs:attachment-eid>1-s2.0-S0167931714000203-mmc3.flv</xocs:attachment-eid><xocs:ucs-locator>https://s3.amazonaws.com/prod-ucs-content-store-us-east/content/pii:S0167931714000203/mmc3/OPT-STREAM/video/x-flv/17cd1b10b57db2fc9d8bf2212b2bc37e/mmc3.flv</xocs:ucs-locator><xocs:ucs-locator>https://s3-eu-west-1.amazonaws.com/prod-ucs-content-store-eu-west/content/pii:S0167931714000203/mmc3/OPT-STREAM/video/x-flv/17cd1b10b57db2fc9d8bf2212b2bc37e/mmc3.flv</xocs:ucs-locator><xocs:file-basename>mmc3</xocs:file-basename><xocs:filename>mmc3.flv</xocs:filename><xocs:extension>flv</xocs:extension><xocs:filesize>558020</xocs:filesize><xocs:pixel-height/><xocs:pixel-width/><xocs:attachment-type>VIDEO-FLASH</xocs:attachment-type></xocs:attachment><xocs:attachment><xocs:attachment-eid>1-s2.0-S0167931714000203-mmc2.flv</xocs:attachment-eid><xocs:ucs-locator>https://s3.amazonaws.com/prod-ucs-content-store-us-east/content/pii:S0167931714000203/mmc2/OPT-STREAM/video/x-flv/5208f1e896f2545ed87488d26655d45a/mmc2.flv</xocs:ucs-locator><xocs:ucs-locator>https://s3-eu-west-1.amazonaws.com/prod-ucs-content-store-eu-west/content/pii:S0167931714000203/mmc2/OPT-STREAM/video/x-flv/5208f1e896f2545ed87488d26655d45a/mmc2.flv</xocs:ucs-locator><xocs:file-basename>mmc2</xocs:file-basename><xocs:filename>mmc2.flv</xocs:filename><xocs:extension>flv</xocs:extension><xocs:filesize>919843</xocs:filesize><xocs:pixel-height/><xocs:pixel-width/><xocs:attachment-type>VIDEO-FLASH</xocs:attachment-type></xocs:attachment><xocs:attachment><xocs:attachment-eid>1-s2.0-S0167931714000203-gr3.jpg</xocs:attachment-eid><xocs:ucs-locator>https://s3.amazonaws.com/prod-ucs-content-store-us-east/content/pii:S0167931714000203/gr3/DOWNSAMPLED/image/jpeg/9d5dbab4101a7c832a8a152c380c153e/gr3.jpg</xocs:ucs-locator><xocs:ucs-locator>https://s3-eu-west-1.amazonaws.com/prod-ucs-content-store-eu-west/content/pii:S0167931714000203/gr3/DOWNSAMPLED/image/jpeg/9d5dbab4101a7c832a8a152c380c153e/gr3.jpg</xocs:ucs-locator><xocs:file-basename>gr3</xocs:file-basename><xocs:filename>gr3.jpg</xocs:filename><xocs:extension>jpg</xocs:extension><xocs:filesize>24983</xocs:filesize><xocs:pixel-height>486</xocs:pixel-height><xocs:pixel-width>333</xocs:pixel-width><xocs:attachment-type>IMAGE-DOWNSAMPLED</xocs:attachment-type></xocs:attachment><xocs:attachment><xocs:attachment-eid>1-s2.0-S0167931714000203-gr2.jpg</xocs:attachment-eid><xocs:ucs-locator>https://s3.amazonaws.com/prod-ucs-content-store-us-east/content/pii:S0167931714000203/gr2/DOWNSAMPLED/image/jpeg/96cbc924b6ad37c3db2d2b369dd1f053/gr2.jpg</xocs:ucs-locator><xocs:ucs-locator>https://s3-eu-west-1.amazonaws.com/prod-ucs-content-store-eu-west/content/pii:S0167931714000203/gr2/DOWNSAMPLED/image/jpeg/96cbc924b6ad37c3db2d2b369dd1f053/gr2.jpg</xocs:ucs-locator><xocs:file-basename>gr2</xocs:file-basename><xocs:filename>gr2.jpg</xocs:filename><xocs:extension>jpg</xocs:extension><xocs:filesize>25836</xocs:filesize><xocs:pixel-height>355</xocs:pixel-height><xocs:pixel-width>352</xocs:pixel-width><xocs:attachment-type>IMAGE-DOWNSAMPLED</xocs:attachment-type></xocs:attachment><xocs:attachment><xocs:attachment-eid>1-s2.0-S0167931714000203-gr1.jpg</xocs:attachment-eid><xocs:ucs-locator>https://s3.amazonaws.com/prod-ucs-content-store-us-east/content/pii:S0167931714000203/gr1/DOWNSAMPLED/image/jpeg/98593ed64e1f2a4bc964afc3b8b403b7/gr1.jpg</xocs:ucs-locator><xocs:ucs-locator>https://s3-eu-west-1.amazonaws.com/prod-ucs-content-store-eu-west/content/pii:S0167931714000203/gr1/DOWNSAMPLED/image/jpeg/98593ed64e1f2a4bc964afc3b8b403b7/gr1.jpg</xocs:ucs-locator><xocs:file-basename>gr1</xocs:file-basename><xocs:filename>gr1.jpg</xocs:filename><xocs:extension>jpg</xocs:extension><xocs:filesize>32801</xocs:filesize><xocs:pixel-height>492</xocs:pixel-height><xocs:pixel-width>270</xocs:pixel-width><xocs:attachment-type>IMAGE-DOWNSAMPLED</xocs:attachment-type></xocs:attachment><xocs:attachment><xocs:attachment-eid>1-s2.0-S0167931714000203-fx1.jpg</xocs:attachment-eid><xocs:ucs-locator>https://s3.amazonaws.com/prod-ucs-content-store-us-east/content/pii:S0167931714000203/fx1/DOWNSAMPLED/image/jpeg/0fa6900969ebd089581442c23b44f1e5/fx1.jpg</xocs:ucs-locator><xocs:ucs-locator>https://s3-eu-west-1.amazonaws.com/prod-ucs-content-store-eu-west/content/pii:S0167931714000203/fx1/DOWNSAMPLED/image/jpeg/0fa6900969ebd089581442c23b44f1e5/fx1.jpg</xocs:ucs-locator><xocs:file-basename>fx1</xocs:file-basename><xocs:abstract-attachment>true</xocs:abstract-attachment><xocs:filename>fx1.jpg</xocs:filename><xocs:extension>jpg</xocs:extension><xocs:filesize>29018</xocs:filesize><xocs:pixel-height>159</xocs:pixel-height><xocs:pixel-width>500</xocs:pixel-width><xocs:attachment-type>IMAGE-DOWNSAMPLED</xocs:attachment-type></xocs:attachment><xocs:attachment><xocs:attachment-eid>1-s2.0-S0167931714000203-gr3.sml</xocs:attachment-eid><xocs:ucs-locator>https://s3.amazonaws.com/prod-ucs-content-store-us-east/content/pii:S0167931714000203/gr3/THUMBNAIL/image/gif/b8270bb456c4a04b20c0da6271d3769a/gr3.sml</xocs:ucs-locator><xocs:ucs-locator>https://s3-eu-west-1.amazonaws.com/prod-ucs-content-store-eu-west/content/pii:S0167931714000203/gr3/THUMBNAIL/image/gif/b8270bb456c4a04b20c0da6271d3769a/gr3.sml</xocs:ucs-locator><xocs:file-basename>gr3</xocs:file-basename><xocs:filename>gr3.sml</xocs:filename><xocs:extension>sml</xocs:extension><xocs:filesize>3036</xocs:filesize><xocs:pixel-height>163</xocs:pixel-height><xocs:pixel-width>112</xocs:pixel-width><xocs:attachment-type>IMAGE-THUMBNAIL</xocs:attachment-type></xocs:attachment><xocs:attachment><xocs:attachment-eid>1-s2.0-S0167931714000203-gr2.sml</xocs:attachment-eid><xocs:ucs-locator>https://s3.amazonaws.com/prod-ucs-content-store-us-east/content/pii:S0167931714000203/gr2/THUMBNAIL/image/gif/459363d8d166b5a9eee51af253e82e24/gr2.sml</xocs:ucs-locator><xocs:ucs-locator>https://s3-eu-west-1.amazonaws.com/prod-ucs-content-store-eu-west/content/pii:S0167931714000203/gr2/THUMBNAIL/image/gif/459363d8d166b5a9eee51af253e82e24/gr2.sml</xocs:ucs-locator><xocs:file-basename>gr2</xocs:file-basename><xocs:filename>gr2.sml</xocs:filename><xocs:extension>sml</xocs:extension><xocs:filesize>9047</xocs:filesize><xocs:pixel-height>163</xocs:pixel-height><xocs:pixel-width>162</xocs:pixel-width><xocs:attachment-type>IMAGE-THUMBNAIL</xocs:attachment-type></xocs:attachment><xocs:attachment><xocs:attachment-eid>1-s2.0-S0167931714000203-gr1.sml</xocs:attachment-eid><xocs:ucs-locator>https://s3.amazonaws.com/prod-ucs-content-store-us-east/content/pii:S0167931714000203/gr1/THUMBNAIL/image/gif/4e178cc3a1490c1ed24612af39734c2e/gr1.sml</xocs:ucs-locator><xocs:ucs-locator>https://s3-eu-west-1.amazonaws.com/prod-ucs-content-store-eu-west/content/pii:S0167931714000203/gr1/THUMBNAIL/image/gif/4e178cc3a1490c1ed24612af39734c2e/gr1.sml</xocs:ucs-locator><xocs:file-basename>gr1</xocs:file-basename><xocs:filename>gr1.sml</xocs:filename><xocs:extension>sml</xocs:extension><xocs:filesize>5286</xocs:filesize><xocs:pixel-height>164</xocs:pixel-height><xocs:pixel-width>90</xocs:pixel-width><xocs:attachment-type>IMAGE-THUMBNAIL</xocs:attachment-type></xocs:attachment><xocs:attachment><xocs:attachment-eid>1-s2.0-S0167931714000203-fx1.sml</xocs:attachment-eid><xocs:ucs-locator>https://s3.amazonaws.com/prod-ucs-content-store-us-east/content/pii:S0167931714000203/fx1/THUMBNAIL/image/gif/b79a1ab4b0b71245ecfbd1f8bbc36b0a/fx1.sml</xocs:ucs-locator><xocs:ucs-locator>https://s3-eu-west-1.amazonaws.com/prod-ucs-content-store-eu-west/content/pii:S0167931714000203/fx1/THUMBNAIL/image/gif/b79a1ab4b0b71245ecfbd1f8bbc36b0a/fx1.sml</xocs:ucs-locator><xocs:file-basename>fx1</xocs:file-basename><xocs:abstract-attachment>true</xocs:abstract-attachment><xocs:filename>fx1.sml</xocs:filename><xocs:extension>sml</xocs:extension><xocs:filesize>4723</xocs:filesize><xocs:pixel-height>70</xocs:pixel-height><xocs:pixel-width>219</xocs:pixel-width><xocs:attachment-type>IMAGE-THUMBNAIL</xocs:attachment-type></xocs:attachment><xocs:attachment><xocs:attachment-eid>1-s2.0-S0167931714000203-mmc1.pdf</xocs:attachment-eid><xocs:ucs-locator>https://s3.amazonaws.com/prod-ucs-content-store-us-east/content/pii:S0167931714000203/mmc1/MAIN/application/pdf/d718389244e20ed7bbb270f919897d3c/mmc1.pdf</xocs:ucs-locator><xocs:ucs-locator>https://s3-eu-west-1.amazonaws.com/prod-ucs-content-store-eu-west/content/pii:S0167931714000203/mmc1/MAIN/application/pdf/d718389244e20ed7bbb270f919897d3c/mmc1.pdf</xocs:ucs-locator><xocs:file-basename>mmc1</xocs:file-basename><xocs:filename>mmc1.pdf</xocs:filename><xocs:extension>pdf</xocs:extension><xocs:filesize>535903</xocs:filesize><xocs:attachment-type>APPLICATION</xocs:attachment-type></xocs:attachment></xocs:attachments></xocs:attachment-metadata-doc></xocs:meta><xocs:serial-item><article xmlns="http://www.elsevier.com/xml/ja/dtd" docsubtype="fla" xml:lang="en" version="5.2"><item-info><jid>MEE</jid><aid>9317</aid><ce:pii>S0167-9317(14)00020-3</ce:pii><ce:doi>10.1016/j.mee.2014.01.017</ce:doi><ce:copyright type="other" year="2014">The Authors</ce:copyright></item-info><ce:floats><ce:figure id="f0005"><ce:label>Fig. 1</ce:label><ce:caption id="cn0005"><ce:simple-para id="sp0015" view="all">(A) Schematic diagrams of conventional pollen tube assay on agar plate. Pollen tubes grow in a disorderly manner on and in agarose gel medium in a Petri dish. This prevents accurate quantitative analysis of pollen tube growth. (B) Microscopic image of the growing pollen tubes in the microchannel device. Individual pollen tubes are isolated and grow straight along each channel, enabling precise measurement of their growth rates.</ce:simple-para></ce:caption><ce:link locator="gr1"/></ce:figure><ce:figure id="f0010"><ce:label>Fig. 2</ce:label><ce:caption id="cn0010"><ce:simple-para id="sp0020" view="all">(A) Microscopic view of pollen tubes growing in microchannels of different heights. The appropriate height of microchannels was 5–12<ce:hsp sp="0.25"/>μm for observation of single pollen tubes (right). More than two PTs entered the channel higher than 12<ce:hsp sp="0.25"/>μm (left), while they could not enter channels less than 5-μm high. H represents channel height. (B) Microscopic view of pollen tubes growing along microchannels with different widths. Appropriate width to isolate single pollen tube was 5–12<ce:hsp sp="0.25"/>μm (right). More than two pollen tubes could enter channels wider than 12<ce:hsp sp="0.25"/>μm (left); pollen tubes could not enter channels less than 5<ce:hsp sp="0.25"/>μm wide. W represents channel width.</ce:simple-para></ce:caption><ce:link locator="gr2"/></ce:figure><ce:figure id="f0015"><ce:label>Fig. 3</ce:label><ce:caption id="cn0015"><ce:simple-para id="sp0025" view="all">(A) Measured rates of pollen tubes depending on microchannel height. Data were collected from eight pollen tubes for each microchannel height. Pollen tubes showed highest measured rate in the channels around 8–10<ce:hsp sp="0.25"/>μm high. (B) Measured rates of pollen tubes depending of microchannel width. Data were collected from four pollen tubes for each microchannel width. The measured rates did not show any trend with respect to channel width.</ce:simple-para></ce:caption><ce:link locator="gr3"/></ce:figure></ce:floats><head><ce:dochead id="dh005"><ce:textfn>Accelerated Publication</ce:textfn></ce:dochead><ce:title id="tm005">Growth assay of individual pollen tubes arrayed by microchannel device</ce:title><ce:author-group id="ag005"><ce:author id="au005"><ce:given-name>Mitsuhiro</ce:given-name><ce:surname>Horade</ce:surname><ce:cross-ref refid="af005" id="c0005"><ce:sup loc="post">a</ce:sup></ce:cross-ref><ce:cross-ref refid="af010" id="c0010"><ce:sup loc="post">b</ce:sup></ce:cross-ref></ce:author><ce:author id="au010"><ce:given-name>Naoki</ce:given-name><ce:surname>Yanagisawa</ce:surname><ce:cross-ref refid="af005" id="c0015"><ce:sup loc="post">a</ce:sup></ce:cross-ref><ce:cross-ref refid="af010" id="c0020"><ce:sup loc="post">b</ce:sup></ce:cross-ref></ce:author><ce:author id="au015"><ce:given-name>Yoko</ce:given-name><ce:surname>Mizuta</ce:surname><ce:cross-ref refid="af005" id="c0025"><ce:sup loc="post">a</ce:sup></ce:cross-ref><ce:cross-ref refid="af010" id="c0030"><ce:sup loc="post">b</ce:sup></ce:cross-ref></ce:author><ce:author id="au020"><ce:given-name>Tetsuya</ce:given-name><ce:surname>Higashiyama</ce:surname><ce:cross-ref refid="af005" id="c0035"><ce:sup loc="post">a</ce:sup></ce:cross-ref><ce:cross-ref refid="af010" id="c0040"><ce:sup loc="post">b</ce:sup></ce:cross-ref><ce:cross-ref refid="af015" id="c0045"><ce:sup loc="post">c</ce:sup></ce:cross-ref></ce:author><ce:author id="au025"><ce:given-name>Hideyuki</ce:given-name><ce:surname>Arata</ce:surname><ce:cross-ref refid="af005" id="c0050"><ce:sup loc="post">a</ce:sup></ce:cross-ref><ce:cross-ref refid="af010" id="c0055"><ce:sup loc="post">b</ce:sup></ce:cross-ref><ce:cross-ref refid="cor1" id="c0060"><ce:sup loc="post">⁎</ce:sup></ce:cross-ref><ce:e-address type="email" id="em005">arata.hideyuki@i.mbox.nagoya-u.ac.jp</ce:e-address></ce:author><ce:affiliation id="af005"><ce:label>a</ce:label><ce:textfn>JST, ERATO, Higashiyama Live-Holonics Project, Nagoya University, Furo-cho, Chikusa-ku, Nagoya, Aichi 464-8602, Japan</ce:textfn><sa:affiliation><sa:organization>JST</sa:organization><sa:organization>ERATO</sa:organization><sa:organization>Higashiyama Live-Holonics Project</sa:organization><sa:organization>Nagoya University</sa:organization><sa:address-line>Furo-cho</sa:address-line><sa:address-line>Chikusa-ku</sa:address-line><sa:city>Nagoya</sa:city><sa:state>Aichi</sa:state><sa:postal-code>464-8602</sa:postal-code><sa:country>Japan</sa:country></sa:affiliation></ce:affiliation><ce:affiliation id="af010"><ce:label>b</ce:label><ce:textfn>Graduate School of Science, Nagoya University, Furo-cho, Chikusa-ku, Nagoya, Aichi 464-8602, Japan</ce:textfn><sa:affiliation><sa:organization>Graduate School of Science</sa:organization><sa:organization>Nagoya University</sa:organization><sa:address-line>Furo-cho</sa:address-line><sa:address-line>Chikusa-ku</sa:address-line><sa:city>Nagoya</sa:city><sa:state>Aichi</sa:state><sa:postal-code>464-8602</sa:postal-code><sa:country>Japan</sa:country></sa:affiliation></ce:affiliation><ce:affiliation id="af015"><ce:label>c</ce:label><ce:textfn>Institute of Transformative Bio-Molecules (ITbM), Nagoya University, Furo-cho, Chikusa-ku, Nagoya, Aichi 464-8602, Japan</ce:textfn><sa:affiliation><sa:organization>Institute of Transformative Bio-Molecules (ITbM)</sa:organization><sa:organization>Nagoya University</sa:organization><sa:address-line>Furo-cho</sa:address-line><sa:address-line>Chikusa-ku</sa:address-line><sa:city>Nagoya</sa:city><sa:state>Aichi</sa:state><sa:postal-code>464-8602</sa:postal-code><sa:country>Japan</sa:country></sa:affiliation></ce:affiliation><ce:correspondence id="cor1"><ce:label>⁎</ce:label><ce:text>Corresponding author at: Graduate School of Science, Nagoya University, Furo-cho, Chikusa-ku, Nagoya, Aichi 464-8602, Japan. Tel.: +81 52 789 2496.</ce:text></ce:correspondence></ce:author-group><ce:date-received day="28" month="6" year="2013"/><ce:date-revised day="11" month="1" year="2014"/><ce:date-accepted day="22" month="1" year="2014"/><ce:abstract class="graphical" xml:lang="en" id="ab005" view="all"><ce:abstract-sec id="as005" view="all"><ce:section-title id="st005">Graphical abstract</ce:section-title><ce:simple-para id="sp0005" view="all"/></ce:abstract-sec><ce:figure id="f0020"><ce:link locator="fx1"/></ce:figure></ce:abstract><ce:abstract class="author-highlights" xml:lang="en" id="ab015" view="all"><ce:section-title id="st040">Highlights</ce:section-title><ce:abstract-sec id="as015" view="all"><ce:simple-para id="sp0030" view="all"><ce:list id="l0005"><ce:list-item id="o0005"><ce:label>•</ce:label><ce:para id="p0080" view="all">We describe a new pollen tube growth assay using a microchannel device.</ce:para></ce:list-item><ce:list-item id="o0010"><ce:label>•</ce:label><ce:para id="p0085" view="all">The microchannel restricts the growth of the pollen tube to a single focal plane.</ce:para></ce:list-item><ce:list-item id="o0015"><ce:label>•</ce:label><ce:para id="p0090" view="all">The growth of each pollen tube can be observed under a microscope and quantified.</ce:para></ce:list-item><ce:list-item id="o0020"><ce:label>•</ce:label><ce:para id="p0095" view="all">This method might enable exploring the effects of signaling molecules on pollen tube.</ce:para></ce:list-item></ce:list></ce:simple-para></ce:abstract-sec></ce:abstract><ce:abstract class="author" xml:lang="en" id="ab010" view="all"><ce:section-title id="st010">Abstract</ce:section-title><ce:abstract-sec id="as010" view="all"><ce:simple-para id="sp0010" view="all">To restrict pollen tube growth to a single focal plane is an important subject to enable their accurate growth analysis under microscopic observation. In the conventional method to assay pollen tube growth, the pollen tubes grow in a disorderly manner on solid medium, rendering it impossible to observe their growth in detail. Here, we present a new method to assay pollen tube growth using poly-dimethylsiloxane microchannel device to isolate individual pollen tubes. The growth of the pollen tube is confined to the microchannel and to the same focal plane, allowing accurate microscopic observations. This methodology has the potential for analyses of pollen tube growth in microfluidic environments in response to chemical products and signaling molecules, which paves the way for various experiments on plant reproduction.</ce:simple-para></ce:abstract-sec></ce:abstract><ce:keywords class="keyword" id="kg005" view="all"><ce:section-title id="st015">Keywords</ce:section-title><ce:keyword id="k0005"><ce:text>Plant reproduction</ce:text></ce:keyword><ce:keyword id="k0010"><ce:text>Pollen tube</ce:text></ce:keyword><ce:keyword id="k0015"><ce:text><ce:italic>Torenia fournieri</ce:italic></ce:text></ce:keyword><ce:keyword id="k0020"><ce:text>PDMS</ce:text></ce:keyword><ce:keyword id="k0025"><ce:text>Microchip</ce:text></ce:keyword><ce:keyword id="k0030"><ce:text>Microchannel</ce:text></ce:keyword></ce:keywords></head><body view="all"><ce:sections><ce:para id="p0005" view="all">Sperm-carrying pollen tubes (PTs) penetrate surrounding tissues in a style to deliver gametes to egg cells in female tissues to achieve fertilization and initiate seed development. PT growth is achieved by finger shaped cellular protrusion that grows at its tip and is able to orient its growth direction following guidance cues. A pushing force for this invasive growth is generated by the internal turgor pressure <ce:cross-ref refid="b0005" id="c0065">[1]</ce:cross-ref>. Communication among female tissues and pollen tubes (PTs) also plays an essential role in plant reproduction because signals from female tissues guide the PTs to the egg cells to achieve fertilization. Recently, various secreted polypeptides have been reported to be involved in communication during PT–female tissue interactions <ce:cross-ref refid="b0010" id="c0070">[2]</ce:cross-ref>. For example, the defensin-like polypeptides, LUREs, were shown to be the PT attractants secreted from synergid cells <ce:cross-ref refid="b0015" id="c0075">[3]</ce:cross-ref>. However, there have been few quantitative studies on the mechanisms of PT growth and PT–female tissue communication. One of the major obstacles has been the difficulty in quantitatively analyzing PT growth. Conventional <ce:italic>in vitro</ce:italic> assays monitor PT growth on agar gel medium in Petri dishes; however, PTs grow in a disorderly manner in these conditions (<ce:cross-ref refid="f0005" id="c0080">Fig. 1</ce:cross-ref><ce:float-anchor refid="f0005"/>A) <ce:cross-ref refid="b0020" id="c0085">[4]</ce:cross-ref>. In addition, the chemical environment that develops on agar plates allows spatial control only in the order of millimeters <ce:cross-refs refid="b0025 b0030" id="r0005">[5,6]</ce:cross-refs>, which is far below the resolution required cellular-level studies. A new and widely applicable method that allows precise handling of both individual PTs and signaling molecules is required for quantitative studies on PT–female tissue communications during plant reproduction.</ce:para><ce:para id="p0010" view="all">Microfluidic-systems, typically fabricated using MEMS (Micro-Electro-Mechanical-Systems) technology <ce:cross-ref refid="b0035" id="c0090">[7]</ce:cross-ref>, have been used for various biological experiments at the cellular <ce:cross-refs refid="b0040 b0045" id="r0010">[8,9]</ce:cross-refs> and molecular level <ce:cross-refs refid="b0050 b0055" id="r0015">[10,11]</ce:cross-refs> taking advantage of miniaturization for handling small volume of liquids. A microfluidic system has much potential to further research on plant reproduction, since it allows precise handling of the PT itself, and also allows the development of a chemical environment at a high spatial resolution on a micrometer scale. Such a system also can be used to develop an environment that mimics the internal micro-environment of the pistil during <ce:italic>in vivo</ce:italic> PT growth. Considering those advantages, a microsystem-based assay was developed to study the attraction of PT to ovules in <ce:italic>Arabidopsis thaliana</ce:italic> <ce:cross-ref refid="b0060" id="c0095">[12]</ce:cross-ref>. In another study, a microfluidic network analysis was used to examine the growth response of PTs to various mechanical challenges <ce:cross-ref refid="b0065" id="c0100">[13]</ce:cross-ref> and the device was designed for experimentation and phenotyping of PTs <ce:cross-ref refid="b0070" id="c0105">[14]</ce:cross-ref>. However, those studies were conducted on scales of a few tens to hundreds of micrometers, which are far larger than the size of the PT itself. To observe the growth of PTs continuously and to precisely measure their growth rate, PTs must be isolated and confined to the same focal plane during microscopic observations.</ce:para><ce:para id="p0015" view="all">In this report, we describe a method to analyze growth of individual PTs confined to the same focal plane using a microchannel device. We developed a poly-dimethylsiloxane (PDMS) microchannel device to isolate individual PTs and restrict the meandering in z-direction (<ce:cross-ref refid="f0005" id="c0110">Fig. 1</ce:cross-ref>B). We have adopted <ce:italic>Torenia fournieri</ce:italic> as a model plant because it enables us to perform live-imaging of the interaction between PT and female tissue. The design and dimensions of the microchannel device were optimized for handling individual PTs of <ce:italic>T. fournieri,</ce:italic> whose diameter is 8.6<ce:hsp sp="0.25"/>±<ce:hsp sp="0.25"/>0.8<ce:hsp sp="0.25"/>μm in our condition.</ce:para><ce:para id="p0020" view="all">The PDMS microchannel devices prepared in this study consisted of a buffer and style inlet, buffer outlets, micro-slits, and microchannels with widths ranging from 5 to 20<ce:hsp sp="0.25"/>μm on the same device (see <ce:cross-ref refid="s0010" id="c0175">Fig. S1 in Supplementary material</ce:cross-ref>). Thus, the device allows for growth assays of multiple PTs, even from the same sample, in parallel channels with various width. The heights of the channels varied from 5 to 20<ce:hsp sp="0.25"/>μm. The distance between the center of the style inlet and the entrance of the microchannels was 2<ce:hsp sp="0.25"/>mm. The microchannel devices were developed using the fabrication process described elsewhere <ce:cross-ref refid="b0075" id="c0115">[15]</ce:cross-ref>. Namely, the negative master for the molding of PDMS was fabricated on a silicon wafer with an ultrathick photoresist (SU-8 3005 and SU-8 3010, Microchem Corp., Newton, MA, USA). The prepolymer of PDMS (Sylgard® 184, Dow Corning, Midland, MI) was cast onto the master, which had a frame to hold the prepolymer in place. The prepolymer was degassed in the vacuum chamber for more than 20<ce:hsp sp="0.25"/>min. After 90<ce:hsp sp="0.25"/>min incubation at 65<ce:hsp sp="0.25"/>°C, the cured PDMS was peeled off from the master, and the through-holes for style and buffer inlets (1.5<ce:hsp sp="0.25"/>mm in diameter) were punched out manually.</ce:para><ce:para id="p0025" view="all">The experimental protocols were as follows: First, the PDMS microchannel device was placed in the middle of a glass-bottomed dish. The dish was kept moist at room temperature throughout the assay. Second, after degassing the device in a vacuum chamber at 10<ce:hsp sp="0.25"/>kPa for at least 40<ce:hsp sp="0.25"/>min, 20<ce:hsp sp="0.25"/>μL modified Nitsch’s Medium <ce:cross-ref refid="b0080" id="c0120">[16]</ce:cross-ref> was injected from the style inlet to fill all the channels via the power-free pumping mechanism of the PDMS microchannel device <ce:cross-ref refid="b0075" id="c0125">[15]</ce:cross-ref>. Third, a hand-pollinated style of <ce:italic>T. fournieri</ce:italic> Lind. ‘Crown Violet’, cut to a length of 1<ce:hsp sp="0.25"/>cm, was directly set in the style inlet of the device. The PTs grew and passed through the style after the pollination, and appears from the other side of the style in the microchannel device. The growth experiments were conducted under no-flow condition. Finally, at approximately 4<ce:hsp sp="0.25"/>h after pollination, the PTs entered the microchannels and were observed by bright field microscopy on an inverted platform. To determine the measured rates in this experimental condition, an image of the growing PTs was captured every 30<ce:hsp sp="0.25"/>s using a CCD camera mounted on the microscope.</ce:para><ce:para id="p0030" view="all">The protocol using liquid media allowed for successful assays of PT growth in the channels with dimensions comparable to those of a single PT. PTs were isolated and straightened while they grew in the microchannels (<ce:cross-ref refid="s0010" id="c0180">Supplementary material 2</ce:cross-ref>). We also observed PTs entering channels less than 8-μm high, even though the diameter of PT tip is 8.6<ce:hsp sp="0.25"/>±<ce:hsp sp="0.25"/>0.8<ce:hsp sp="0.25"/>μm. The PTs were able to squeeze into the channels less than 8-μm wide. In those conditions, even though PTs were deformed and stressed by the channel to some extent, they did not stop growing, nor did their tips rupture. Similar phenomena were observed with <ce:italic>Camellia japonica</ce:italic> PTs that they passed through the gap narrower than their diameter by changing cell shape <ce:cross-ref refid="b0085" id="c0130">[17]</ce:cross-ref>. Thus, this protocol using liquid medium allows for growth assays of individual PTs by separating them among PDMS microchannels. The appropriate range of channel dimensions to assay growth of a single PT was defined by the height and width allowing entry of one PT. We investigated PT behavior depending on channel height, and then PT behavior depending on channel width. When the channel was less than 5-μm high, a single PT could not enter it. More than two PTs entered the channel higher than 12<ce:hsp sp="0.25"/>μm (<ce:cross-ref refid="f0010" id="c0135">Fig. 2</ce:cross-ref><ce:float-anchor refid="f0010"/>A). When the channel width was less than 5<ce:hsp sp="0.25"/>μm, a PT could not enter the channel, while more than two PTs could enter the channel wider than 12<ce:hsp sp="0.25"/>μm (<ce:cross-ref refid="f0010" id="c0140">Fig. 2</ce:cross-ref>B). Therefore, the appropriate channel height, and also the width, for a single PT observation were determined to be between 5 and 12<ce:hsp sp="0.25"/>μm.</ce:para><ce:para id="p0035" view="all">For more detailed investigations, PTs must be tightly confined vertically so that the growth proceeds in the same focal plane. Even a slight vertical displacement at the micrometer scale causes defocusing during microscopic observation. Within the range of appropriate channel heights, measured value of PT growth rates (hereinafter measured rates) were plotted against channel height to determine the “ideal height” of the channel for further quantitative growth analysis (<ce:cross-ref refid="f0015" id="c0145">Fig. 3</ce:cross-ref><ce:float-anchor refid="f0015"/>A). The measured rates were highest, around 50<ce:hsp sp="0.25"/>μm/min, in channels between 8 and 10-μm high. The measured rates decrease with channel height at the range higher than 10<ce:hsp sp="0.25"/>μm. Our previous study reported measured rate of 16.3<ce:hsp sp="0.25"/>±<ce:hsp sp="0.25"/>2.5<ce:hsp sp="0.25"/>μm/min (<ce:italic>n<ce:hsp sp="0.25"/></ce:italic>=<ce:hsp sp="0.25"/>10) in microchannels of 100-μm high and 100–1000-μm wide <ce:cross-ref refid="b0090" id="c0150">[18]</ce:cross-ref>. These results might be explained by both reduction of growth rate and the underestimation of the growth rates in the liquid environment caused by the meandering of PTs in z-direction. In channels less than 8-μm high, the measured rates were also lower. This may be caused by the spatial confinement as well as the lack of the nutrients since smaller PT’s surface area contacts with the surrounding medium. Thus, the “ideal height” the microchannel to assay growth of a single PT was determined to be between 8 and 10<ce:hsp sp="0.25"/>μm<ce:italic>.</ce:italic> Measured rates of pollen tubes did not appear to depend on microchannel width (<ce:cross-ref refid="f0015" id="c0155">Fig. 3</ce:cross-ref>B). This is because their horizontal meandering restricted on the focal plane is relatively easy to trace during microscopic observation.</ce:para><ce:para id="p0040" view="all">We also compared the newly developed “on-chip” method with a conventional “off-chip” method. The “off-chip” condition was prepared by placing the modified Nitsch’s Medium on the glass surface in a Petri dish. After the pollination, a pistil was immersed in the liquid medium. Approximately 4<ce:hsp sp="0.25"/>h after the pollination, we observed the PTs emerging from the pistil, which kept growing in the liquid medium (<ce:cross-ref refid="s0010" id="c0185">Supplementary material 3</ce:cross-ref>). An image of the growing PTs was captured every 30<ce:hsp sp="0.25"/>s using a CCD camera to determine the measured rates in this method. Then, the measured rates were obtained by measuring the displacement of the tips of the PTs from the series of images. The measured rates were compared between the off-chip liquid medium assay and the newly developed method with microchannels 7.5–10-μm high and 8–12-μm wide. The measured rates obtained by the microchannel method was 50.2<ce:hsp sp="0.25"/>±<ce:hsp sp="0.25"/>9.6<ce:hsp sp="0.25"/>μm/min (<ce:italic>n<ce:hsp sp="0.25"/></ce:italic>=<ce:hsp sp="0.25"/>16), which was higher than that determined using the conventional off-chip <ce:italic>in vitro</ce:italic> method (19.8<ce:hsp sp="0.25"/>±<ce:hsp sp="0.25"/>5.3<ce:hsp sp="0.25"/>μm/min; <ce:italic>n<ce:hsp sp="0.25"/></ce:italic>=<ce:hsp sp="0.25"/>10). This large difference in measured rates is not surprising because the <ce:italic>in vivo</ce:italic> growth rate in pistil was about 40<ce:hsp sp="0.25"/>μm/min estimated from the time for PTs to come out from a pistil cut into 1<ce:hsp sp="0.25"/>cm length after the pollination; this is also consistent with the previous report <ce:cross-ref refid="b0095" id="c0160">[19]</ce:cross-ref>. One of the major reasons for this difference is that PTs were able to grow straight in the microchannel. In contrast, the PTs tended to grow randomly in both horizontal and vertical directions in the liquid medium. This might have caused an underestimation of the measured rate by the conventional method in the liquid medium. The newly developed method using the microchannel device eliminates this problem, allowing measurement of the growth rate close to the <ce:italic>in vivo</ce:italic> environment.</ce:para><ce:para id="p0045" view="all">In conclusion, we present a new method to assay PT growth using a microchannel device. This method allows precise analysis of PT growth by isolating individual PTs confining their growth to the same focal plane, allowing for accurate visualization under a microscope. The ideal height of the channel for microscopic analysis of PT growth was 8–10<ce:hsp sp="0.25"/>μm and the appropriate width of the channel for single PT isolation was 5–12<ce:hsp sp="0.25"/>μm, for the PTs of <ce:italic>T. fournieri.</ce:italic> This method is applicable to other species once the channel dimensions are customized. Recently, oscillatory growth dynamics of <ce:italic>Camellia</ce:italic> PTs were studied in microfluidic environment <ce:cross-ref refid="b0100" id="c0165">[20]</ce:cross-ref>. <ce:italic>Camellia</ce:italic> PT growth analysis in microfluidic platform revealed that PTs do not have a directional memory in contrast to other tip-growing cells, which is a novel finding in terms of pollen biology <ce:cross-ref refid="b0070" id="c0170">[14]</ce:cross-ref>. Those platforms might pave the way for large-scale phenotyping of tip-growing cells under precisely controlled, reproducible conditions. PDMS-based microfluidic devices can be used to analyze the effects of various biochemical materials, including signaling molecules, and are highly compatible with single molecule techniques <ce:cross-refs refid="b0105 b0110" id="r0020">[21,22]</ce:cross-refs>. This is a great advantage considering future PT–female tissue communication studies since the signaling molecules, which guide PTs to female gametophyte, extracted from synergid cells are already identified and both PTs and the signaling molecules are ready to use on microfluidic platform. For instance, the use of T-channel design will allow PTs to grow towards either ‘left’ or ‘right’. By introducing chemical products or signaling molecules from either side, we can observe if the PTs respond to those signals and grow towards the particular channel side. If the potential of this method is fully realized, it may open new possibilities and serve as a powerful tool for research on plant reproduction, especially research on aspects of PT–female tissue communication.</ce:para></ce:sections><ce:acknowledgment id="ak005" view="all"><ce:section-title id="st020">Acknowledgements</ce:section-title><ce:para id="p0050" view="all">This work was partly supported by <ce:grant-sponsor xlink:type="simple" id="gp005" xlink:role="http://www.elsevier.com/xml/linking-roles/grant-sponsor">JSPS KAKENHI</ce:grant-sponsor> Grant Nos. <ce:grant-number refid="gp005">24760101</ce:grant-number> and <ce:grant-number refid="gp005">25706013</ce:grant-number>. We thank Ms. Terumi Nishii for sample preparation, Mr. Motoki Kuzuya and Dr. Yoshikatsu Sato for technical support.</ce:para></ce:acknowledgment><ce:appendices view="all"><ce:section view="compact-standard" id="s0005"><ce:label>Appendix A</ce:label><ce:section-title id="st030">Supplementary data</ce:section-title><ce:para id="p0070" view="all">Supplementary data associated with this article can be found, in the online version, at <ce:inter-ref xlink:href="doi:10.1016/j.mee.2014.01.017" xlink:type="simple" id="ir0005">http://dx.doi.org/10.1016/j.mee.2014.01.017</ce:inter-ref>.</ce:para></ce:section><ce:section view="extended" id="s0010"><ce:label>Appendix A</ce:label><ce:section-title id="st035">Supplementary data</ce:section-title><ce:para id="p0075" view="all"><ce:display><ce:e-component id="m0005"><ce:label>Supplementary data 1</ce:label><ce:link locator="mmc1"/></ce:e-component></ce:display><ce:display><ce:e-component id="m0010"><ce:label>Supplementary video 2</ce:label><ce:link locator="mmc2"/></ce:e-component></ce:display><ce:display><ce:e-component id="m0015"><ce:label>Supplementary video 3</ce:label><ce:link locator="mmc3"/></ce:e-component></ce:display></ce:para></ce:section></ce:appendices></body><tail view="all"><ce:bibliography id="bi0005" view="all"><ce:section-title id="st025">References</ce:section-title><ce:bibliography-sec id="bs0005" view="all"><ce:bib-reference id="b0005"><ce:label>[1]</ce:label><sb:reference id="h0005"><sb:contribution langtype="en"><sb:authors><sb:author><ce:given-name>P.</ce:given-name><ce:surname>Schopfer</ce:surname></sb:author></sb:authors></sb:contribution><sb:host><sb:issue><sb:series><sb:title><sb:maintitle>Am. J. Bot.</sb:maintitle></sb:title><sb:volume-nr>93</sb:volume-nr></sb:series><sb:date>2006</sb:date></sb:issue><sb:pages><sb:first-page>1415</sb:first-page><sb:last-page>1425</sb:last-page></sb:pages></sb:host></sb:reference></ce:bib-reference><ce:bib-reference id="b0010"><ce:label>[2]</ce:label><sb:reference id="h0010"><sb:contribution langtype="en"><sb:authors><sb:author><ce:given-name>T.</ce:given-name><ce:surname>Higashiyama</ce:surname></sb:author></sb:authors></sb:contribution><sb:host><sb:issue><sb:series><sb:title><sb:maintitle>Plant Cell Physiol.</sb:maintitle></sb:title><sb:volume-nr>51</sb:volume-nr></sb:series><sb:date>2010</sb:date></sb:issue><sb:pages><sb:first-page>177</sb:first-page><sb:last-page>189</sb:last-page></sb:pages></sb:host></sb:reference></ce:bib-reference><ce:bib-reference id="b0015"><ce:label>[3]</ce:label><sb:reference id="h0015"><sb:contribution langtype="en"><sb:authors><sb:author><ce:given-name>S.</ce:given-name><ce:surname>Okuda</ce:surname></sb:author><sb:author><ce:given-name>H.</ce:given-name><ce:surname>Tsutsui</ce:surname></sb:author><sb:author><ce:given-name>K.</ce:given-name><ce:surname>Shiina</ce:surname></sb:author><sb:author><ce:given-name>S.</ce:given-name><ce:surname>Sprunck</ce:surname></sb:author><sb:author><ce:given-name>H.</ce:given-name><ce:surname>Takeuchi</ce:surname></sb:author><sb:author><ce:given-name>R.</ce:given-name><ce:surname>Yui</ce:surname></sb:author><sb:author><ce:given-name>R.D.</ce:given-name><ce:surname>Kasahara</ce:surname></sb:author><sb:author><ce:given-name>Y.</ce:given-name><ce:surname>Hamamura</ce:surname></sb:author><sb:author><ce:given-name>A.</ce:given-name><ce:surname>Mizukami</ce:surname></sb:author><sb:author><ce:given-name>D.</ce:given-name><ce:surname>Susaki</ce:surname></sb:author><sb:author><ce:given-name>N.</ce:given-name><ce:surname>Kawano</ce:surname></sb:author><sb:author><ce:given-name>T.</ce:given-name><ce:surname>Sakakibara</ce:surname></sb:author><sb:author><ce:given-name>S.</ce:given-name><ce:surname>Namiki</ce:surname></sb:author><sb:author><ce:given-name>K.</ce:given-name><ce:surname>Itoh</ce:surname></sb:author><sb:author><ce:given-name>K.</ce:given-name><ce:surname>Otsuka</ce:surname></sb:author><sb:author><ce:given-name>M.</ce:given-name><ce:surname>Matsuzaki</ce:surname></sb:author><sb:author><ce:given-name>H.</ce:given-name><ce:surname>Nozaki</ce:surname></sb:author><sb:author><ce:given-name>T.</ce:given-name><ce:surname>Kuroiwa</ce:surname></sb:author><sb:author><ce:given-name>A.</ce:given-name><ce:surname>Nakano</ce:surname></sb:author><sb:author><ce:given-name>M.M.</ce:given-name><ce:surname>Kanaoka</ce:surname></sb:author><sb:author><ce:given-name>T.</ce:given-name><ce:surname>Dresselhaus</ce:surname></sb:author><sb:author><ce:given-name>N.</ce:given-name><ce:surname>Sasaki</ce:surname></sb:author><sb:author><ce:given-name>T.</ce:given-name><ce:surname>Higashiyama</ce:surname></sb:author></sb:authors></sb:contribution><sb:host><sb:issue><sb:series><sb:title><sb:maintitle>Nature</sb:maintitle></sb:title><sb:volume-nr>458</sb:volume-nr></sb:series><sb:date>2009</sb:date></sb:issue><sb:pages><sb:first-page>357</sb:first-page><sb:last-page>361</sb:last-page></sb:pages></sb:host></sb:reference></ce:bib-reference><ce:bib-reference id="b0020"><ce:label>[4]</ce:label><sb:reference id="h0020"><sb:contribution langtype="en"><sb:authors><sb:author><ce:given-name>T.</ce:given-name><ce:surname>Higashiyama</ce:surname></sb:author><sb:author><ce:given-name>S.</ce:given-name><ce:surname>Yabe</ce:surname></sb:author><sb:author><ce:given-name>N.</ce:given-name><ce:surname>Sasaki</ce:surname></sb:author><sb:author><ce:given-name>Y.</ce:given-name><ce:surname>Nishimura</ce:surname></sb:author><sb:author><ce:given-name>S.</ce:given-name><ce:surname>Miyagishima</ce:surname></sb:author><sb:author><ce:given-name>H.</ce:given-name><ce:surname>Kuroiwa</ce:surname></sb:author><sb:author><ce:given-name>T.</ce:given-name><ce:surname>Kuroiwa</ce:surname></sb:author></sb:authors></sb:contribution><sb:host><sb:issue><sb:series><sb:title><sb:maintitle>Science</sb:maintitle></sb:title><sb:volume-nr>293</sb:volume-nr></sb:series><sb:date>2001</sb:date></sb:issue><sb:pages><sb:first-page>1480</sb:first-page><sb:last-page>1483</sb:last-page></sb:pages></sb:host></sb:reference></ce:bib-reference><ce:bib-reference id="b0025"><ce:label>[5]</ce:label><sb:reference id="h0025"><sb:contribution langtype="en"><sb:authors><sb:author><ce:given-name>H.</ce:given-name><ce:surname>Zhang</ce:surname></sb:author><sb:author><ce:given-name>B.G.</ce:given-name><ce:surname>Forde</ce:surname></sb:author></sb:authors></sb:contribution><sb:host><sb:issue><sb:series><sb:title><sb:maintitle>Science</sb:maintitle></sb:title><sb:volume-nr>279</sb:volume-nr></sb:series><sb:date>1998</sb:date></sb:issue><sb:pages><sb:first-page>407</sb:first-page><sb:last-page>409</sb:last-page></sb:pages></sb:host></sb:reference></ce:bib-reference><ce:bib-reference id="b0030"><ce:label>[6]</ce:label><sb:reference id="h0030"><sb:contribution langtype="en"><sb:authors><sb:author><ce:given-name>S.</ce:given-name><ce:surname>Svistoonoff</ce:surname></sb:author><sb:author><ce:given-name>A.</ce:given-name><ce:surname>Creff</ce:surname></sb:author><sb:author><ce:given-name>M.</ce:given-name><ce:surname>Reymond</ce:surname></sb:author><sb:author><ce:given-name>C.</ce:given-name><ce:surname>Sigoillot-Claude</ce:surname></sb:author><sb:author><ce:given-name>L.</ce:given-name><ce:surname>Ricaud</ce:surname></sb:author><sb:author><ce:given-name>A.</ce:given-name><ce:surname>Blanchet</ce:surname></sb:author><sb:author><ce:given-name>L.</ce:given-name><ce:surname>Nussaume</ce:surname></sb:author><sb:author><ce:given-name>T.</ce:given-name><ce:surname>Desnos</ce:surname></sb:author></sb:authors></sb:contribution><sb:host><sb:issue><sb:series><sb:title><sb:maintitle>Nat. Genet.</sb:maintitle></sb:title><sb:volume-nr>39</sb:volume-nr></sb:series><sb:date>2007</sb:date></sb:issue><sb:pages><sb:first-page>792</sb:first-page><sb:last-page>796</sb:last-page></sb:pages></sb:host></sb:reference></ce:bib-reference><ce:bib-reference id="b0035"><ce:label>[7]</ce:label><sb:reference id="h0035"><sb:contribution langtype="en"><sb:authors><sb:author><ce:given-name>J.W.</ce:given-name><ce:surname>Judy</ce:surname></sb:author></sb:authors></sb:contribution><sb:host><sb:issue><sb:series><sb:title><sb:maintitle>Smart Mater. Struct.</sb:maintitle></sb:title><sb:volume-nr>10</sb:volume-nr></sb:series><sb:date>2001</sb:date></sb:issue><sb:pages><sb:first-page>1115</sb:first-page><sb:last-page>1134</sb:last-page></sb:pages></sb:host></sb:reference></ce:bib-reference><ce:bib-reference id="b0040"><ce:label>[8]</ce:label><sb:reference id="h0040"><sb:contribution langtype="en"><sb:authors><sb:author><ce:given-name>J.</ce:given-name><ce:surname>El-Ali</ce:surname></sb:author><sb:author><ce:given-name>P.K.</ce:given-name><ce:surname>Sorger</ce:surname></sb:author><sb:author><ce:given-name>Klavs F.</ce:given-name><ce:surname>Jensen</ce:surname></sb:author></sb:authors></sb:contribution><sb:host><sb:issue><sb:series><sb:title><sb:maintitle>Nature</sb:maintitle></sb:title><sb:volume-nr>442</sb:volume-nr></sb:series><sb:date>2006</sb:date></sb:issue><sb:pages><sb:first-page>403</sb:first-page><sb:last-page>411</sb:last-page></sb:pages></sb:host></sb:reference></ce:bib-reference><ce:bib-reference id="b0045"><ce:label>[9]</ce:label><sb:reference id="h0045"><sb:contribution langtype="en"><sb:authors><sb:author><ce:given-name>F.K.</ce:given-name><ce:surname>Balagadde</ce:surname></sb:author><sb:author><ce:given-name>L.C.</ce:given-name><ce:surname>You</ce:surname></sb:author><sb:author><ce:given-name>C.L.</ce:given-name><ce:surname>Hansen</ce:surname></sb:author><sb:author><ce:given-name>F.H.</ce:given-name><ce:surname>Arnold</ce:surname></sb:author><sb:author><ce:given-name>S.R.</ce:given-name><ce:surname>Quake</ce:surname></sb:author></sb:authors></sb:contribution><sb:host><sb:issue><sb:series><sb:title><sb:maintitle>Science</sb:maintitle></sb:title><sb:volume-nr>309</sb:volume-nr></sb:series><sb:date>2005</sb:date></sb:issue><sb:pages><sb:first-page>137</sb:first-page><sb:last-page>140</sb:last-page></sb:pages></sb:host></sb:reference></ce:bib-reference><ce:bib-reference id="b0050"><ce:label>[10]</ce:label><sb:reference id="h0050"><sb:contribution langtype="en"><sb:authors><sb:author><ce:given-name>H.</ce:given-name><ce:surname>Craighead</ce:surname></sb:author></sb:authors></sb:contribution><sb:host><sb:issue><sb:series><sb:title><sb:maintitle>Nature</sb:maintitle></sb:title><sb:volume-nr>442</sb:volume-nr></sb:series><sb:date>2006</sb:date></sb:issue><sb:pages><sb:first-page>387</sb:first-page><sb:last-page>393</sb:last-page></sb:pages></sb:host></sb:reference></ce:bib-reference><ce:bib-reference id="b0055"><ce:label>[11]</ce:label><sb:reference id="h0055"><sb:contribution langtype="en"><sb:authors><sb:author><ce:given-name>H.F.</ce:given-name><ce:surname>Arata</ce:surname></sb:author><sb:author><ce:given-name>H.</ce:given-name><ce:surname>Fujita</ce:surname></sb:author></sb:authors></sb:contribution><sb:host><sb:issue><sb:series><sb:title><sb:maintitle>Integr. Biol.</sb:maintitle></sb:title><sb:volume-nr>1</sb:volume-nr></sb:series><sb:date>2009</sb:date></sb:issue><sb:pages><sb:first-page>363</sb:first-page><sb:last-page>370</sb:last-page></sb:pages></sb:host></sb:reference></ce:bib-reference><ce:bib-reference id="b0060"><ce:label>[12]</ce:label><sb:reference id="h0060"><sb:contribution langtype="en"><sb:authors><sb:author><ce:given-name>A.K.</ce:given-name><ce:surname>Yetisen</ce:surname></sb:author><sb:author><ce:given-name>L.</ce:given-name><ce:surname>Jiang</ce:surname></sb:author><sb:author><ce:given-name>J.R.</ce:given-name><ce:surname>Cooper</ce:surname></sb:author><sb:author><ce:given-name>Y.</ce:given-name><ce:surname>Qin</ce:surname></sb:author><sb:author><ce:given-name>R.</ce:given-name><ce:surname>Palanivelu</ce:surname></sb:author><sb:author><ce:given-name>Y.</ce:given-name><ce:surname>Zohar</ce:surname></sb:author></sb:authors></sb:contribution><sb:host><sb:issue><sb:series><sb:title><sb:maintitle>J. Micromech. Microeng.</sb:maintitle></sb:title><sb:volume-nr>21</sb:volume-nr></sb:series><sb:date>2011</sb:date></sb:issue><sb:pages><sb:first-page>054018</sb:first-page></sb:pages></sb:host></sb:reference></ce:bib-reference><ce:bib-reference id="b0065"><ce:label>[13]</ce:label><sb:reference id="h0065"><sb:contribution langtype="en"><sb:authors><sb:author><ce:given-name>C.G.</ce:given-name><ce:surname>Agudelo</ce:surname></sb:author><sb:author><ce:given-name>A.</ce:given-name><ce:surname>Sanati</ce:surname></sb:author><sb:author><ce:given-name>M.</ce:given-name><ce:surname>Ghanbari</ce:surname></sb:author><sb:author><ce:given-name>M.</ce:given-name><ce:surname>Packirisamy</ce:surname></sb:author><sb:author><ce:given-name>A.</ce:given-name><ce:surname>Geitmann</ce:surname></sb:author></sb:authors></sb:contribution><sb:host><sb:issue><sb:series><sb:title><sb:maintitle>J. Micromech. Microeng.</sb:maintitle></sb:title><sb:volume-nr>22</sb:volume-nr></sb:series><sb:date>2012</sb:date></sb:issue><sb:pages><sb:first-page>115009</sb:first-page></sb:pages></sb:host></sb:reference></ce:bib-reference><ce:bib-reference id="b0070"><ce:label>[14]</ce:label><sb:reference id="h0070"><sb:contribution langtype="en"><sb:authors><sb:author><ce:given-name>C.G.</ce:given-name><ce:surname>Agudelo</ce:surname></sb:author><sb:author><ce:given-name>A.</ce:given-name><ce:surname>Sanati</ce:surname></sb:author></sb:authors></sb:contribution><sb:host><sb:issue><sb:series><sb:title><sb:maintitle>Plant J.</sb:maintitle></sb:title><sb:volume-nr>1057</sb:volume-nr></sb:series><sb:date>2013</sb:date></sb:issue><sb:pages><sb:first-page>73</sb:first-page></sb:pages></sb:host></sb:reference></ce:bib-reference><ce:bib-reference id="b0075"><ce:label>[15]</ce:label><sb:reference id="h0075"><sb:contribution langtype="en"><sb:authors><sb:author><ce:given-name>H.</ce:given-name><ce:surname>Arata</ce:surname></sb:author><sb:author><ce:given-name>H.</ce:given-name><ce:surname>Komatsu</ce:surname></sb:author><sb:author><ce:given-name>K.</ce:given-name><ce:surname>Hosokawa</ce:surname></sb:author><sb:author><ce:given-name>M.</ce:given-name><ce:surname>Maeda</ce:surname></sb:author></sb:authors></sb:contribution><sb:host><sb:issue><sb:series><sb:title><sb:maintitle>PLoS One</sb:maintitle></sb:title><sb:volume-nr>7</sb:volume-nr></sb:series><sb:date>2012</sb:date></sb:issue><sb:pages><sb:first-page>e48329</sb:first-page></sb:pages></sb:host></sb:reference></ce:bib-reference><ce:bib-reference id="b0080"><ce:label>[16]</ce:label><sb:reference id="h0080"><sb:contribution langtype="en"><sb:authors><sb:author><ce:given-name>T.</ce:given-name><ce:surname>Higashiyama</ce:surname></sb:author><sb:author><ce:given-name>R.</ce:given-name><ce:surname>Inatsugi</ce:surname></sb:author><sb:author><ce:given-name>S.</ce:given-name><ce:surname>Sakamoto</ce:surname></sb:author><sb:author><ce:given-name>N.</ce:given-name><ce:surname>Sasaki</ce:surname></sb:author><sb:author><ce:given-name>T.</ce:given-name><ce:surname>Mori</ce:surname></sb:author><sb:author><ce:given-name>H.</ce:given-name><ce:surname>Kuroiwa</ce:surname></sb:author><sb:author><ce:given-name>T.</ce:given-name><ce:surname>Nakada</ce:surname></sb:author><sb:author><ce:given-name>H.</ce:given-name><ce:surname>Nozaki</ce:surname></sb:author><sb:author><ce:given-name>T.</ce:given-name><ce:surname>Kuroiwa</ce:surname></sb:author><sb:author><ce:given-name>A.</ce:given-name><ce:surname>Nakano</ce:surname></sb:author></sb:authors></sb:contribution><sb:host><sb:issue><sb:series><sb:title><sb:maintitle>Plant Physiol.</sb:maintitle></sb:title><sb:volume-nr>142</sb:volume-nr></sb:series><sb:date>2006</sb:date></sb:issue><sb:pages><sb:first-page>481</sb:first-page><sb:last-page>491</sb:last-page></sb:pages></sb:host></sb:reference></ce:bib-reference><ce:bib-reference id="b0085"><ce:label>[17]</ce:label><sb:reference id="h0085"><sb:contribution langtype="en"><sb:authors><sb:author><ce:given-name>A.</ce:given-name><ce:surname>Sanati Nezhada</ce:surname></sb:author><sb:author><ce:given-name>M.</ce:given-name><ce:surname>Naghavib</ce:surname></sb:author><sb:author><ce:given-name>M.</ce:given-name><ce:surname>Packirisamya</ce:surname></sb:author><sb:author><ce:given-name>R.</ce:given-name><ce:surname>Bhata</ce:surname></sb:author><sb:author><ce:given-name>A.</ce:given-name><ce:surname>Geitmann</ce:surname></sb:author></sb:authors></sb:contribution><sb:host><sb:issue><sb:series><sb:title><sb:maintitle>Proc. Natl. Acad. Sci. USA</sb:maintitle></sb:title><sb:volume-nr>110</sb:volume-nr></sb:series><sb:date>2013</sb:date></sb:issue><sb:pages><sb:first-page>8093</sb:first-page><sb:last-page>8098</sb:last-page></sb:pages></sb:host></sb:reference></ce:bib-reference><ce:bib-reference id="b0090"><ce:label>[18]</ce:label><ce:other-ref id="h0090"><ce:textref>M. Horade, M.M. Kanaoka, M. Kuzuya, T. Higashiyama, N. Kaji, RSC Advances, doi: 10.1039/C3RA42804D (Epub ahead of print).</ce:textref></ce:other-ref></ce:bib-reference><ce:bib-reference id="b0095"><ce:label>[19]</ce:label><sb:reference id="h0095"><sb:contribution langtype="en"><sb:authors><sb:author><ce:given-name>T.</ce:given-name><ce:surname>Higashiyama</ce:surname></sb:author><sb:author><ce:given-name>H.</ce:given-name><ce:surname>Kuroiwa</ce:surname></sb:author><sb:author><ce:given-name>S.</ce:given-name><ce:surname>Kawano</ce:surname></sb:author><sb:author><ce:given-name>T.</ce:given-name><ce:surname>Kuroiwa</ce:surname></sb:author></sb:authors></sb:contribution><sb:host><sb:issue><sb:series><sb:title><sb:maintitle>Planta</sb:maintitle></sb:title><sb:volume-nr>203</sb:volume-nr></sb:series><sb:date>1997</sb:date></sb:issue><sb:pages><sb:first-page>101</sb:first-page><sb:last-page>110</sb:last-page></sb:pages></sb:host></sb:reference></ce:bib-reference><ce:bib-reference id="b0100"><ce:label>[20]</ce:label><sb:reference id="h0100"><sb:contribution langtype="en"><sb:authors><sb:author><ce:given-name>A.</ce:given-name><ce:surname>Sanati-Nezhad</ce:surname></sb:author><sb:author><ce:given-name>M.</ce:given-name><ce:surname>Packirisamy</ce:surname></sb:author><sb:author><ce:given-name>R.</ce:given-name><ce:surname>Bhat</ce:surname></sb:author><sb:author><ce:given-name>A.</ce:given-name><ce:surname>Geitmann</ce:surname></sb:author></sb:authors></sb:contribution><sb:host><sb:issue><sb:series><sb:title><sb:maintitle>IEEE Trans. Biomed. Eng.</sb:maintitle></sb:title><sb:volume-nr>60</sb:volume-nr></sb:series><sb:date>2013</sb:date></sb:issue><sb:pages><sb:first-page>3182</sb:first-page><sb:last-page>3193</sb:last-page></sb:pages></sb:host></sb:reference></ce:bib-reference><ce:bib-reference id="b0105"><ce:label>[21]</ce:label><sb:reference id="h0105"><sb:contribution langtype="en"><sb:authors><sb:author><ce:given-name>H.</ce:given-name><ce:surname>Arata</ce:surname></sb:author><sb:author><ce:given-name>A.</ce:given-name><ce:surname>Dupont</ce:surname></sb:author><sb:author><ce:given-name>J.</ce:given-name><ce:surname>Miné</ce:surname></sb:author><sb:author><ce:given-name>L.</ce:given-name><ce:surname>Disseau</ce:surname></sb:author><sb:author><ce:given-name>A.</ce:given-name><ce:surname>Renodon-Cornière</ce:surname></sb:author><sb:author><ce:given-name>M.</ce:given-name><ce:surname>Takahashi</ce:surname></sb:author><sb:author><ce:given-name>J.-L.</ce:given-name><ce:surname>Viovy</ce:surname></sb:author><sb:author><ce:given-name>G.</ce:given-name><ce:surname>Cappello</ce:surname></sb:author></sb:authors></sb:contribution><sb:host><sb:issue><sb:series><sb:title><sb:maintitle>Proc. Natl. Acad. Sci. USA</sb:maintitle></sb:title><sb:volume-nr>106</sb:volume-nr></sb:series><sb:date>2009</sb:date></sb:issue><sb:pages><sb:first-page>19239</sb:first-page><sb:last-page>19244</sb:last-page></sb:pages></sb:host></sb:reference></ce:bib-reference><ce:bib-reference id="b0110"><ce:label>[22]</ce:label><sb:reference id="h0110"><sb:contribution langtype="en"><sb:authors><sb:author><ce:given-name>R.</ce:given-name><ce:surname>Roy</ce:surname></sb:author><sb:author><ce:given-name>S.</ce:given-name><ce:surname>Hohng</ce:surname></sb:author><sb:author><ce:given-name>T.</ce:given-name><ce:surname>Ha</ce:surname></sb:author></sb:authors></sb:contribution><sb:host><sb:issue><sb:series><sb:title><sb:maintitle>Nat. Methods</sb:maintitle></sb:title><sb:volume-nr>5</sb:volume-nr></sb:series><sb:date>2008</sb:date></sb:issue><sb:pages><sb:first-page>507</sb:first-page><sb:last-page>516</sb:last-page></sb:pages></sb:host></sb:reference></ce:bib-reference></ce:bibliography-sec></ce:bibliography></tail></article></xocs:serial-item></xocs:doc></originalText></full-text-retrieval-response>