<full-text-retrieval-response xmlns="http://www.elsevier.com/xml/svapi/article/dtd" xmlns:xsi="http://www.w3.org/2001/XMLSchema-instance" xmlns:prism="http://prismstandard.org/namespaces/basic/2.0/" xmlns:dcterms="http://purl.org/dc/terms/" xmlns:dc="http://purl.org/dc/elements/1.1/" xmlns:xocs="http://www.elsevier.com/xml/xocs/dtd" xmlns:xlink="http://www.w3.org/1999/xlink" xmlns:tb="http://www.elsevier.com/xml/common/table/dtd" xmlns:sb="http://www.elsevier.com/xml/common/struct-bib/dtd" xmlns:sa="http://www.elsevier.com/xml/common/struct-aff/dtd" xmlns:mml="http://www.w3.org/1998/Math/MathML" xmlns:ja="http://www.elsevier.com/xml/ja/dtd" xmlns:ce="http://www.elsevier.com/xml/common/dtd" xmlns:cals="http://www.elsevier.com/xml/common/cals/dtd" xmlns:bk="http://www.elsevier.com/xml/bk/dtd"><coredata><prism:url>http://api.elsevier.com/content/article/pii/S0370269304007634</prism:url><dc:identifier>doi:10.1016/j.physletb.2004.04.087</dc:identifier><eid>1-s2.0-S0370269304007634</eid><prism:doi>10.1016/j.physletb.2004.04.087</prism:doi><pii>S0370-2693(04)00763-4</pii><dc:title>Dark energy and the nature of the graviton </dc:title><prism:publicationName>Physics Letters B</prism:publicationName><prism:aggregationType>Journal</prism:aggregationType><prism:issn>03702693</prism:issn><prism:volume>594</prism:volume><prism:issueIdentifier>1-2</prism:issueIdentifier><prism:startingPage>8</prism:startingPage><prism:endingPage>12</prism:endingPage><prism:pageRange>8-12</prism:pageRange><prism:number>1-2</prism:number><dc:format>text/xml</dc:format><prism:coverDate>2004-07-29</prism:coverDate><prism:coverDisplayDate>29 July 2004</prism:coverDisplayDate><prism:copyright>Copyright © 2004 Published by Elsevier B.V.</prism:copyright><prism:publisher>Published by Elsevier B.V.</prism:publisher><dc:creator>Zee, A.</dc:creator><dc:description>AbstractDoes the existence of dark energy suggest that there is more to the graviton than we think we know?</dc:description><openaccess>1</openaccess><openaccessArticle>true</openaccessArticle><openaccessType>Full</openaccessType><openArchiveArticle>false</openArchiveArticle><openaccessSponsorName>SCOAP3 - Sponsoring Consortium for Open Access Publishing in Particle Physics</openaccessSponsorName><openaccessSponsorType>FundingBody</openaccessSponsorType><openaccessUserLicense>http://creativecommons.org/licenses/by/3.0/</openaccessUserLicense><link rel="self" href="http://api.elsevier.com/content/article/pii/S0370269304007634"/><link rel="scidir" href="http://www.sciencedirect.com/science/article/pii/S0370269304007634"/></coredata><objects><object ref="si9" category="thumbnail" type="ALTIMG" multimediatype="GIF image file" mimetype="image/gif" width="39" height="17" size="279">http://api.elsevier.com/content/object/eid/1-s2.0-S0370269304007634-si9.gif?httpAccept=%2A%2F%2A</object><object ref="si8" category="thumbnail" type="ALTIMG" multimediatype="GIF image file" mimetype="image/gif" width="19" height="13" size="176">http://api.elsevier.com/content/object/eid/1-s2.0-S0370269304007634-si8.gif?httpAccept=%2A%2F%2A</object><object ref="si7" category="thumbnail" type="ALTIMG" multimediatype="GIF image file" mimetype="image/gif" width="19" height="13" size="176">http://api.elsevier.com/content/object/eid/1-s2.0-S0370269304007634-si7.gif?httpAccept=%2A%2F%2A</object><object ref="si6" category="thumbnail" type="ALTIMG" multimediatype="GIF image file" mimetype="image/gif" width="33" height="15" size="243">http://api.elsevier.com/content/object/eid/1-s2.0-S0370269304007634-si6.gif?httpAccept=%2A%2F%2A</object><object ref="si5" category="thumbnail" type="ALTIMG" multimediatype="GIF image file" mimetype="image/gif" width="33" height="15" size="243">http://api.elsevier.com/content/object/eid/1-s2.0-S0370269304007634-si5.gif?httpAccept=%2A%2F%2A</object><object ref="si4" category="thumbnail" type="ALTIMG" multimediatype="GIF image file" mimetype="image/gif" width="40" height="16" size="283">http://api.elsevier.com/content/object/eid/1-s2.0-S0370269304007634-si4.gif?httpAccept=%2A%2F%2A</object><object ref="si3" category="thumbnail" type="ALTIMG" multimediatype="GIF image file" mimetype="image/gif" width="42" height="15" size="295">http://api.elsevier.com/content/object/eid/1-s2.0-S0370269304007634-si3.gif?httpAccept=%2A%2F%2A</object><object ref="si20" category="thumbnail" type="ALTIMG" multimediatype="GIF image file" mimetype="image/gif" width="92" height="13" size="373">http://api.elsevier.com/content/object/eid/1-s2.0-S0370269304007634-si20.gif?httpAccept=%2A%2F%2A</object><object ref="si2" category="thumbnail" type="ALTIMG" multimediatype="GIF image file" mimetype="image/gif" width="185" height="25" size="747">http://api.elsevier.com/content/object/eid/1-s2.0-S0370269304007634-si2.gif?httpAccept=%2A%2F%2A</object><object ref="si19" category="thumbnail" type="ALTIMG" multimediatype="GIF image file" mimetype="image/gif" width="92" height="13" size="373">http://api.elsevier.com/content/object/eid/1-s2.0-S0370269304007634-si19.gif?httpAccept=%2A%2F%2A</object><object ref="si18" category="thumbnail" type="ALTIMG" multimediatype="GIF image file" mimetype="image/gif" width="19" height="13" size="176">http://api.elsevier.com/content/object/eid/1-s2.0-S0370269304007634-si18.gif?httpAccept=%2A%2F%2A</object><object ref="si17" category="thumbnail" type="ALTIMG" multimediatype="GIF image file" mimetype="image/gif" width="67" height="17" size="380">http://api.elsevier.com/content/object/eid/1-s2.0-S0370269304007634-si17.gif?httpAccept=%2A%2F%2A</object><object ref="si16" category="thumbnail" type="ALTIMG" multimediatype="GIF image file" mimetype="image/gif" width="15" height="13" size="165">http://api.elsevier.com/content/object/eid/1-s2.0-S0370269304007634-si16.gif?httpAccept=%2A%2F%2A</object><object ref="si15" category="thumbnail" type="ALTIMG" multimediatype="GIF image file" mimetype="image/gif" width="208" height="36" size="1128">http://api.elsevier.com/content/object/eid/1-s2.0-S0370269304007634-si15.gif?httpAccept=%2A%2F%2A</object><object ref="si14" category="thumbnail" type="ALTIMG" multimediatype="GIF image file" mimetype="image/gif" width="66" height="36" size="450">http://api.elsevier.com/content/object/eid/1-s2.0-S0370269304007634-si14.gif?httpAccept=%2A%2F%2A</object><object ref="si13" category="thumbnail" type="ALTIMG" multimediatype="GIF image file" mimetype="image/gif" width="32" height="15" size="259">http://api.elsevier.com/content/object/eid/1-s2.0-S0370269304007634-si13.gif?httpAccept=%2A%2F%2A</object><object ref="si12" category="thumbnail" type="ALTIMG" multimediatype="GIF image file" mimetype="image/gif" width="34" height="15" size="243">http://api.elsevier.com/content/object/eid/1-s2.0-S0370269304007634-si12.gif?httpAccept=%2A%2F%2A</object><object ref="si11" category="thumbnail" type="ALTIMG" multimediatype="GIF image file" mimetype="image/gif" width="33" height="15" size="243">http://api.elsevier.com/content/object/eid/1-s2.0-S0370269304007634-si11.gif?httpAccept=%2A%2F%2A</object><object ref="si10" category="thumbnail" type="ALTIMG" multimediatype="GIF image file" mimetype="image/gif" width="57" height="35" size="436">http://api.elsevier.com/content/object/eid/1-s2.0-S0370269304007634-si10.gif?httpAccept=%2A%2F%2A</object><object ref="si1" category="thumbnail" type="ALTIMG" multimediatype="GIF image file" mimetype="image/gif" width="92" height="13" size="373">http://api.elsevier.com/content/object/eid/1-s2.0-S0370269304007634-si1.gif?httpAccept=%2A%2F%2A</object></objects><scopus-id>3042511572</scopus-id><scopus-eid>2-s2.0-3042511572</scopus-eid><link rel="abstract" href="http://api.elsevier.com/content/abstract/scopus_id/3042511572"/><originalText><xocs:doc xmlns:xoe="http://www.elsevier.com/xml/xoe/dtd" xsi:schemaLocation="http://www.elsevier.com/xml/xocs/dtd http://be-prod3a/schema/dtds/document/fulltext/xcr/xocs-article.xsd"><xocs:meta><xocs:content-family>serial</xocs:content-family><xocs:content-type>JL</xocs:content-type><xocs:cid>271623</xocs:cid><xocs:ssids><xocs:ssid type="alllist">291210</xocs:ssid><xocs:ssid type="subj">291829</xocs:ssid><xocs:ssid type="content">31</xocs:ssid><xocs:ssid type="oa">90</xocs:ssid></xocs:ssids><xocs:srctitle>Physics Letters B</xocs:srctitle><xocs:normalized-srctitle>PHYSICSLETTERSB</xocs:normalized-srctitle><xocs:orig-load-date yyyymmdd="20040916">2004-09-16</xocs:orig-load-date><xocs:available-online-date yyyymmdd="20040916">2004-09-16</xocs:available-online-date><xocs:ew-transaction-id>2014-10-22T08:09:00</xocs:ew-transaction-id><xocs:eid>1-s2.0-S0370269304007634</xocs:eid><xocs:pii-formatted>S0370-2693(04)00763-4</xocs:pii-formatted><xocs:pii-unformatted>S0370269304007634</xocs:pii-unformatted><xocs:doi>10.1016/j.physletb.2004.04.087</xocs:doi><xocs:item-stage>S300</xocs:item-stage><xocs:item-version-number>S300.2</xocs:item-version-number><xocs:item-weight>FULL-TEXT</xocs:item-weight><xocs:hub-eid>1-s2.0-S0370269300X1622X</xocs:hub-eid><xocs:timestamp yyyymmdd="20150514">2015-05-14T07:34:07.351008-04:00</xocs:timestamp><xocs:dco>0</xocs:dco><xocs:tomb>0</xocs:tomb><xocs:date-search-begin>20040729</xocs:date-search-begin><xocs:year-nav>2004</xocs:year-nav><xocs:indexeddate epoch="1095292800">2004-09-16T00:00:00Z</xocs:indexeddate><xocs:articleinfo>articleinfo articletitlenorm authfirstinitialnorm authfirstsurnamenorm cid cids contenttype copyright crossmark dateloaded dateloadedtxt datesearch datesort dateupdated dco docsubtype doctype doi eid ewtransactionid hubeid indexeddate issfirst issn issnnorm issuelist itemstage itemtransactionid itemweight oauserlicense openaccess openarchive pg pgfirst pglast pii piinorm pubdatestart pubdatetxt pubyr sortorder srctitle srctitlenorm srctype ssids alllist content oa subj subheadings tomb volfirst volissue volumelist webpdf webpdfpagecount yearnav body acknowledge affil articletitle auth authfirstini authfull authlast doctopic footnotes misctext primabst ref</xocs:articleinfo><xocs:issns><xocs:issn-primary-formatted>0370-2693</xocs:issn-primary-formatted><xocs:issn-primary-unformatted>03702693</xocs:issn-primary-unformatted></xocs:issns><xocs:crossmark is-crossmark="0">false</xocs:crossmark><xocs:vol-first>594</xocs:vol-first><xocs:volume-list><xocs:volume>594</xocs:volume></xocs:volume-list><xocs:iss-first>1</xocs:iss-first><xocs:iss-last>2</xocs:iss-last><xocs:issue-list><xocs:issue>1</xocs:issue><xocs:issue>2</xocs:issue></xocs:issue-list><xocs:vol-iss-suppl-text>Volume 594, Issues 1–2</xocs:vol-iss-suppl-text><xocs:sort-order>4</xocs:sort-order><xocs:first-fp>8</xocs:first-fp><xocs:last-lp>12</xocs:last-lp><xocs:pages><xocs:first-page>8</xocs:first-page><xocs:last-page>12</xocs:last-page></xocs:pages><xocs:cover-date-orig><xocs:start-date>20040729</xocs:start-date></xocs:cover-date-orig><xocs:cover-date-text>29 July 2004</xocs:cover-date-text><xocs:cover-date-start>2004-07-29</xocs:cover-date-start><xocs:cover-date-year>2004</xocs:cover-date-year><xocs:document-type>converted-article</xocs:document-type><xocs:document-subtype>sco</xocs:document-subtype><xocs:copyright-line>Copyright © 2004 Published by Elsevier B.V.</xocs:copyright-line><xocs:normalized-article-title>DARKENERGYNATUREGRAVITON</xocs:normalized-article-title><xocs:normalized-first-auth-surname>ZEE</xocs:normalized-first-auth-surname><xocs:normalized-first-auth-initial>A</xocs:normalized-first-auth-initial><xocs:item-toc><xocs:item-toc-entry ref-elem="ce:acknowledgment"><xocs:item-toc-section-title>Acknowledgements</xocs:item-toc-section-title></xocs:item-toc-entry><xocs:item-toc-entry ref-elem="ce:bibliography"><xocs:item-toc-section-title>References</xocs:item-toc-section-title></xocs:item-toc-entry></xocs:item-toc><xocs:references><xocs:ref-info refid="BIB001"><xocs:ref-normalized-surname>WEINBERG</xocs:ref-normalized-surname><xocs:ref-pub-year>1989</xocs:ref-pub-year><xocs:ref-first-fp>1</xocs:ref-first-fp><xocs:ref-normalized-initial>S</xocs:ref-normalized-initial></xocs:ref-info><xocs:ref-info refid="BIB002"><xocs:ref-normalized-surname>RIESS</xocs:ref-normalized-surname><xocs:ref-pub-year>1998</xocs:ref-pub-year><xocs:ref-first-fp>1009</xocs:ref-first-fp><xocs:ref-normalized-initial>A</xocs:ref-normalized-initial></xocs:ref-info><xocs:ref-info refid="BIB003"><xocs:ref-normalized-surname>PERLMUTTER</xocs:ref-normalized-surname><xocs:ref-pub-year>1999</xocs:ref-pub-year><xocs:ref-first-fp>565</xocs:ref-first-fp><xocs:ref-normalized-initial>S</xocs:ref-normalized-initial></xocs:ref-info><xocs:ref-info refid="BIB004"><xocs:ref-normalized-surname>HE</xocs:ref-normalized-surname><xocs:ref-normalized-initial>X</xocs:ref-normalized-initial></xocs:ref-info><xocs:ref-info refid="BIB005"><xocs:ref-normalized-surname>BANKS</xocs:ref-normalized-surname><xocs:ref-pub-year>1985</xocs:ref-pub-year><xocs:ref-first-fp>332</xocs:ref-first-fp><xocs:ref-normalized-initial>T</xocs:ref-normalized-initial></xocs:ref-info><xocs:ref-info refid="BIB006"><xocs:ref-normalized-surname>WEINBERG</xocs:ref-normalized-surname><xocs:ref-pub-year>1987</xocs:ref-pub-year><xocs:ref-first-fp>2607</xocs:ref-first-fp><xocs:ref-normalized-initial>S</xocs:ref-normalized-initial></xocs:ref-info><xocs:ref-info refid="BIB006"><xocs:ref-normalized-surname>WEINBERG</xocs:ref-normalized-surname><xocs:ref-pub-year>2000</xocs:ref-pub-year><xocs:ref-first-fp>103505</xocs:ref-first-fp><xocs:ref-normalized-initial>S</xocs:ref-normalized-initial></xocs:ref-info><xocs:ref-info refid="BIB007"><xocs:ref-normalized-surname>VILENKIN</xocs:ref-normalized-surname><xocs:ref-pub-year>1995</xocs:ref-pub-year><xocs:ref-first-fp>846</xocs:ref-first-fp><xocs:ref-normalized-initial>A</xocs:ref-normalized-initial></xocs:ref-info><xocs:ref-info refid="BIB008"><xocs:ref-normalized-surname>ZEE</xocs:ref-normalized-surname><xocs:ref-pub-year>2003</xocs:ref-pub-year><xocs:ref-normalized-initial>A</xocs:ref-normalized-initial><xocs:ref-normalized-srctitle>QUANTUMFIELDTHEORYINANUTSHELL</xocs:ref-normalized-srctitle></xocs:ref-info><xocs:ref-info refid="BIB009"/><xocs:ref-info refid="BIB009"><xocs:ref-normalized-surname>ZEE</xocs:ref-normalized-surname><xocs:ref-pub-year>1983</xocs:ref-pub-year><xocs:ref-first-fp>211</xocs:ref-first-fp><xocs:ref-normalized-initial>A</xocs:ref-normalized-initial><xocs:ref-normalized-srctitle>HIGHENERGYPHYSICSINHONORPAMDIRACINHISEIGHTIETHYEAR</xocs:ref-normalized-srctitle><xocs:ref-normalized-article-title>REMARKSCOSMOLOGICALCONSTANTPARADOX</xocs:ref-normalized-article-title></xocs:ref-info><xocs:ref-info refid="BIB010"><xocs:ref-normalized-surname>ZEE</xocs:ref-normalized-surname><xocs:ref-pub-year>1985</xocs:ref-pub-year><xocs:ref-first-fp>2379</xocs:ref-first-fp><xocs:ref-normalized-initial>A</xocs:ref-normalized-initial></xocs:ref-info><xocs:ref-info refid="BIB011"><xocs:ref-normalized-surname>MONTONEN</xocs:ref-normalized-surname><xocs:ref-pub-year>1977</xocs:ref-pub-year><xocs:ref-first-fp>117</xocs:ref-first-fp><xocs:ref-normalized-initial>C</xocs:ref-normalized-initial></xocs:ref-info></xocs:references><xocs:refkeys><xocs:refkey3>ZEEX2004X8</xocs:refkey3><xocs:refkey4lp>ZEEX2004X8X12</xocs:refkey4lp><xocs:refkey4ai>ZEEX2004X8XA</xocs:refkey4ai><xocs:refkey5>ZEEX2004X8X12XA</xocs:refkey5></xocs:refkeys><xocs:open-access><xocs:oa-article-status is-open-access="1" is-open-archive="0">Full</xocs:oa-article-status><xocs:oa-access-effective-date>2014-01-01T00:14:32Z</xocs:oa-access-effective-date><xocs:oa-sponsor><xocs:oa-sponsor-type>FundingBody</xocs:oa-sponsor-type><xocs:oa-sponsor-name>SCOAP3 - Sponsoring Consortium for Open Access Publishing in Particle Physics</xocs:oa-sponsor-name></xocs:oa-sponsor><xocs:oa-user-license>http://creativecommons.org/licenses/by/3.0/</xocs:oa-user-license><xocs:oa-access-inherited-from winid="http://vtw.elsevier.com/content/oaw/SCOAP320142016">OA-Window</xocs:oa-access-inherited-from></xocs:open-access><xocs:attachment-metadata-doc><xocs:attachment-set-type>item</xocs:attachment-set-type><xocs:pii-formatted>S0370-2693(04)00763-4</xocs:pii-formatted><xocs:pii-unformatted>S0370269304007634</xocs:pii-unformatted><xocs:eid>1-s2.0-S0370269304007634</xocs:eid><xocs:doi>10.1016/j.physletb.2004.04.087</xocs:doi><xocs:cid>271623</xocs:cid><xocs:timestamp>2014-10-22T04:35:45.249019-04:00</xocs:timestamp><xocs:cover-date-start>2004-07-29</xocs:cover-date-start><xocs:attachments><xocs:web-pdf><xocs:attachment-eid>1-s2.0-S0370269304007634-main.pdf</xocs:attachment-eid><xocs:ucs-locator>https://s3.amazonaws.com/prod-ucs-content-store-us-east/content/pii:S0370269304007634/MAIN/application/pdf/45024246bdd61f32121537020e3671d6/main.pdf</xocs:ucs-locator><xocs:ucs-locator>https://s3-eu-west-1.amazonaws.com/prod-ucs-content-store-eu-west/content/pii:S0370269304007634/MAIN/application/pdf/45024246bdd61f32121537020e3671d6/main.pdf</xocs:ucs-locator><xocs:filename>main.pdf</xocs:filename><xocs:extension>pdf</xocs:extension><xocs:pdf-optimized>true</xocs:pdf-optimized><xocs:filesize>218046</xocs:filesize><xocs:web-pdf-purpose>MAIN</xocs:web-pdf-purpose><xocs:web-pdf-page-count>5</xocs:web-pdf-page-count><xocs:web-pdf-images><xocs:web-pdf-image><xocs:attachment-eid>1-s2.0-S0370269304007634-main_1.png</xocs:attachment-eid><xocs:ucs-locator>https://s3-eu-west-1.amazonaws.com/prod-ucs-content-store-eu-west/content/pii:S0370269304007634/PREVIEW/image/png/ed7073ee389348d56ecd8761e8e909ac/main_1.png</xocs:ucs-locator><xocs:ucs-locator>https://s3.amazonaws.com/prod-ucs-content-store-us-east/content/pii:S0370269304007634/PREVIEW/image/png/ed7073ee389348d56ecd8761e8e909ac/main_1.png</xocs:ucs-locator><xocs:filename>main_1.png</xocs:filename><xocs:extension>png</xocs:extension><xocs:filesize>58638</xocs:filesize><xocs:pixel-height>849</xocs:pixel-height><xocs:pixel-width>656</xocs:pixel-width><xocs:attachment-type>IMAGE-WEB-PDF</xocs:attachment-type><xocs:pdf-page-num>1</xocs:pdf-page-num></xocs:web-pdf-image></xocs:web-pdf-images></xocs:web-pdf><xocs:attachment><xocs:attachment-eid>1-s2.0-S0370269304007634-si9.gif</xocs:attachment-eid><xocs:ucs-locator>https://s3.amazonaws.com/prod-ucs-content-store-us-east/content/pii:S0370269304007634/STRIPIN/image/gif/d24391767bc3a8c6e23e1c2aed429b21/si9.gif</xocs:ucs-locator><xocs:ucs-locator>https://s3-eu-west-1.amazonaws.com/prod-ucs-content-store-eu-west/content/pii:S0370269304007634/STRIPIN/image/gif/d24391767bc3a8c6e23e1c2aed429b21/si9.gif</xocs:ucs-locator><xocs:file-basename>si9</xocs:file-basename><xocs:filename>si9.gif</xocs:filename><xocs:extension>gif</xocs:extension><xocs:filesize>279</xocs:filesize><xocs:pixel-height>17</xocs:pixel-height><xocs:pixel-width>39</xocs:pixel-width><xocs:attachment-type>ALTIMG</xocs:attachment-type></xocs:attachment><xocs:attachment><xocs:attachment-eid>1-s2.0-S0370269304007634-si8.gif</xocs:attachment-eid><xocs:ucs-locator>https://s3.amazonaws.com/prod-ucs-content-store-us-east/content/pii:S0370269304007634/STRIPIN/image/gif/c684fb2b756a95c267e6aba51103c739/si7.gif</xocs:ucs-locator><xocs:ucs-locator>https://s3-eu-west-1.amazonaws.com/prod-ucs-content-store-eu-west/content/pii:S0370269304007634/STRIPIN/image/gif/c684fb2b756a95c267e6aba51103c739/si7.gif</xocs:ucs-locator><xocs:file-basename>si8</xocs:file-basename><xocs:filename>si8.gif</xocs:filename><xocs:extension>gif</xocs:extension><xocs:filesize>176</xocs:filesize><xocs:pixel-height>13</xocs:pixel-height><xocs:pixel-width>19</xocs:pixel-width><xocs:attachment-type>ALTIMG</xocs:attachment-type></xocs:attachment><xocs:attachment><xocs:attachment-eid>1-s2.0-S0370269304007634-si7.gif</xocs:attachment-eid><xocs:ucs-locator>https://s3.amazonaws.com/prod-ucs-content-store-us-east/content/pii:S0370269304007634/STRIPIN/image/gif/c684fb2b756a95c267e6aba51103c739/si7.gif</xocs:ucs-locator><xocs:ucs-locator>https://s3-eu-west-1.amazonaws.com/prod-ucs-content-store-eu-west/content/pii:S0370269304007634/STRIPIN/image/gif/c684fb2b756a95c267e6aba51103c739/si7.gif</xocs:ucs-locator><xocs:file-basename>si7</xocs:file-basename><xocs:filename>si7.gif</xocs:filename><xocs:extension>gif</xocs:extension><xocs:filesize>176</xocs:filesize><xocs:pixel-height>13</xocs:pixel-height><xocs:pixel-width>19</xocs:pixel-width><xocs:attachment-type>ALTIMG</xocs:attachment-type></xocs:attachment><xocs:attachment><xocs:attachment-eid>1-s2.0-S0370269304007634-si6.gif</xocs:attachment-eid><xocs:ucs-locator>https://s3.amazonaws.com/prod-ucs-content-store-us-east/content/pii:S0370269304007634/STRIPIN/image/gif/48935b51479144ecb96d62532269380a/si6.gif</xocs:ucs-locator><xocs:ucs-locator>https://s3-eu-west-1.amazonaws.com/prod-ucs-content-store-eu-west/content/pii:S0370269304007634/STRIPIN/image/gif/48935b51479144ecb96d62532269380a/si6.gif</xocs:ucs-locator><xocs:file-basename>si6</xocs:file-basename><xocs:filename>si6.gif</xocs:filename><xocs:extension>gif</xocs:extension><xocs:filesize>243</xocs:filesize><xocs:pixel-height>15</xocs:pixel-height><xocs:pixel-width>33</xocs:pixel-width><xocs:attachment-type>ALTIMG</xocs:attachment-type></xocs:attachment><xocs:attachment><xocs:attachment-eid>1-s2.0-S0370269304007634-si5.gif</xocs:attachment-eid><xocs:ucs-locator>https://s3.amazonaws.com/prod-ucs-content-store-us-east/content/pii:S0370269304007634/STRIPIN/image/gif/48935b51479144ecb96d62532269380a/si6.gif</xocs:ucs-locator><xocs:ucs-locator>https://s3-eu-west-1.amazonaws.com/prod-ucs-content-store-eu-west/content/pii:S0370269304007634/STRIPIN/image/gif/48935b51479144ecb96d62532269380a/si6.gif</xocs:ucs-locator><xocs:file-basename>si5</xocs:file-basename><xocs:filename>si5.gif</xocs:filename><xocs:extension>gif</xocs:extension><xocs:filesize>243</xocs:filesize><xocs:pixel-height>15</xocs:pixel-height><xocs:pixel-width>33</xocs:pixel-width><xocs:attachment-type>ALTIMG</xocs:attachment-type></xocs:attachment><xocs:attachment><xocs:attachment-eid>1-s2.0-S0370269304007634-si4.gif</xocs:attachment-eid><xocs:ucs-locator>https://s3.amazonaws.com/prod-ucs-content-store-us-east/content/pii:S0370269304007634/STRIPIN/image/gif/b6f73ccb385106ab0dd66b855fabf4b4/si4.gif</xocs:ucs-locator><xocs:ucs-locator>https://s3-eu-west-1.amazonaws.com/prod-ucs-content-store-eu-west/content/pii:S0370269304007634/STRIPIN/image/gif/b6f73ccb385106ab0dd66b855fabf4b4/si4.gif</xocs:ucs-locator><xocs:file-basename>si4</xocs:file-basename><xocs:filename>si4.gif</xocs:filename><xocs:extension>gif</xocs:extension><xocs:filesize>283</xocs:filesize><xocs:pixel-height>16</xocs:pixel-height><xocs:pixel-width>40</xocs:pixel-width><xocs:attachment-type>ALTIMG</xocs:attachment-type></xocs:attachment><xocs:attachment><xocs:attachment-eid>1-s2.0-S0370269304007634-si3.gif</xocs:attachment-eid><xocs:ucs-locator>https://s3.amazonaws.com/prod-ucs-content-store-us-east/content/pii:S0370269304007634/STRIPIN/image/gif/b6ed27f8b03431d8749042124745b4ac/si3.gif</xocs:ucs-locator><xocs:ucs-locator>https://s3-eu-west-1.amazonaws.com/prod-ucs-content-store-eu-west/content/pii:S0370269304007634/STRIPIN/image/gif/b6ed27f8b03431d8749042124745b4ac/si3.gif</xocs:ucs-locator><xocs:file-basename>si3</xocs:file-basename><xocs:filename>si3.gif</xocs:filename><xocs:extension>gif</xocs:extension><xocs:filesize>295</xocs:filesize><xocs:pixel-height>15</xocs:pixel-height><xocs:pixel-width>42</xocs:pixel-width><xocs:attachment-type>ALTIMG</xocs:attachment-type></xocs:attachment><xocs:attachment><xocs:attachment-eid>1-s2.0-S0370269304007634-si20.gif</xocs:attachment-eid><xocs:ucs-locator>https://s3.amazonaws.com/prod-ucs-content-store-us-east/content/pii:S0370269304007634/STRIPIN/image/gif/caf1847a9de8d51e3eed76d1351df287/si20.gif</xocs:ucs-locator><xocs:ucs-locator>https://s3-eu-west-1.amazonaws.com/prod-ucs-content-store-eu-west/content/pii:S0370269304007634/STRIPIN/image/gif/caf1847a9de8d51e3eed76d1351df287/si20.gif</xocs:ucs-locator><xocs:file-basename>si20</xocs:file-basename><xocs:filename>si20.gif</xocs:filename><xocs:extension>gif</xocs:extension><xocs:filesize>373</xocs:filesize><xocs:pixel-height>13</xocs:pixel-height><xocs:pixel-width>92</xocs:pixel-width><xocs:attachment-type>ALTIMG</xocs:attachment-type></xocs:attachment><xocs:attachment><xocs:attachment-eid>1-s2.0-S0370269304007634-si2.gif</xocs:attachment-eid><xocs:ucs-locator>https://s3.amazonaws.com/prod-ucs-content-store-us-east/content/pii:S0370269304007634/STRIPIN/image/gif/6b6ced59471f0273d1a4bd5a12e0f447/si2.gif</xocs:ucs-locator><xocs:ucs-locator>https://s3-eu-west-1.amazonaws.com/prod-ucs-content-store-eu-west/content/pii:S0370269304007634/STRIPIN/image/gif/6b6ced59471f0273d1a4bd5a12e0f447/si2.gif</xocs:ucs-locator><xocs:file-basename>si2</xocs:file-basename><xocs:filename>si2.gif</xocs:filename><xocs:extension>gif</xocs:extension><xocs:filesize>747</xocs:filesize><xocs:pixel-height>25</xocs:pixel-height><xocs:pixel-width>185</xocs:pixel-width><xocs:attachment-type>ALTIMG</xocs:attachment-type></xocs:attachment><xocs:attachment><xocs:attachment-eid>1-s2.0-S0370269304007634-si19.gif</xocs:attachment-eid><xocs:ucs-locator>https://s3.amazonaws.com/prod-ucs-content-store-us-east/content/pii:S0370269304007634/STRIPIN/image/gif/caf1847a9de8d51e3eed76d1351df287/si20.gif</xocs:ucs-locator><xocs:ucs-locator>https://s3-eu-west-1.amazonaws.com/prod-ucs-content-store-eu-west/content/pii:S0370269304007634/STRIPIN/image/gif/caf1847a9de8d51e3eed76d1351df287/si20.gif</xocs:ucs-locator><xocs:file-basename>si19</xocs:file-basename><xocs:filename>si19.gif</xocs:filename><xocs:extension>gif</xocs:extension><xocs:filesize>373</xocs:filesize><xocs:pixel-height>13</xocs:pixel-height><xocs:pixel-width>92</xocs:pixel-width><xocs:attachment-type>ALTIMG</xocs:attachment-type></xocs:attachment><xocs:attachment><xocs:attachment-eid>1-s2.0-S0370269304007634-si18.gif</xocs:attachment-eid><xocs:ucs-locator>https://s3.amazonaws.com/prod-ucs-content-store-us-east/content/pii:S0370269304007634/STRIPIN/image/gif/c684fb2b756a95c267e6aba51103c739/si7.gif</xocs:ucs-locator><xocs:ucs-locator>https://s3-eu-west-1.amazonaws.com/prod-ucs-content-store-eu-west/content/pii:S0370269304007634/STRIPIN/image/gif/c684fb2b756a95c267e6aba51103c739/si7.gif</xocs:ucs-locator><xocs:file-basename>si18</xocs:file-basename><xocs:filename>si18.gif</xocs:filename><xocs:extension>gif</xocs:extension><xocs:filesize>176</xocs:filesize><xocs:pixel-height>13</xocs:pixel-height><xocs:pixel-width>19</xocs:pixel-width><xocs:attachment-type>ALTIMG</xocs:attachment-type></xocs:attachment><xocs:attachment><xocs:attachment-eid>1-s2.0-S0370269304007634-si17.gif</xocs:attachment-eid><xocs:ucs-locator>https://s3.amazonaws.com/prod-ucs-content-store-us-east/content/pii:S0370269304007634/STRIPIN/image/gif/fd0a7170fbefbf6f5a7a53ac54406620/si17.gif</xocs:ucs-locator><xocs:ucs-locator>https://s3-eu-west-1.amazonaws.com/prod-ucs-content-store-eu-west/content/pii:S0370269304007634/STRIPIN/image/gif/fd0a7170fbefbf6f5a7a53ac54406620/si17.gif</xocs:ucs-locator><xocs:file-basename>si17</xocs:file-basename><xocs:filename>si17.gif</xocs:filename><xocs:extension>gif</xocs:extension><xocs:filesize>380</xocs:filesize><xocs:pixel-height>17</xocs:pixel-height><xocs:pixel-width>67</xocs:pixel-width><xocs:attachment-type>ALTIMG</xocs:attachment-type></xocs:attachment><xocs:attachment><xocs:attachment-eid>1-s2.0-S0370269304007634-si16.gif</xocs:attachment-eid><xocs:ucs-locator>https://s3.amazonaws.com/prod-ucs-content-store-us-east/content/pii:S0370269304007634/STRIPIN/image/gif/92dc8bd80a0ae6d355d50656f8e4bd67/si16.gif</xocs:ucs-locator><xocs:ucs-locator>https://s3-eu-west-1.amazonaws.com/prod-ucs-content-store-eu-west/content/pii:S0370269304007634/STRIPIN/image/gif/92dc8bd80a0ae6d355d50656f8e4bd67/si16.gif</xocs:ucs-locator><xocs:file-basename>si16</xocs:file-basename><xocs:filename>si16.gif</xocs:filename><xocs:extension>gif</xocs:extension><xocs:filesize>165</xocs:filesize><xocs:pixel-height>13</xocs:pixel-height><xocs:pixel-width>15</xocs:pixel-width><xocs:attachment-type>ALTIMG</xocs:attachment-type></xocs:attachment><xocs:attachment><xocs:attachment-eid>1-s2.0-S0370269304007634-si15.gif</xocs:attachment-eid><xocs:ucs-locator>https://s3.amazonaws.com/prod-ucs-content-store-us-east/content/pii:S0370269304007634/STRIPIN/image/gif/e6eea4a0216148505feb059df153ce25/si15.gif</xocs:ucs-locator><xocs:ucs-locator>https://s3-eu-west-1.amazonaws.com/prod-ucs-content-store-eu-west/content/pii:S0370269304007634/STRIPIN/image/gif/e6eea4a0216148505feb059df153ce25/si15.gif</xocs:ucs-locator><xocs:file-basename>si15</xocs:file-basename><xocs:filename>si15.gif</xocs:filename><xocs:extension>gif</xocs:extension><xocs:filesize>1128</xocs:filesize><xocs:pixel-height>36</xocs:pixel-height><xocs:pixel-width>208</xocs:pixel-width><xocs:attachment-type>ALTIMG</xocs:attachment-type></xocs:attachment><xocs:attachment><xocs:attachment-eid>1-s2.0-S0370269304007634-si14.gif</xocs:attachment-eid><xocs:ucs-locator>https://s3.amazonaws.com/prod-ucs-content-store-us-east/content/pii:S0370269304007634/STRIPIN/image/gif/53b24f4c7893eff24ca5636f870fde1f/si14.gif</xocs:ucs-locator><xocs:ucs-locator>https://s3-eu-west-1.amazonaws.com/prod-ucs-content-store-eu-west/content/pii:S0370269304007634/STRIPIN/image/gif/53b24f4c7893eff24ca5636f870fde1f/si14.gif</xocs:ucs-locator><xocs:file-basename>si14</xocs:file-basename><xocs:filename>si14.gif</xocs:filename><xocs:extension>gif</xocs:extension><xocs:filesize>450</xocs:filesize><xocs:pixel-height>36</xocs:pixel-height><xocs:pixel-width>66</xocs:pixel-width><xocs:attachment-type>ALTIMG</xocs:attachment-type></xocs:attachment><xocs:attachment><xocs:attachment-eid>1-s2.0-S0370269304007634-si13.gif</xocs:attachment-eid><xocs:ucs-locator>https://s3.amazonaws.com/prod-ucs-content-store-us-east/content/pii:S0370269304007634/STRIPIN/image/gif/13793fdfe806aa28d8128d94c1a8f534/si13.gif</xocs:ucs-locator><xocs:ucs-locator>https://s3-eu-west-1.amazonaws.com/prod-ucs-content-store-eu-west/content/pii:S0370269304007634/STRIPIN/image/gif/13793fdfe806aa28d8128d94c1a8f534/si13.gif</xocs:ucs-locator><xocs:file-basename>si13</xocs:file-basename><xocs:filename>si13.gif</xocs:filename><xocs:extension>gif</xocs:extension><xocs:filesize>259</xocs:filesize><xocs:pixel-height>15</xocs:pixel-height><xocs:pixel-width>32</xocs:pixel-width><xocs:attachment-type>ALTIMG</xocs:attachment-type></xocs:attachment><xocs:attachment><xocs:attachment-eid>1-s2.0-S0370269304007634-si12.gif</xocs:attachment-eid><xocs:ucs-locator>https://s3.amazonaws.com/prod-ucs-content-store-us-east/content/pii:S0370269304007634/STRIPIN/image/gif/8a10513475d6f6283e0a55e314818b01/si12.gif</xocs:ucs-locator><xocs:ucs-locator>https://s3-eu-west-1.amazonaws.com/prod-ucs-content-store-eu-west/content/pii:S0370269304007634/STRIPIN/image/gif/8a10513475d6f6283e0a55e314818b01/si12.gif</xocs:ucs-locator><xocs:file-basename>si12</xocs:file-basename><xocs:filename>si12.gif</xocs:filename><xocs:extension>gif</xocs:extension><xocs:filesize>243</xocs:filesize><xocs:pixel-height>15</xocs:pixel-height><xocs:pixel-width>34</xocs:pixel-width><xocs:attachment-type>ALTIMG</xocs:attachment-type></xocs:attachment><xocs:attachment><xocs:attachment-eid>1-s2.0-S0370269304007634-si11.gif</xocs:attachment-eid><xocs:ucs-locator>https://s3.amazonaws.com/prod-ucs-content-store-us-east/content/pii:S0370269304007634/STRIPIN/image/gif/48935b51479144ecb96d62532269380a/si6.gif</xocs:ucs-locator><xocs:ucs-locator>https://s3-eu-west-1.amazonaws.com/prod-ucs-content-store-eu-west/content/pii:S0370269304007634/STRIPIN/image/gif/48935b51479144ecb96d62532269380a/si6.gif</xocs:ucs-locator><xocs:file-basename>si11</xocs:file-basename><xocs:filename>si11.gif</xocs:filename><xocs:extension>gif</xocs:extension><xocs:filesize>243</xocs:filesize><xocs:pixel-height>15</xocs:pixel-height><xocs:pixel-width>33</xocs:pixel-width><xocs:attachment-type>ALTIMG</xocs:attachment-type></xocs:attachment><xocs:attachment><xocs:attachment-eid>1-s2.0-S0370269304007634-si10.gif</xocs:attachment-eid><xocs:ucs-locator>https://s3.amazonaws.com/prod-ucs-content-store-us-east/content/pii:S0370269304007634/STRIPIN/image/gif/3cbb5b48fbde14827024c781bc7f1111/si10.gif</xocs:ucs-locator><xocs:ucs-locator>https://s3-eu-west-1.amazonaws.com/prod-ucs-content-store-eu-west/content/pii:S0370269304007634/STRIPIN/image/gif/3cbb5b48fbde14827024c781bc7f1111/si10.gif</xocs:ucs-locator><xocs:file-basename>si10</xocs:file-basename><xocs:filename>si10.gif</xocs:filename><xocs:extension>gif</xocs:extension><xocs:filesize>436</xocs:filesize><xocs:pixel-height>35</xocs:pixel-height><xocs:pixel-width>57</xocs:pixel-width><xocs:attachment-type>ALTIMG</xocs:attachment-type></xocs:attachment><xocs:attachment><xocs:attachment-eid>1-s2.0-S0370269304007634-si1.gif</xocs:attachment-eid><xocs:ucs-locator>https://s3.amazonaws.com/prod-ucs-content-store-us-east/content/pii:S0370269304007634/STRIPIN/image/gif/caf1847a9de8d51e3eed76d1351df287/si20.gif</xocs:ucs-locator><xocs:ucs-locator>https://s3-eu-west-1.amazonaws.com/prod-ucs-content-store-eu-west/content/pii:S0370269304007634/STRIPIN/image/gif/caf1847a9de8d51e3eed76d1351df287/si20.gif</xocs:ucs-locator><xocs:file-basename>si1</xocs:file-basename><xocs:filename>si1.gif</xocs:filename><xocs:extension>gif</xocs:extension><xocs:filesize>373</xocs:filesize><xocs:pixel-height>13</xocs:pixel-height><xocs:pixel-width>92</xocs:pixel-width><xocs:attachment-type>ALTIMG</xocs:attachment-type></xocs:attachment></xocs:attachments></xocs:attachment-metadata-doc></xocs:meta><xocs:serial-item><converted-article xmlns="http://www.elsevier.com/xml/ja/dtd" version="4.5.2" docsubtype="sco" xml:lang="en"><item-info><jid>PLB</jid><aid>21066</aid><ce:pii>S0370-2693(04)00763-4</ce:pii><ce:doi>10.1016/j.physletb.2004.04.087</ce:doi><ce:copyright type="unknown" year="2004"/><ce:doctopics><ce:doctopic><ce:text>Astrophysics and Cosmology</ce:text></ce:doctopic></ce:doctopics></item-info><head><ce:title>Dark energy and the nature of the graviton</ce:title><ce:author-group><ce:author><ce:given-name>A.</ce:given-name><ce:surname>Zee</ce:surname><ce:e-address type="email">zee@kitp.ucsb.edu</ce:e-address></ce:author><ce:affiliation><ce:textfn>Kavli Institute for Theoretical Physics, University of California, Santa Barbara, CA 93106, USA</ce:textfn></ce:affiliation></ce:author-group><ce:date-received day="23" month="4" year="2004"/><ce:date-accepted day="30" month="4" year="2004"/><ce:miscellaneous>Editor: H. Georgi</ce:miscellaneous><ce:abstract class="author"><ce:section-title>Abstract</ce:section-title><ce:abstract-sec><ce:simple-para view="all">Does the existence of dark energy suggest that there is more to the graviton than we think we know?</ce:simple-para></ce:abstract-sec></ce:abstract></head><body><ce:sections><ce:para view="all">The word paradox has been emasculated by indiscriminate usage in the physics literature. A real paradox should involve a major and clear-cut discrepancy between theoretical expectation and experimental measurement. The ultraviolet catastrophe, for example, is a paradox, the resolution of which around the dawn of the 20th century ushered in quantum physics. Surely, the most egregious paradox of physics around the dawn of the 21st century is the cosmological constant paradox <ce:cross-ref refid="BIB001">[1]</ce:cross-ref>.</ce:para><ce:para view="all">The root of the paradox lies in a fundamental clash between Einstein's view and the particle theorist's view of gravity. To particle physicists, the graviton is just another particle, or a particular mode of the vibrating string. Indeed, given that a massless spin-2 particle couples to the stress-energy tensor, one can reconstruct Einstein's theory. According to Einstein, however, gravity has to do with the curvature of spacetime, the arena in which all fields and particles live in. The graviton is not just another particle.</ce:para><ce:para view="all">The graviton is not just another particle—it knows too much. The electromagnetic force knows about the particles carrying charge, and the strong force knows about the particles carrying color. But the gravitational force knows about anything carrying energy and momentum, including an apparently innocuous constant shift in the Lagrangian density <math altimg="si1.gif"><sc>L</sc>→<sc>L</sc>−Λ</math>.</ce:para><ce:para view="all">As is well known, the paradox can be easily described. The natural value of <ce:italic>Λ</ce:italic> in particle physics is expected by dimensional analysis to be <ce:italic>μ</ce:italic><ce:sup loc="post">4</ce:sup>=<ce:italic>μ</ce:italic>/(<ce:italic>μ</ce:italic><ce:sup loc="post">−1</ce:sup>)<ce:sup loc="post">3</ce:sup> for some relevant mass scale <ce:italic>μ</ce:italic> where the second form of writing <ce:italic>μ</ce:italic><ce:sup loc="post">4</ce:sup> reminds us that <ce:italic>Λ</ce:italic> is a mass or energy density. Whether one associates <ce:italic>μ</ce:italic> with grand unification, electroweak symmetry breaking, or the quark confinement transition and consequently has a value of order 10<ce:sup loc="post">19</ce:sup> GeV, 10<ce:sup loc="post">2</ce:sup> GeV, and 1 GeV, respectively, is immaterial. The natural value <ce:italic>Λ</ce:italic>∼<ce:italic>μ</ce:italic><ce:sup loc="post">4</ce:sup>=<ce:italic>μ</ce:italic>/(<ce:italic>μ</ce:italic><ce:sup loc="post">−1</ce:sup>)<ce:sup loc="post">3</ce:sup> is outrageous even if we take the smallest value for <ce:italic>μ</ce:italic>. We do not even have to put in actual numbers to see that there is a humongous discrepancy between theoretical expectation and observational reality. We know the universe is not permeated with a mass density of order of 1 GeV on every cube of size 1 (GeV)<ce:sup loc="post">−1</ce:sup>.</ce:para><ce:para view="all">The cosmological constant paradox is basically an enormous mismatch between the units natural to particle physics and natural to cosmology. Measured in units of GeV<ce:sup loc="post">4</ce:sup> the cosmological constant is so incredibly tiny that particle physicists have traditionally assumed that it must be mathematically zero, and have looked in vain for a plausible mechanism to drive it to zero. One of the disappointments of string theory is its inability to resolve the cosmological constant paradox.</ce:para><ce:para view="all">But Nature has a big surprise for us. While theorists racked their brains trying to come up with a convincing argument that <ce:italic>Λ</ce:italic>=0, observational cosmologists <ce:cross-refs refid="BIB002 BIB003">[2,3]</ce:cross-refs> steadily refined their measurements and changed their upper bound to an approximate equality<ce:cross-ref refid="FN001"><ce:sup loc="post">1</ce:sup></ce:cross-ref><ce:footnote id="FN001"><ce:label>1</ce:label><ce:note-para>The value 10<ce:sup loc="post">−3</ce:sup> eV does not correspond to any known mass scale in particle physics. The differences in mass squared of the 3 neutrinos have been measured experimentally to be |<ce:italic>m</ce:italic><ce:inf loc="post">3</ce:inf><ce:sup loc="post">2</ce:sup>−<ce:italic>m</ce:italic><ce:inf loc="post">2</ce:inf><ce:sup loc="post">2</ce:sup>|∼3×10<ce:sup loc="post">−3</ce:sup> eV<ce:sup loc="post">2</ce:sup> and |<ce:italic>m</ce:italic><ce:inf loc="post">2</ce:inf><ce:sup loc="post">2</ce:sup>−<ce:italic>m</ce:italic><ce:inf loc="post">1</ce:inf><ce:sup loc="post">2</ce:sup>|∼7×10<ce:sup loc="post">−5</ce:sup> eV<ce:sup loc="post">2</ce:sup> and so it is conceivable that the lightest neutrino has mass ∼10<ce:sup loc="post">−3</ce:sup> eV and that this may have something to do with the cosmological constant. In a recent paper, using a particular ansatz <ce:cross-ref refid="BIB004">[4]</ce:cross-ref> determined neutrino masses to lie in the range 10<ce:sup loc="post">−2</ce:sup> to 10<ce:sup loc="post">−4</ce:sup> eV.</ce:note-para></ce:footnote> <display><formula><ce:label>(1)</ce:label><math altimg="si2.gif">Λ∼<fen><cp type="lpar" style="s"/>10<sup loc="post">−3</sup> <rm>eV</rm><cp type="rpar" style="s"/></fen><sup loc="post">4</sup> (!!!).</math></formula></display></ce:para><ce:para view="all">The cosmological constant paradox deepens. Theoretically, it is easier to explain why some quantity is mathematically 0 than why it happens to be ∼10<ce:sup loc="post">−124</ce:sup> in the units natural (if indeed they are) to the problem.</ce:para><ce:para view="all">As is also well known, strictly speaking, we should refer to the observation of the cosmological constant as the observation of a hitherto unknown dark energy since we do not know the equation of state associated with the observed energy density (10<ce:sup loc="post">−3</ce:sup> eV)<ce:sup loc="post">4</ce:sup>.</ce:para><ce:para view="all">To make things worse, the energy density (10<ce:sup loc="post">−3</ce:sup> eV)<ce:sup loc="post">4</ce:sup> happens to be the same order of magnitude as the present matter density of the universe <ce:italic>ρ</ce:italic><ce:inf loc="post"><ce:italic>M</ce:italic></ce:inf>. This is sometimes refer as the cosmic coincidence problem. The cosmological constant <ce:italic>Λ</ce:italic> is, within our traditional understanding, a parameter in the Lagrangian. On the other hand, since most of the mass density of the universe resides in the rest mass of baryons, as the universe expands <ce:italic>ρ</ce:italic><ce:inf loc="post"><ce:italic>M</ce:italic></ce:inf>(<ce:italic>t</ce:italic>) decreases like (1/<ce:italic>R</ce:italic>(<ce:italic>t</ce:italic>))<ce:sup loc="post">3</ce:sup>, where <ce:italic>R</ce:italic>(<ce:italic>t</ce:italic>) denotes the scale size of the universe. In the far past, <ce:italic>ρ</ce:italic><ce:inf loc="post"><ce:italic>M</ce:italic></ce:inf> was much larger than <ce:italic>Λ</ce:italic>, and in the far future, it will be much smaller. It just so happens that in this particular epoch of the universe, when we are around, that <ce:italic>ρ</ce:italic><ce:inf loc="post"><ce:italic>M</ce:italic></ce:inf>∼<ce:italic>Λ</ce:italic>. Or to be less anthropocentric, the epoch when <ce:italic>ρ</ce:italic><ce:inf loc="post"><ce:italic>M</ce:italic></ce:inf>∼<ce:italic>Λ</ce:italic> happens to be when galaxy formation has been largely completed. In their desperation, some theorists have even been driven to invoke anthropic selection <ce:cross-refs refid="BIB005 BIB006 BIB007">[5–7]</ce:cross-refs>.</ce:para><ce:para view="all">My impression is that theoretical physicists outside the high energy community are not completely aware of how desperate the situation is, but people are grasping at straws and a number of outlandish suggestions have been aired. In this spirit I would like to offer a thought I have entertained for some time but did not “dare” to publish. When I wrote my recent field theory textbook I sketched <ce:cross-ref refid="BIB008">[8]</ce:cross-ref> what I had in mind in passing. It may be worthwhile to elaborate on what I wrote there and to bring it to the attention of a broader audience.</ce:para><ce:para view="all">In the development of physics, there have been numerous instances of reasoning by historical precedent or analogy. For example, when confronted with data showing that the energy of the electron in an atom is quantized physicists recalled that the vibrational frequency of a violin string is also quantized. As we all know, this turns out to be an apt analogy as both the energy of the electron and the vibrational frequency of a string are given by the eigenvalues of linear partial differential equations. I suggest that perhaps similarly we can ask if historically there have been cases of a physical quantity initially thought to be 0 but then turned out to be extremely small but not precisely 0. I suspect that the proton decay rate may be an apt example and that it may shed some light on the cosmological constant paradox.</ce:para><ce:para view="all">Let us go through the story of proton decay. To make my point I will take some liberty with history. Suppose that in 1953 some theorists were to calculate the rate <ce:italic>Γ</ce:italic> for protons to decay in the natural mode <ce:italic>p</ce:italic>→<ce:italic>e</ce:italic><ce:sup loc="post">+</ce:sup>+<ce:italic>π</ce:italic><ce:sup loc="post">0</ce:sup>. The interaction of the pion with the proton and the neutron was known to be described by a term like <math altimg="si3.gif">gπ<a valign="u"><ac>n</ac><ac>̄</ac></a>p</math> in the Lagrangian with <ce:italic>g</ce:italic> a dimensionless coupling of order 1. These theorists would naturally construct a Lagrangian out of the available fields, namely the proton field <ce:italic>p</ce:italic>, the electron field <ce:italic>e</ce:italic>, and the pion field <ce:italic>π</ce:italic>, and thus write down something like <math altimg="si4.gif">fπ<a valign="u"><ac>e</ac><ac>̄</ac></a>p</math> with some constant <ce:italic>f</ce:italic>. Note that <math altimg="si5.gif">π<a valign="u"><ac>e</ac><ac>̄</ac></a>p</math> has mass dimension 4 and hence <ce:italic>f</ce:italic> is dimensionless just like <ce:italic>g</ce:italic>. Since <math altimg="si6.gif">π<a valign="u"><ac>e</ac><ac>̄</ac></a>p</math> violates isospin invariance, the theorists would expect <ce:italic>f</ce:italic> to be suppressed relative to <ce:italic>g</ce:italic> by some measure of isospin breaking, say the fine structure constant <ce:italic>α</ce:italic>. The natural value for <ce:italic>Γ</ce:italic> would then come out to be many orders of magnitude larger than the experimental upper bound on <ce:italic>Γ</ce:italic>. The theorists would then set <ce:italic>Γ</ce:italic>=0 and cast about for an explanation. After an enormous struggle, the theorists were unable to come up with a compelling explanation and this failure became known as the proton decay rate paradox.</ce:para><ce:para view="all">Eventually, someone with great authority and prestige in the community, namely Wigner, decreed the law of baryon number conservation. Surely, even in the unthinkably primitive days of 1953 this would have been recognized as a pronouncement and not as an explanation. (The pronouncement could be dressed up formally by imposing a <ce:italic>U</ce:italic>(1) transformation under which <ce:italic>p</ce:italic>→<ce:italic>e</ce:italic><ce:sup loc="post"><ce:italic>iθ</ce:italic></ce:sup><ce:italic>p</ce:italic> while <ce:italic>e</ce:italic> and <ce:italic>π</ce:italic> do not change and requiring that the Lagrangian remains invariant.) But there would have been no deep understanding of this astonishing discrepancy between theoretical expectation and experimental upper bound.</ce:para><ce:para view="all">Indeed, imagine an alternative history in which, while other important particle physics experiments were being performed in 1957, some intrepid experimentalist, ignoring conventional theoretical wisdom, actually went out and measured the proton decay rate to be some tiny but non-zero value. The proton decay rate paradox would have deepened, much as how the cosmological constant paradox deepened with the discovery of a tiny <ce:italic>Λ</ce:italic>.</ce:para><ce:para view="all">Let us now review how the proton decay rate paradox was resolved historically. The first remark is that the eventual explanation did not emerge within the orthodox theory fashionable in 1957, nor did it come from an understanding of some kind of mechanism causing protons to decay, but rather it came totally from “left field”, from a study of baryon spectroscopy, which led to the notion of quarks. The correct degrees of freedom are not given by the proton and pion fields <ce:italic>p</ce:italic> and <ce:italic>π</ce:italic>, but by the quark fields <ce:italic>q</ce:italic>. The effective Lagrangian <math altimg="si7.gif"><sc>L</sc></math> is to be constructed out of quark <ce:italic>q</ce:italic> and lepton <ce:italic>l</ce:italic> fields and must satisfy the symmetries that we know. Three quarks disappear, so we write down schematically <ce:italic>qqq</ce:italic>, but three spinors do not a Lorentz scalar make. We have to include a lepton field and write <ce:italic>qqql</ce:italic>. Since four fermion fields are involved, these terms have mass dimension 6 and so in <math altimg="si8.gif"><sc>L</sc></math> they have to appear as (1/<ce:italic>M</ce:italic><ce:sup loc="post">2</ce:sup>)<ce:italic>qqql</ce:italic> with some mass <ce:italic>M</ce:italic>, corresponding to the mass scale of the physics responsible for proton decay. Thus, the probability of proton decay is proportional to (1/<ce:italic>M</ce:italic><ce:sup loc="post">2</ce:sup>)<ce:sup loc="post">2</ce:sup>=1/<ce:italic>M</ce:italic><ce:sup loc="post">4</ce:sup>. By dimensional reasoning, we obtain the proton decay rate <ce:italic>Γ</ce:italic>∼(<ce:italic>m</ce:italic><ce:inf loc="post"><ce:italic>p</ce:italic></ce:inf>/<ce:italic>M</ce:italic>)<ce:sup loc="post">4</ce:sup><ce:italic>m</ce:italic><ce:inf loc="post"><ce:italic>p</ce:italic></ce:inf>. The absurdly small value of <ce:italic>Γ</ce:italic> is then naturally explained by the fourth power of the small number <ce:italic>m</ce:italic><ce:inf loc="post"><ce:italic>p</ce:italic></ce:inf>/<ce:italic>M</ce:italic> for <ce:italic>M</ce:italic> big enough. No mystery left!</ce:para><ce:para view="all">Note that in principle all of this could be done as soon as Gell-Mann introduced the notion of quarks in 1964, long before anybody even dreamed of a grand unified theory with proton decay.</ce:para><ce:para view="all">As long we are discussing revisionist, but possible, history, we can imagine some brilliant theorist in another civilization far away puzzling over the proton decay rate paradox eventually realizing that the key to explaining an absurdly small number is to promote the dimension of the effective Lagrangian merely from 4 to 6. In hindsight, we can say that the extremely long lifetime of the proton could have pointed to the existence of quarks.</ce:para><ce:para view="all">I would like to raise the question whether the cosmological constant paradox might not be solved in the same way. Perhaps the gravitational field <ce:italic>g</ce:italic><ce:inf loc="post"><ce:italic>μν</ce:italic></ce:inf> is the analog of the proton and pion field <ce:italic>p</ce:italic> and <ce:italic>π</ce:italic>. The high energy and more fundamental degrees of freedom in the gravitational field may not be the metric <ce:italic>g</ce:italic><ce:inf loc="post"><ce:italic>μν</ce:italic></ce:inf>, but some mysterious analog of the quark field <ce:italic>q</ce:italic>. This may emerge as a construct in string or M-theory, or it could be something else completely. In the history of the proton decay paradox as recounted by me, there is an additional twist, namely that the degree of freedom <ce:italic>q</ce:italic> is confined and not physical. Before the advent of quantum chromodynamics, theorists could only write <ce:italic>p</ce:italic>∼<ce:italic>qqq</ce:italic>, without any clear idea about what the symbol ∼ might mean. We are in a similar position here: the metric <ce:italic>g</ce:italic><ce:inf loc="post"><ce:italic>μν</ce:italic></ce:inf> might be a composite object, but I certainly do not know what it is a composite of, and the objects of which <ce:italic>g</ce:italic><ce:inf loc="post"><ce:italic>μν</ce:italic></ce:inf> is a composite may also be as observable or as unobservable as the quarks.</ce:para><ce:para view="all">The cosmological term <math altimg="si9.gif">Λ<rad><rcd>g</rcd></rad></math> in the Lagrangian has mass dimension 0 and we somehow have to promote 0 to a higher number. One difficulty with this view is of course how we could possibly promote the dimension of the cosmological term without at the same time changing the mass dimension of the Einstein–Hilbert term <math altimg="si10.gif"><fr shape="built" align="c" style="s"><nu>1</nu><de>G</de></fr><rad><rcd>g</rcd></rad>R</math>. Our historical analogy may again be helpful: the 1953 view that the pion nucleon coupling term has dimension 4 turns out to be correct. While the dimension 4 term <math altimg="si11.gif">π<a valign="u"><ac>e</ac><ac>̄</ac></a>p</math> was replaced by the dimension 6 term <ce:italic>qqql</ce:italic> the dimension 4 term <math altimg="si12.gif">π<a valign="u"><ac>n</ac><ac>̄</ac></a>p</math> was replaced by dimension 4 terms of the form <math altimg="si13.gif"><a valign="u"><ac>q</ac><ac>̄</ac></a>Aq</math> with <ce:italic>A</ce:italic> a gluon potential. The dimension of one of the terms gets promoted while the dimension of the other term remains the same. So it is entirely conceivable to me that the cosmological constant term could end up with a higher dimension while the Einstein–Hilbert term either remains dimension 4 or is replaced by dimension 4 terms. Thus, suppose the cosmological constant term actually has dimension <ce:italic>p</ce:italic>&gt;0 so that it is given in the Lagrangian by a term of the form <math altimg="si14.gif"><fr shape="built" align="c" style="s"><nu>1</nu><de>M<sup loc="post">p−4</sup></de></fr><sc>O</sc></math> with <ce:italic>M</ce:italic> some mass scale characteristic of the deeper structure of the graviton, perhaps the same as the Planck mass, perhaps not. The observed cosmological constant would then be given by <display><formula><math altimg="si15.gif">Λ∼<fr shape="built" align="c" style="s"><nu>1</nu><de>M<sup loc="post">p−4</sup></de></fr>〈<sc>O</sc>〉=<fen><cp type="lpar" style="s"/><fr shape="built" align="c" style="s"><nu>m</nu><de>M</de></fr><cp type="rpar" style="s"/></fen><sup loc="post">p</sup>M<sup loc="post">4</sup>,</math></formula></display> where the expectation value of the operator <math altimg="si16.gif"><sc>O</sc></math> in the physical universe <math altimg="si17.gif">〈<sc>O</sc>〉=m<sup loc="post">p</sup></math> is set by physics at some low energy scale <ce:italic>m</ce:italic>. With <ce:italic>m</ce:italic> small enough, and or <ce:italic>p</ce:italic> big enough, we could easily get the suppression factor we want.</ce:para><ce:para view="all">As hinted above, I even suspect that the Lagrangian formalism, being a mathematical realization of the quasi-theological (at least historically) variational principle, may well be wrong. The cause of all our trouble is that the flat space Lagrangian <math altimg="si18.gif"><sc>L</sc></math> could always be shifted by a constant <math altimg="si19.gif"><sc>L</sc>→<sc>L</sc>−Λ</math> without changing its variation. But this also points to the mystery of quantum mechanics<ce:cross-ref refid="FN002"><ce:sup loc="post">2</ce:sup></ce:cross-ref><ce:footnote id="FN002"><ce:label>2</ce:label><ce:note-para>When I discussed the speculative idea proposed in <ce:cross-ref refid="BIB009">[9]</ce:cross-ref> with R. Feynman, he asked me if I knew of a formalism in quantum mechanics in which one could calculate the difference between two energy levels in say an atom directly (which is after all what experimentalists measure) without having to calculate the two energy levels separately and then subtract one from the other. Without gravity, only differences in energy matter.</ce:note-para></ce:footnote> because without quantum mechanics we could have lived happily with equations of motion without ever bothering with the Lagrangian.</ce:para><ce:para view="all">Another possible way to nullify the physical consequence of the shift <math altimg="si20.gif"><sc>L</sc>→<sc>L</sc>−Λ</math> is to postulate that <ce:italic>g</ce:italic>=det<ce:italic>g</ce:italic><ce:inf loc="post"><ce:italic>μν</ce:italic></ce:inf> is not a dynamical variable. This was proposed <ce:cross-ref refid="BIB009">[9]</ce:cross-ref> 20 years ago as an explanation of why <ce:italic>Λ</ce:italic> is mathematically zero. But with <ce:italic>Λ</ce:italic> now known to be tiny but non-zero this avenue seems to me less promising.</ce:para><ce:para view="all">I also could not resist mentioning another wild speculation <ce:cross-ref refid="BIB010">[10]</ce:cross-ref>. Many years ago, inspired by the almost exact correspondence between Einstein's post-Newtonian equations of gravity and Maxwell's equations of motion I proposed the gravitipole in analogy with Dirac's magnetic monopole. After Dirac there was considerable debate on how a field theory of magnetic monopoles may be formulated. Eventually, 't Hooft and Polyakov showed that the magnetic monopole exists as an extended solution in certain non-abelian gauge theories. Most theorists now believe that electromagnetism is merely a piece of a grand unified theory and that magnetic monopoles exist. Might it not turn out that Einstein's theory is but a piece of a bigger theory and that gravitipoles exist? In grand unified theory the electromagnetic field is a component of a multiplet. Could it be that the gravitational field also somehow carries an internal index and that the field we observe is just a component of a multiplet? Throwing caution to the wind, I also asked in <ce:cross-ref refid="BIB010">[10]</ce:cross-ref> if the gravitipole and the graviton might not form a representation under some dual group just as the magnetic monopole and the photon form a triplet under the dual group of Montonen and Olive <ce:cross-ref refid="BIB011">[11]</ce:cross-ref>.</ce:para><ce:para view="all">Perhaps we do not know as much about the graviton as we think we do.</ce:para></ce:sections><ce:acknowledgment><ce:section-title>Acknowledgements</ce:section-title><ce:para view="all">This work was supported in part by the National Science Foundation under grant number PHY 99-07949.</ce:para></ce:acknowledgment></body><tail><ce:bibliography view="all"><ce:section-title>References</ce:section-title><ce:bibliography-sec><ce:bib-reference id="BIB001"><ce:label>[1]</ce:label><sb:reference><sb:contribution langtype="en"><sb:authors><sb:author><ce:given-name>S.</ce:given-name><ce:surname>Weinberg</ce:surname></sb:author></sb:authors></sb:contribution><sb:host><sb:issue><sb:series><sb:title><sb:maintitle>Rev. Mod. Phys.</sb:maintitle></sb:title><sb:volume-nr>61</sb:volume-nr></sb:series><sb:date>1989</sb:date></sb:issue><sb:pages><sb:first-page>1</sb:first-page></sb:pages></sb:host></sb:reference></ce:bib-reference><ce:bib-reference id="BIB002"><ce:label>[2]</ce:label><sb:reference><sb:contribution langtype="en"><sb:authors><sb:author><ce:given-name>A.G.</ce:given-name><ce:surname>Riess</ce:surname></sb:author><sb:et-al/></sb:authors></sb:contribution><sb:host><sb:issue><sb:series><sb:title><sb:maintitle>Astron. J.</sb:maintitle></sb:title><sb:volume-nr>116</sb:volume-nr></sb:series><sb:date>1998</sb:date></sb:issue><sb:pages><sb:first-page>1009</sb:first-page></sb:pages></sb:host></sb:reference></ce:bib-reference><ce:bib-reference id="BIB003"><ce:label>[3]</ce:label><sb:reference><sb:contribution langtype="en"><sb:authors><sb:author><ce:given-name>S.</ce:given-name><ce:surname>Perlmutter</ce:surname></sb:author><sb:et-al/></sb:authors></sb:contribution><sb:host><sb:issue><sb:series><sb:title><sb:maintitle>Astrophys. J.</sb:maintitle></sb:title><sb:volume-nr>517</sb:volume-nr></sb:series><sb:date>1999</sb:date></sb:issue><sb:pages><sb:first-page>565</sb:first-page></sb:pages></sb:host></sb:reference></ce:bib-reference><ce:bib-reference id="BIB004"><ce:label>[4]</ce:label><sb:reference><sb:contribution langtype="en"><sb:authors><sb:author><ce:given-name>X.G.</ce:given-name><ce:surname>He</ce:surname></sb:author><sb:author><ce:given-name>A.</ce:given-name><ce:surname>Zee</ce:surname></sb:author></sb:authors></sb:contribution><sb:host><sb:e-host><ce:inter-ref xlink:href="arxiv:hep-ph/0302201" xlink:role="http://www.elsevier.com/xml/linking-roles/preprint" xlink:type="simple">hep-ph/0302201</ce:inter-ref></sb:e-host></sb:host></sb:reference></ce:bib-reference><ce:bib-reference id="BIB005"><ce:label>[5]</ce:label><sb:reference><sb:contribution langtype="en"><sb:authors><sb:author><ce:given-name>T.</ce:given-name><ce:surname>Banks</ce:surname></sb:author></sb:authors></sb:contribution><sb:host><sb:issue><sb:series><sb:title><sb:maintitle>Nucl. Phys. B</sb:maintitle></sb:title><sb:volume-nr>249</sb:volume-nr></sb:series><sb:date>1985</sb:date></sb:issue><sb:pages><sb:first-page>332</sb:first-page></sb:pages></sb:host></sb:reference></ce:bib-reference><ce:bib-reference id="BIB006"><ce:label>[6]</ce:label><sb:reference><sb:contribution langtype="en"><sb:authors><sb:author><ce:given-name>S.</ce:given-name><ce:surname>Weinberg</ce:surname></sb:author></sb:authors></sb:contribution><sb:host><sb:issue><sb:series><sb:title><sb:maintitle>Phys. Rev. Lett.</sb:maintitle></sb:title><sb:volume-nr>59</sb:volume-nr></sb:series><sb:date>1987</sb:date></sb:issue><sb:pages><sb:first-page>2607</sb:first-page></sb:pages></sb:host></sb:reference><sb:reference><sb:contribution langtype="en"><sb:authors><sb:author><ce:given-name>S.</ce:given-name><ce:surname>Weinberg</ce:surname></sb:author></sb:authors></sb:contribution><sb:host><sb:issue><sb:series><sb:title><sb:maintitle>Phys. Rev. D</sb:maintitle></sb:title><sb:volume-nr>61</sb:volume-nr></sb:series><sb:date>2000</sb:date></sb:issue><sb:pages><sb:first-page>103505</sb:first-page></sb:pages></sb:host></sb:reference></ce:bib-reference><ce:bib-reference id="BIB007"><ce:label>[7]</ce:label><sb:reference><sb:contribution langtype="en"><sb:authors><sb:author><ce:given-name>A.</ce:given-name><ce:surname>Vilenkin</ce:surname></sb:author></sb:authors></sb:contribution><sb:host><sb:issue><sb:series><sb:title><sb:maintitle>Phys. Rev. Lett.</sb:maintitle></sb:title><sb:volume-nr>74</sb:volume-nr></sb:series><sb:date>1995</sb:date></sb:issue><sb:pages><sb:first-page>846</sb:first-page></sb:pages></sb:host></sb:reference></ce:bib-reference><ce:bib-reference id="BIB008"><ce:label>[8]</ce:label><sb:reference><sb:comment>See p. 440 in:</sb:comment><sb:contribution langtype="en"><sb:authors><sb:author><ce:given-name>A.</ce:given-name><ce:surname>Zee</ce:surname></sb:author></sb:authors><sb:title><sb:maintitle>Quantum Field Theory in a Nutshell</sb:maintitle></sb:title></sb:contribution><sb:host><sb:book><sb:date>2003</sb:date><sb:publisher><sb:name>Princeton Univ. Press</sb:name><sb:location>Princeton, NJ</sb:location></sb:publisher></sb:book></sb:host></sb:reference></ce:bib-reference><ce:bib-reference id="BIB009"><ce:label>[9]</ce:label><ce:other-ref><ce:textref>F. Wilczek, A. Zee, unpublished</ce:textref></ce:other-ref><sb:reference><sb:contribution langtype="en"><sb:authors><sb:author><ce:given-name>A.</ce:given-name><ce:surname>Zee</ce:surname></sb:author></sb:authors><sb:title><sb:maintitle>Remarks on the Cosmological Constant Paradox</sb:maintitle></sb:title></sb:contribution><sb:host><sb:edited-book><sb:editors><sb:editor><ce:given-name>S.L.</ce:given-name><ce:surname>Mintz</ce:surname></sb:editor><sb:editor><ce:given-name>A.</ce:given-name><ce:surname>Perlmutter</ce:surname></sb:editor></sb:editors><sb:title><sb:maintitle>High Energy Physics in Honor of P.A.M. Dirac in his Eightieth Year</sb:maintitle></sb:title><sb:conference>Proceedings of the 20th Orbis Scientiae</sb:conference><sb:date>1983</sb:date><sb:publisher><sb:name>Plenum</sb:name><sb:location>New York</sb:location></sb:publisher></sb:edited-book><sb:pages><sb:first-page>211</sb:first-page></sb:pages></sb:host><sb:comment>This possibility was analyzed further in Section VI of <ce:cross-ref refid="BIB001">[1]</ce:cross-ref></sb:comment></sb:reference></ce:bib-reference><ce:bib-reference id="BIB010"><ce:label>[10]</ce:label><sb:reference><sb:contribution langtype="en"><sb:authors><sb:author><ce:given-name>A.</ce:given-name><ce:surname>Zee</ce:surname></sb:author></sb:authors></sb:contribution><sb:host><sb:issue><sb:series><sb:title><sb:maintitle>Phys. Rev. Lett.</sb:maintitle></sb:title><sb:volume-nr>55</sb:volume-nr></sb:series><sb:date>1985</sb:date></sb:issue><sb:pages><sb:first-page>2379</sb:first-page></sb:pages></sb:host></sb:reference></ce:bib-reference><ce:bib-reference id="BIB011"><ce:label>[11]</ce:label><sb:reference><sb:contribution langtype="en"><sb:authors><sb:author><ce:given-name>C.</ce:given-name><ce:surname>Montonen</ce:surname></sb:author><sb:author><ce:given-name>D.</ce:given-name><ce:surname>Olive</ce:surname></sb:author></sb:authors></sb:contribution><sb:host><sb:issue><sb:series><sb:title><sb:maintitle>Phys. Lett. B</sb:maintitle></sb:title><sb:volume-nr>72</sb:volume-nr></sb:series><sb:date>1977</sb:date></sb:issue><sb:pages><sb:first-page>117</sb:first-page></sb:pages></sb:host></sb:reference></ce:bib-reference></ce:bibliography-sec></ce:bibliography></tail></converted-article></xocs:serial-item></xocs:doc></originalText></full-text-retrieval-response>